Exam_Type,Class,language,Subject,Chapter_Name,chapter_number,Question,Question type,Marks,Year,,,,,,,,,,,,,,,,
Board,Class 12th,English,Physics,Electrostatic Potential and Capacitance,2,<p>Q. Two point charges each of \( q \) are placed at a separation of \( 2a \) the electric potential at their midpoint will be: (i) Zero (ii) \( \frac{q}{2\pi \varepsilon_0 a} \) (iii) \( \frac{q}{8\pi \varepsilon_0 a} \) (iv) \( \frac{q}{2\pi \varepsilon_0 a^2} \)</p>,Multiple Choice Question,1,2016,,,,,,,,,,,,,,,,
Board,Class 12th,English,Physics,Electric Charges and Fields,1,<p>Q. Unit of specific resistance is: (i) ohm (ii) ohm\(^{-1}\) (iii) ohm metre (iv) ohm\(^{-1}\) metre\(^{-1}\)</p>,Multiple Choice Question,1,2016,,,,,,,,,,,,,,,,
Board,Class 12th,English,Physics,Current Electricity,3,<p>Q. For measuring the current in a circuit the instrument used is: (i) Voltmeter (ii) Ammeter (iii) Galvanometer (iv) Voltameter</p>,Multiple Choice Question,1,2016,,,,,,,,,,,,,,,,
Board,Class 12th,English,Physics,Alternating Current,7,<p>Q. The device which converts the mechanical energy in to electric energy is: (i) D.C. motor (ii) a.c. dynamo (iii) transformer (iv) starter</p>,Multiple Choice Question,1,2016,,,,,,,,,,,,,,,,
Board,Class 12th,English,Physics,Electromagnetic Waves,8,<p>Q. The ozonosphere absorbs the: (i) visible light (ii) microwaves (iii) Infrared radiations (iv) ultraviolet radiations</p>,Multiple Choice Question,1,2016,,,,,,,,,,,,,,,,
Board,Class 12th,English,Physics,Ray Optics and Optical Instruments,9,<p>Q. The distance from pole of spherical mirror to its focus is called _____ of that mirror.</p>,Fill in the Blanks,1,2016,,,,,,,,,,,,,,,,
Board,Class 12th,English,Physics,Wave Optics,10,<p>Q. Resolving limit of a healthy eye is ____.</p>,Fill in the Blanks,1,2016,,,,,,,,,,,,,,,,
Board,Class 12th,English,Physics,Dual Nature of Radiation and Matter,11,<p>Q. 1 eV = _____ Joule.</p>,Fill in the Blanks,1,2016,,,,,,,,,,,,,,,,
Board,Class 12th,English,Physics,"Semiconductor Electronics: Materials, Devices and Simple Circuits",14,<p>Q. The use of zener diode is as ____.</p>,Fill in the Blanks,1,2016,,,,,,,,,,,,,,,,
Board,Class 12th,English,Physics,Wave Optics,10,<p>Q. The frequency of optical waves is of the order of ____.</p>,Fill in the Blanks,1,2016,,,,,,,,,,,,,,,,
Board,Class 12th,English,Physics,"Semiconductor Electronics: Materials, Devices and Simple Circuits",14,<p>Q. How is a P-type semi conductor formed?</p>,Very Short Answer,2,2016,,,,,,,,,,,,,,,,
Board,Class 12th,English,Physics,"Semiconductor Electronics: Materials, Devices and Simple Circuits",14,<p>Q. Write down the relation between \( \alpha \) & \( \beta \) related to amplifier.</p>,Very Short Answer,2,2016,,,,,,,,,,,,,,,,
Board,Class 12th,English,Physics,Electromagnetic Waves,8,<p>Q. Who invented the television transmission?</p>,One Word Answer,1,2016,,,,,,,,,,,,,,,,
Board,Class 12th,English,Physics,Electrostatic Potential and Capacitance,2,<p>Q. Write the S.I. unit of capacity.</p>,One Word Answer,1,2016,,,,,,,,,,,,,,,,
Board,Class 12th,English,Physics,Electromagnetic Waves,8,<p>Q. Write the name of the radiations of shortest and longest wavelength in the electromagnetic spectrum.</p>,One Word Answer,1,2016,,,,,,,,,,,,,,,,
Board,Class 12th,English,Physics,Ray Optics and Optical Instruments,9,<p>Q. What is reflection? Write the laws of reflection.</p>,Long Answer,5,2016,,,,,,,,,,,,,,,,
Board,Class 12th,English,Physics,Ray Optics and Optical Instruments,9,<p>Q. What is meant by magnification of a lens? Write its expression.</p>,Short Answer,3,2016,,,,,,,,,,,,,,,,
Board,Class 12th,English,Physics,Dual Nature of Radiation and Matter,11,<p>Q. What is photoelectric effect?</p>,Short Answer,3,2016,,,,,,,,,,,,,,,,
Board,Class 12th,English,Physics,Dual Nature of Radiation and Matter,11,<p>Q. What are de-Broglie waves? Establish the de-Broglie wavelength equation.</p>,Short Answer,3,2016,,,,,,,,,,,,,,,,
Board,Class 12th,English,Physics,Wave Optics,10,<p>Q. What is meant by 'LASER'? State its two uses.</p>,Short Answer,3,2016,,,,,,,,,,,,,,,,
Board,Class 12th,English,Physics,Moving Charges and Magnetism,4,"<p>Q. State Biot-Savart's law?</p>
<p>Q. Define the unit of current.</p>",Short Answer,3,2016,,,,,,,,,,,,,,,,
Board,Class 12th,English,Physics,Moving Charges and Magnetism,4,<p>Q. Derive expression for the intensity of magnetic field at a point in end on position due to a short bar magnet.</p>,Short Answer,3,2016,,,,,,,,,,,,,,,,
Board,Class 12th,English,Physics,Electromagnetic Induction,6,<p>Q. Derive expression for the self inductance of a solenoid. What factors affect it?</p>,Long Answer,5,2016,,,,,,,,,,,,,,,,
Board,Class 12th,English,Physics,Alternating Current,7,<p>Q. Obtain expression for an a.c. circuit \( P_{\text{av}} = V_{\text{rms}} \times I_{\text{rms}} \cos \phi \)</p>,Short Answer,3,2016,,,,,,,,,,,,,,,,
Board,Class 12th,English,Physics,Electromagnetic Waves,8,<p>Q. A T.V. antenna is of height \( h \) metre. Show that it can be used to transmit the signal up to the distance \( d = \sqrt{2hR} \) on the earth surface where \( R \) is the radius of earth.</p>,Short Answer,3,2016,,,,,,,,,,,,,,,,
Board,Class 12th,English,Physics,Wave Optics,10,<p>Q. Write down four differences between interference and diffraction.</p>,Long Answer,5,2016,,,,,,,,,,,,,,,,
Board,Class 12th,English,Physics,Ray Optics and Optical Instruments,9,<p>Q. Describe the astronomical telescope on the basis of the following points: (i) Labelled ray diagram (ii) Derivation of formula for magnifying power when final image is formed at the least distance of distinct vision.</p>,Long Answer,5,2016,,,,,,,,,,,,,,,,
Board,Class 12th,English,Physics,Ray Optics and Optical Instruments,9,<p>Q. Describe the compound microscope on the following headings: (i) Labelled ray diagram of formation of image. (ii) Magnifying power when final image is formed at least distance of distinct vision.</p>,Long Answer,5,2016,,,,,,,,,,,,,,,,
Board,Class 12th,English,Physics,"semiconductor Electronics: Materials, Devices and Simple Circuits",14,<p>Q. Differentiate analog signal and digital signal with diagrams.</p>,Short Answer,3,2016,,,,,,,,,,,,,,,,
Board,Class 12th,English,Physics,"Semiconductor Electronics: Materials, Devices and Simple Circuits",14,<p>Q. What is light emitting diode (LED)? Explain its working principle and state factors on which the colour of light emitted by it depends.</p>,Long Answer,5,2016,,,,,,,,,,,,,,,,
Board,Class 12th,English,Physics,Electrostatic Potential and Capacitance,2,<p>Q. Describe Van-de Graaff generator under the following points: (i) Labelled diagram (ii) Principle (iii) Uses (any two) (iv) Disadvantage</p>,Long Answer,5,2016,,,,,,,,,,,,,,,,
Board,Class 12th,English,Physics,Electric Charges and Fields,1,<p>Q. Prove that the electric potential at a point in broad side on position due to an electric dipole is zero.</p>,Very Short Answer,2,2016,,,,,,,,,,,,,,,,
Board,Class 12th,English,Physics,Electromagnetic Induction,6,<p>Q. The self inductance of two coils P and S are \(L_1\) and \(L_2\). The coupling between them is ideal. Show that the mutual inductance between these coils is \(M=\sqrt{L_1 L_2}\).</p>,Short Answer,3,2016,,,,,,,,,,,,,,,,
Board,Class 12th,English,Physics,Alternating Current,7,<p>Q. Deduce expressions for the resultant potential difference impedance and current in a L-R alternating circuit. Draw graph to show the phase difference between the current and voltage.</p>,Long Answer,5,2016,,,,,,,,,,,,,,,,
Board,Class 12th,English,Physics,"Semiconductor Electronics: Materials, Devices and Simple Circuits",14,<p>Q. Explain the use of P-N junction diode as full wave rectifier on the basis of the following points. (i) Labelled circuit diagram (ii) Working method (iii) Graph between input and output potential with the variation of time.</p>,Long Answer,5,2016,,,,,,,,,,,,,,,,
Board,Class 12th,English,Physics,"Semiconductor Electronics: Materials, Devices and Simple Circuits",14,<p>Q. How will you obtain OR AND gates from the NAND and NOR gates? Write symbol Boolean formula and truth table.</p>,Short Answer,3,2016,,,,,,,,,,,,,,,,
Board,Class 12th,English,Physics,Current Electricity,3,<p>Q. Describe experiment to compare the e.m.f.'s of two Cells by potentiometer under the following headings: (i) circuit diagram (ii) formula (iii) observation table (iv) two precautions.</p>,Long Answer,5,2016,,,,,,,,,,,,,,,,
Board,Class 12th,English,Physics,Current Electricity,3,<p>Q. With the help of Kirchhoff's Law explain the wheatstone's bridge principle.</p>,Short Answer,3,2016,,,,,,,,,,,,,,,,
Board,Class 12th,English,Physics,Ray Optics and Optical Instruments,9,<p>Q. Establish the refraction formula for a thin lens: \(\frac{1}{f} = (\mu - 1)\left(\frac{1}{R_1} - \frac{1}{R_2}\right)\)</p>,Short Answer,3,2016,,,,,,,,,,,,,,,,
Board,Class 12th,English,Physics,Ray Optics and Optical Instruments,9,<p>Q. Describe the displacement method to determine focal length of Convex Lens under the following headings: (i) ray diagram (ii) formula derivation (iii) Why the distance between two pins should be greater than \(4f\)?</p>,Long Answer,5,2016,,,,,,,,,,,,,,,,
Board,Class 12th,English,Physics,"Semiconductor Electronics: Materials, Devices and Simple Circuits",14,<p>Q. Optical Detector is : (i) Diode Laser (ii) Laser (iii) LED (iv) Photo Diode</p>,Multiple Choice Question,1,2017,,,,,,,,,,,,,,,,
Board,Class 12th,English,Physics,"Semiconductor Electronics: Materials, Devices and Simple Circuits",14,<p>Q. The value of current gain \( \beta \) is - (i) \( \frac{\Delta I_b}{\Delta I_c} \) (ii) \( \frac{I_b}{I_c} \) (iii) \( \frac{\Delta I_c}{\Delta I_b} \) (iv) \( \frac{I_c}{I_b} \)</p>,Multiple Choice Question,1,2017,,,,,,,,,,,,,,,,
Board,Class 12th,English,Physics,Dual Nature of Radiation and Matter,11,"<p>Q. The wavelength of a photon is 5000 Å. Its momentum will be - (i) \(1.32 \times 10^{-27} \, \text{kg} \cdot \text{meter/sec}\) (ii) \(1.5 \times 10^{-27} \, \text{kg} \cdot \text{meter/sec}\) (iii) \(2.32 \times 10^{-27} \, \text{kg} \cdot \text{meter/sec}\) (iv) \(5 \times 10^{-27} \, \text{kg} \cdot \text{meter/sec}\)</p>",Multiple Choice Question,1,2017,,,,,,,,,,,,,,,,
Board,Class 12th,English,Physics,"Semiconductor Electronics: Materials, Devices and Simple Circuits",14,<p>Q. At zero Kelvin Germenium is - (i) Superconductor (ii) Good conductor (iii) Insulator (iv) Semiconductor</p>,Multiple Choice Question,1,2017,,,,,,,,,,,,,,,,
Board,Class 12th,English,Physics,Electrostatic Potential and Capacitance,2,<p>Q. The radius of spherical conductor of 1 microfarad capacitance will be - (i) 90 km. (ii) 9 km. (iii) 9000 km. (iv) \(9 \times 10^5\) meter</p>,Multiple Choice Question,1,2017,,,,,,,,,,,,,,,,
Board,Class 12th,English,Physics,Electric Charges and Fields,1,<p>Q. _____ Electric lines of force are passing through 1 coulomb charge.</p>,Fill in the Blanks,1,2017,,,,,,,,,,,,,,,,
Board,Class 12th,English,Physics,Atoms,12,<p>Q. Rest mass of electron is _____</p>,Fill in the Blanks,1,2017,,,,,,,,,,,,,,,,
Board,Class 12th,English,Physics,Current Electricity,3,<p>Q. The frequency of Direct current is _____</p>,Fill in the Blanks,1,2017,,,,,,,,,,,,,,,,
Board,Class 12th,English,Physics,Electrostatic Potential and Capacitance,2,<p>Q. Electric potential of Earth is considered _____</p>,Fill in the Blanks,1,2017,,,,,,,,,,,,,,,,
Board,Class 12th,English,Physics,"Semiconductor Electronics: Materials, Devices and Simple Circuits",14,<p>Q. Temperature coefficient of resistance is _____ for semiconductor.</p>,Fill in the Blanks,1,2017,,,,,,,,,,,,,,,,
Board,Class 12th,English,Physics,Atoms,12,<p>Q. Which type of spectrum of neon lamp.</p>,One Word Answer,1,2017,,,,,,,,,,,,,,,,
Board,Class 12th,English,Physics,"Semiconductor Electronics: Materials, Devices and Simple Circuits",14,<p>Q. Which logic gate is represented by Boolean expression \( y = \overline{A} + \overline{B} \)?</p>,One Word Answer,1,2017,,,,,,,,,,,,,,,,
Board,Class 12th,English,Physics,Alternating Current,7,<p>Q. Why is core of transformer laminated.</p>,Short Answer,3,2017,,,,,,,,,,,,,,,,
Board,Class 12th,English,Physics,Ray Optics and Optical Instruments,9,<p>Q. Which microscope is also called reading lens.</p>,One Word Answer,1,2017,,,,,,,,,,,,,,,,
Board,Class 12th,English,Physics,Wave Optics,10,<p>Q. How does the resolving power of microscope depends on the wavelength of light used.</p>,Short Answer,3,2017,,,,,,,,,,,,,,,,
Board,Class 12th,English,Physics,Wave Optics,10,<p>Q. Write two conditions for two optical sources to become coherent source.</p>,Very Short Answer,2,2017,,,,,,,,,,,,,,,,
Board,Class 12th,English,Physics,Ray Optics and Optical Instruments,9,<p>Q. Define conjugate focci.</p>,Very Short Answer,2,2017,,,,,,,,,,,,,,,,
Board,Class 12th,English,Physics,Dual Nature of Radiation and Matter,11,<p>Q. Write the two laws of photo electric effect.</p>,Very Short Answer,2,2017,,,,,,,,,,,,,,,,
Board,Class 12th,English,Physics,Dual Nature of Radiation and Matter,11,<p>Q. What is cut off potential.</p>,Very Short Answer,2,2017,,,,,,,,,,,,,,,,
Board,Class 12th,English,Physics,Wave Optics,10,<p>Q. Give two characteristics of laser rays.</p>,Very Short Answer,2,2017,,,,,,,,,,,,,,,,
Board,Class 12th,English,Physics,Current Electricity,3,<p>Q. What is thermistor write with uses.</p>,Very Short Answer,2,2017,,,,,,,,,,,,,,,,
Board,Class 12th,English,Physics,"Semiconductor Electronics: Materials, Devices and Simple Circuits",14,<p>Q. What is superconductor write with uses.</p>,Short Answer,3,2017,,,,,,,,,,,,,,,,
Board,Class 12th,English,Physics,Ray Optics and Optical Instruments,9,<p>Q. Establish the relation between critical angle and refractive index of medium.</p>,Short Answer,3,2017,,,,,,,,,,,,,,,,
Board,Class 12th,English,Physics,Ray Optics and Optical Instruments,9,<p>Q. Write the reason for twinkling of stars.</p>,Very Short Answer,2,2017,,,,,,,,,,,,,,,,
Board,Class 12th,English,Physics,Current Electricity,3,<p>Q. Establish the relation between electric current and drift velocity.</p>,Short Answer,3,2017,,,,,,,,,,,,,,,,
Board,Class 12th,English,Physics,Current Electricity,3,<p>Q. If length of a conducting wire becomes twice when stretched. Then how many times resistance will increase calculate?</p>,Numerical Answer,3,2017,,,,,,,,,,,,,,,,
Board,Class 12th,English,Physics,Ray Optics and Optical Instruments,9,<p>Q. Deduce the formula for refractive index of material of prism.</p>,Short Answer,3,2017,,,,,,,,,,,,,,,,
Board,Class 12th,English,Physics,Ray Optics and Optical Instruments,9,<p>Q. Give the reason any lens is dipped inside the liquid then its focal length increases; why?</p>,Short Answer,3,2017,,,,,,,,,,,,,,,,
Board,Class 12th,English,Physics,Moving Charges and Magnetism,4,<p>Q. With the help of Biot-Severt's law obtain an expression for intensity of magnetic field near a straight long current carrying conductor.</p>,Long Answer,5,2017,,,,,,,,,,,,,,,,
Board,Class 12th,English,Physics,Magnetism and Matter,5,<p>Q. Derive the expression of resultant intensity of magnetic field at a point which is equidistant from poles of a small bar magnet.</p>,Short Answer,3,2017,,,,,,,,,,,,,,,,
Board,Class 12th,English,Physics,Alternating Current,7,<p>Q. Prove that : \( I_{\text{rms}} = \frac{I_0}{\sqrt{2}} \) where \( I_{\text{rms}} \) & \( I_0 \) have usual meaning.</p>,Short Answer,3,2017,,,,,,,,,,,,,,,,
Board,Class 12th,English,Physics,Electromagnetic Induction,6,<p>Q. What are eddy currents explain with experimental demonstration.</p>,Short Answer,3,2017,,,,,,,,,,,,,,,,
Board,Class 12th,English,Physics,Electromagnetic Waves,8,<p>Q. What are electromagnetic waves. Write their characteristics (any six)</p>,Long Answer,5,2017,,,,,,,,,,,,,,,,
Board,Class 12th,English,Physics,Wave Optics,10,<p>Q. Define - (a) Plane of vibration (b) Plane of polarization</p>,Short Answer,3,2017,,,,,,,,,,,,,,,,
Board,Class 12th,English,Physics,Ray Optics and Optical Instruments,9,<p>Q. Deduce the expression for magnifying power of terrestrial telescope when final image is formed at least distance of distinct vision.</p>,Short Answer,3,2017,,,,,,,,,,,,,,,,
Board,Class 12th,English,Physics,Ray Optics and Optical Instruments,9,<p>Q. Derive the expression for magnifying power of simple microscope when image is formed at least distance of distinct vision.</p>,Short Answer,3,2017,,,,,,,,,,,,,,,,
Board,Class 12th,English,Physics,Ray Optics and Optical Instruments,9,<p>Q. What is optical fibre. What are main parts of it. Explain.</p>,Short Answer,3,2017,,,,,,,,,,,,,,,,
Board,Class 12th,English,Physics,"Semiconductor Electronics: Materials, Devices and Simple Circuits",14,<p>Q. Explain OR gate and AND gate on the basis of following points : (i) Symbol (ii) Truth Table (iii) Boolean expression</p>,Short Answer,3,2017,,,,,,,,,,,,,,,,
Board,Class 12th,English,Physics,"Semiconductor Electronics: Materials, Devices and Simple Circuits",14,<p>Q. Explain flow of current in P-N junction diode as forward biasing.</p>,Short Answer,3,2017,,,,,,,,,,,,,,,,
Board,Class 12th,English,Physics,Alternating Current,7,<p>Q. Explain RC alternating circuit on the basis of following points. (i) Resultant potential difference (ii) Impedance of circuit (iii) Phase difference between resultant voltage and current.</p>,Long Answer,5,2017,,,,,,,,,,,,,,,,
Board,Class 12th,English,Physics,Alternating Current,7,<p>Q. How many types of energy loss in transformer explain.</p>,Short Answer,3,2017,,,,,,,,,,,,,,,,
Board,Class 12th,English,Physics,Electrostatic Potential and Capacitance,2,<p>Q. Deduce the electric potential at any point due to point charge.</p>,Short Answer,3,2017,,,,,,,,,,,,,,,,
Board,Class 12th,English,Physics,Electric Charges and Fields,1,<p>Q. State and prove Gauss's theorem.</p>,Short Answer,3,2017,,,,,,,,,,,,,,,,
Board,Class 12th,English,Physics,Electric Charges and Fields,1,<p>Q. The intensity of electric field \( E \) due to charge \( Q \) at distance \( r \): (i) \( E \propto r \) (ii) \( E \propto \frac{1}{r} \) (iii) \( E \propto \frac{1}{r^2} \) (iv) \( E \propto \frac{1}{r^3} \)</p>,Multiple Choice Question,1,2018,,,,,,,,,,,,,,,,
Board,Class 12th,English,Physics,Current Electricity,3,<p>Q. The resistance of an ideal ammeter should be : (i) very high (ii) very low (iii) zero (iv) infinite</p>,Multiple Choice Question,1,2018,,,,,,,,,,,,,,,,
Board,Class 12th,English,Physics,Electromagnetic Waves,8,<p>Q. Infrared rays lie between : (i) γ-rays and ultraviolet rays (ii) micro waves and visible light (iii) visible light and ultraviolet rays (iv) ultraviolet rays and X-rays</p>,Multiple Choice Question,1,2018,,,,,,,,,,,,,,,,
Board,Class 12th,English,Physics,"Semiconductor Electronics: Materials, Devices and Simple Circuits",14,"<p>Q. The P-type semiconductor is : (i) positively charged (ii) negatively charged (iii) uncharged at 0 K, but negatively charged at a high temperature (iv) uncharged</p>",Multiple Choice Question,1,2018,,,,,,,,,,,,,,,,
Board,Class 12th,English,Physics,"Semiconductor Electronics: Materials, Devices and Simple Circuits",14,<p>Q. The sound signal produced by a tunning fork is : (i) only digital (ii) only analog (iii) both analog and digital (iv) neither digital nor analog</p>,Multiple Choice Question,1,2018,,,,,,,,,,,,,,,,
Board,Class 12th,English,Physics,Electromagnetic Waves,8,<p>Q. Write two uses of gamma rays.</p>,Very Short Answer,2,2018,,,,,,,,,,,,,,,,
Board,Class 12th,English,Physics,Wave Optics,10,<p>Q. What is a polaroid? Write any two applications.</p>,Short Answer,3,2018,,,,,,,,,,,,,,,,
Board,Class 12th,English,Physics,Ray Optics and Optical Instruments,9,<p>Q. What is reflection? Write the laws of reflection.</p>,Long Answer,5,2018,,,,,,,,,,,,,,,,
Board,Class 12th,English,Physics,Ray Optics and Optical Instruments,9,<p>Q. Draw a ray diagram for the image formed by a concave mirror when the object is placed between pole and focus and write the conclusion.</p>,Long Answer,5,2018,,,,,,,,,,,,,,,,
Board,Class 12th,English,Physics,Dual Nature of Radiation and Matter,11,<p>Q. Establish Einstein's relation \( \frac{1}{2}mu^2 = h\nu - h\nu_0 \) with respect to photoelectric emission.</p>,Short Answer,3,2018,,,,,,,,,,,,,,,,
Board,Class 12th,English,Physics,Dual Nature of Radiation and Matter,11,<p>Q. The work function of a metal is 0.1 eV. Calculate the threshold frequency for photoelectric emission.</p>,Numerical Answer,3,2018,,,,,,,,,,,,,,,,
Board,Class 12th,English,Physics,Current Electricity,3,<p>Q. Explain Kirchhoff's laws of distribution of currents along with the diagram.</p>, Short Answer,3,2018,,,,,,,,,,,,,,,,
Board,Class 12th,English,Physics,Current Electricity,3,"<p>Q. How should the resistances \(2 \, \Omega\), \(3 \, \Omega\) and \(6 \, \Omega\) be connected so that the equivalent resistance is \(4 \, \Omega\)? Also draw a diagram of the combination.</p>",Short Answer,3,2018,,,,,,,,,,,,,,,,
Board,Class 12th,English,Physics,Current Electricity,3,"<p>Q. Establish the relation among electromotive force, terminal voltage and internal resistance of a cell.</p>",Short Answer,3,2018,,,,,,,,,,,,,,,,
Board,Class 12th,English,Physics,Current Electricity,3,"<p>Q. A Leclanche cell is balanced on length 280 cm of the potentiometer wire. When a Daniel cell is joined in series with this cell, the balance point is obtained at 480 cm distance. Calculate the e.m.f.s of the two cells.</p>",Numerical Answer,3,2018,,,,,,,,,,,,,,,,
Board,Class 12th,English,Physics,Ray Optics and Optical Instruments,9,"<p>Q. When two thin lenses of focal lengths \( f_1 \) and \( f_2 \) are kept in contact, prove that their combined focal length \( f \) is given by \( \frac{1}{f} = \frac{1}{f_1} + \frac{1}{f_2} \).</p>",Long Answer,5,2018,,,,,,,,,,,,,,,,
Board,Class 12th,English,Physics,Ray Optics and Optical Instruments,9,<p>Q. Prove that \( - a_\mu w \times w^\mu g_{\mu a} = 1 \) where the symbols have their usual meanings.</p>,Short Answer,3,2018,,,,,,,,,,,,,,,,
Board,Class 12th,English,Physics,Ray Optics and Optical Instruments,9,<p>Q. Write essential conditions for obtaining pure spectrum. (any three)</p>,Short Answer,3,2018,,,,,,,,,,,,,,,,
Board,Class 12th,English,Physics,Ray Optics and Optical Instruments,9,"<p>Q. From a prism of refracting angle \(60^\circ\), the angle of minimum deviation is \(30^\circ\). Calculate : (i) the angle of incidence (ii) the angle of refraction (iii) the refractive index of material of prism.</p>",Numerical Answer,3,2018,,,,,,,,,,,,,,,,
Board,Class 12th,English,Physics,Moving Charges and Magnetism,4,<p>Q. Find the expression for intensity of magnetic field produced at a point on the axis of a current carrying circular coil.</p>,Short Answer,3,2018,,,,,,,,,,,,,,,,
Board,Class 12th,English,Physics,Magnetism and Matter,5,"<p>Q. Write any four differences among diamagnetic, paramagnetic and ferromagnetic substances.</p>",Long Answer,5,2018,,,,,,,,,,,,,,,,
Board,Class 12th,English,Physics,Electromagnetic Induction,6,<p>Q. Derive expression for the self-inductance of a long solenoid. What factors affect its value?</p>,Long Answer,5,2018,,,,,,,,,,,,,,,,
Board,Class 12th,English,Physics,Alternating Current,7,<p>Q. What is the principle of choke coil? Why is the current in the choke coil called wattless current? Write its application in current control.</p>,Long Answer,5,2018,,,,,,,,,,,,,,,,
Board,Class 12th,English,Physics,Electromagnetic Waves,8,<p>Q. Derive an expression for the height of the antenna required to transmit the television signal to a distance \( d \) on the earth surface.</p>, Short Answer,3,2018,,,,,,,,,,,,,,,,
Board,Class 12th,English,Physics,Wave Optics,10,<p>Q. Write four differences between interference and diffraction.</p>,Long Answer,5,2018,,,,,,,,,,,,,,,,
Board,Class 12th,English,Physics,Ray Optics and Optical Instruments,9,"<p>Q. Draw a labelled ray diagram of compound microscope and derive the expression for magnifying power, when the final image is formed at least distance of distinct vision \( D \). What will be the length of the microscope tube in this case ?</p>",Long Answer,5,2018,,,,,,,,,,,,,,,,
Board,Class 12th,English,Physics,Ray Optics and Optical Instruments,9,"<p>Q. Draw a labelled ray diagram of Galilean telescope and derive the expression for magnifying power, when the final image is formed at least distance of distinct vision \( D \). What will be the length of the telescope tube in this case ?</p>",Long Answer,5,2018,,,,,,,,,,,,,,,,
Board,Class 12th,English,Physics,"Semiconductor Electronics: Materials, Devices and Simple Circuits",14,<p>Q. What is the principle of Semiconductor Laser? Write its any two advantages and disadvantages.</p>,Short Answer,3,2018,,,,,,,,,,,,,,,,
Board,Class 12th,English,Physics,Electromagnetic Waves,8,<p>Q. What are carrier waves? Why do we need the carrier waves of high frequency for distant communication?</p>,Short Answer,3,2018,,,,,,,,,,,,,,,,
Board,Class 12th,English,Physics,Electrostatic Potential and Capacitance,2,<p>Q. Derive expression for the capacity of a parallel plate condenser. How can its capacity be increased?</p>,Short Answer,3,2018,,,,,,,,,,,,,,,,
Board,Class 12th,English,Physics,Electric Charges and Fields,1,<p>Q. What is meant by an electric dipole? Derive an expression for electric field intensity due to an electric dipole in axial position at a point.</p>,Short Answer,3,2018,,,,,,,,,,,,,,,,
Board,Class 12th,English,Physics,Alternating Current,7,<p>Q. Determine the following in an alternating L-C-R circuit : (i) Resultant voltage (ii) Impedance in the circuit (iii) Phase difference between the resultant voltage and current.</p>,Long Answer,5,2018,,,,,,,,,,,,,,,,
Board,Class 12th,English,Physics,Alternating Current,7,<p>Q. What is a dynamo? Describe an a.c. dynamo under the following headings: (i) Principle (ii) Labelled diagram (iii) Working.</p>,Long Answer,5,2018,,,,,,,,,,,,,,,,
Board,Class 12th,English,Physics,"Semiconductor Electronics: Materials, Devices and Simple Circuits",14,"<p>Q. Explain by drawing a circuit diagram, how is a PNP transistor in common emitter configuration used as an amplifier? Also derive expression for current gain, potential gain.</p>",Long Answer,5,2018,,,,,,,,,,,,,,,,
Board,Class 12th,English,Physics,"Semiconductor Electronics: Materials, Devices and Simple Circuits",14,"<p>Q. How will you obtain AND, OR and NOR gates by using NAND and NOT gates? Write symbol, Boolean formula and truth table.</p>",Long Answer,5,2018,,,,,,,,,,,,,,,,
Board,Class 12th,English,Physics,Current Electricity,3,<p>Q. Potentiometer is also called an _____ voltmeter.</p>,Fill in the Blanks,1,2018,,,,,,,,,,,,,,,,
Board,Class 12th,English,Physics,Ray Optics and Optical Instruments,9,<p>Q. The speed of light in denser medium is _____ than speed in rarer medium.</p>,Fill in the Blanks,1,2018,,,,,,,,,,,,,,,,
Board,Class 12th,English,Physics,Ray Optics and Optical Instruments,9,<p>Q. In a Galilean telescope the eye lens is a _____ lens.</p>,Fill in the Blanks,1,2018,,,,,,,,,,,,,,,,
Board,Class 12th,English,Physics,Dual Nature of Radiation and Matter,11,<p>Q. The concept of photon was first given by _____.</p>,Fill in the Blanks,1,2018,,,,,,,,,,,,,,,,
Board,Class 12th,English,Physics,Electric Charges and Fields,1,<p>Q. Charge on an electron = _____ coulomb.</p>,Fill in the Blanks,1,2018,,,,,,,,,,,,,,,,
Board,Class 12th,English,Physics,Current Electricity,3,<p>Q. What is the direction of electron flow : from low potential to high potential or from high potential to low potential ?</p>,Very Short Answer,2,2018,,,,,,,,,,,,,,,,
Board,Class 12th,English,Physics,Wave Optics,10,<p>Q. When one can notice the phenomenon of diffraction of light ?</p>,Very Short Answer,2,2018,,,,,,,,,,,,,,,,
Board,Class 12th,English,Physics,Ray Optics and Optical Instruments,9,<p>Q. When is total internal reflection of light possible?</p>,Short Answer,3,2018,,,,,,,,,,,,,,,,
Board,Class 12th,English,Physics,"Semiconductor Electronics: Materials, Devices and Simple Circuits",14,<p>Q. What will be the effect of increasing the temperature on the conductivity of pure semiconductor?</p>, Short Answer,3,2018,,,,,,,,,,,,,,,,
Board,Class 12th,English,Physics,Electromagnetic Waves,8,<p>Q. Who invented the television transmission?</p>,One Word Answer,1,2018,,,,,,,,,,,,,,,,
Board,Class 12th,English,Physics,Current Electricity,3,<p>Q. The Specific Resistance or Resistivity of a wire depends on : (i) its length (ii) its diameter (iii) its mass (iv) its material</p>,Multiple Choice Question,1,2019,,,,,,,,,,,,,,,,
Board,Class 12th,English,Physics,Atoms,12,<p>Q. The atom is : (i) Positive charged (ii) Negative charged (iii) Uncharged (iv) Not certain</p>,Multiple Choice Question,1,2019,,,,,,,,,,,,,,,,
Board,Class 12th,English,Physics,Dual Nature of Radiation and Matter,11,<p>Q. The energy equivalent of 1 gram of substance is : (i) \(9 \times 10^{6}\) Joule (ii) \(3 \times 10^{13}\) Joule (iii) \(3 \times 10^{6}\) Joule (iv) \(9 \times 10^{13}\) Joule</p>,Multiple Choice Question,1,2019,,,,,,,,,,,,,,,,
Board,Class 12th,English,Physics,"Semiconductor Electronics: Materials, Devices and Simple Circuits",14,<p>Q. In depletion layer of P-N junction diode there are (i) Electrons (ii) Protons (iii) Immobile ions (iv) Mobile ions</p>,Multiple Choice Question,1,2019,,,,,,,,,,,,,,,,
Board,Class 12th,English,Physics,Electromagnetic Waves,8,<p>Q. The sound waves after converting into the electric waves are not directly transmitted because : (i) They travel with the speed of sound (ii) Their frequency is not constant (iii) They require antenna of large length for transmission (iv) They have high energy content</p>,Multiple Choice Question,1,2019,,,,,,,,,,,,,,,,
Board,Class 12th,English,Physics,Electric Charges and Fields,1,<p>Q. The dimensional formula of charge is ____. </p>,Fill in the Blanks,1,2019,,,,,,,,,,,,,,,,
Board,Class 12th,English,Physics,Electromagnetic Waves,8,<p>Q. The Electromagnetic waves are ____ waves.</p>,Fill in the Blanks,1,2019,,,,,,,,,,,,,,,,
Board,Class 12th,English,Physics,Dual Nature of Radiation and Matter,11,<p>Q. A ____ is associated with each moving particle.</p>,Fill in the Blanks,1,2019,,,,,,,,,,,,,,,,
Board,Class 12th,English,Physics,"Semiconductor Electronics: Materials, Devices and Simple Circuits",14,<p>Q. The resistance of semiconductor ____ on adding impurity in it.</p>,Fill in the Blanks,1,2019,,,,,,,,,,,,,,,,
Board,Class 12th,English,Physics,"Semiconductor Electronics: Materials, Devices and Simple Circuits",14,<p>Q. The majority charge carries in a N-type semiconductor are ____.</p>,Fill in the Blanks,1,2019,,,,,,,,,,,,,,,,
Board,Class 12th,English,Physics,Atoms,12,<p>Q. What is the value of fundamental charge ?</p>,Very Short Answer,2,2019,,,,,,,,,,,,,,,,
Board,Class 12th,English,Physics,Magnetism and Matter,5,<p>Q. Electromagnets are made of what materials ?</p>,Very Short Answer,2,2019,,,,,,,,,,,,,,,,
Board,Class 12th,English,Physics,Electromagnetic Induction,6,<p>Q. What is the unit of self-inductance ?</p>,One Word Answer,1,2019,,,,,,,,,,,,,,,,
Board,Class 12th,English,Physics,Wave Optics,10,<p>Q. Write the wavelength range of visible light.</p>,One Word Answer,1,2019,,,,,,,,,,,,,,,,
Board,Class 12th,English,Physics,Electromagnetic Waves,8,<p>Q. What are X-rays? Write two uses of X-rays.</p>, Short Answer,3,2019,,,,,,,,,,,,,,,,
Board,Class 12th,English,Physics,Electromagnetic Waves,8,<p>Q. Arrange the different waves present in the electromagnetic spectrum in the order of their increasing wavelengths.</p>,Very Short Answer,2,2019,,,,,,,,,,,,,,,,
Board,Class 12th,English,Physics,Dual Nature of Radiation and Matter,11,<p>Q. What is thermionic emission ?</p>,Very Short Answer,2,2019,,,,,,,,,,,,,,,,
Board,Class 12th,English,Physics,Dual Nature of Radiation and Matter,11,"<p>Q. Monochromatic light of frequency \(6.0 \times 10^{14}\) Hertz is produced by a laser. What is the energy of a photon in the light beam? \((h=6.63 \times 10^{-34} \, \text{JS})\)</p>",Numerical Answer,3,2019,,,,,,,,,,,,,,,,
Board,Class 12th,English,Physics,Current Electricity,3,"<p>Q. Three resistances \( r_1, r_2 \) and \( r_3 \) joined in parallel. Draw circuit diagram and derive expression for equivalent resistance.</p>",Long Answer,5,2019,,,,,,,,,,,,,,,,
Board,Class 12th,English,Physics,Current Electricity,3,<p>Q. Compare the resistances of two bulbs of 50 watt and 200 watt if they are at the same voltage.</p>,Short Answer,3,2019,,,,,,,,,,,,,,,,
Board,Class 12th,English,Physics,Current Electricity,3,"<p>Q. Establish the relationship between electromotive force, terminal voltage, and internal resistance.</p>",Short Answer,3,2019,,,,,,,,,,,,,,,,
Board,Class 12th,English,Physics,Ray Optics and Optical Instruments,9,<p>Q. An object is placed at 10 cm distance in front of a concave mirror of radius of curvature 20 cm. Find the position nature and magnification of the image.</p>,Numerical Answer,3,2019,,,,,,,,,,,,,,,,
Board,Class 12th,English,Physics,Ray Optics and Optical Instruments,9,<p>Q. The radii of curvature of the faces of a double convex lens are 10 cm and 15 cm and its focal length is 12 cm. What is the refractive index of glass?</p>,Numerical Answer,3,2019,,,,,,,,,,,,,,,,
Board,Class 12th,English,Physics,Current Electricity,3,<p>Q. Write the principle of Wheatstone's bridge and derive the necessary condition for the balance of Wheatstone's bridge.</p>,Short Answer,3,2019,,,,,,,,,,,,,,,,
Board,Class 12th,English,Physics,Moving Charges and Magnetism,4,<p>Q. Explain Biot-Savart law for magnetic field produced due to an element of a current carrying conductor and use it to define the SI unit of current ampere.</p>,Short Answer,3,2019,,,,,,,,,,,,,,,,
Board,Class 12th,English,Physics,Magnetism and Matter,5,<p>Q. Write four differences between electromagnet and permanent magnet.</p>,Long Answer,5,2019,,,,,,,,,,,,,,,,
Board,Class 12th,English,Physics,Electromagnetic Induction,6,<p>Q. Write Lenz's law regarding electromagnetic induction and explain how Lenz's law is equivalent to the law of conservation of energy.</p>,Long Answer,5,2019,,,,,,,,,,,,,,,,
Board,Class 12th,English,Physics,Ray Optics and Optical Instruments,9,<p>Q. Establish the relation \( \frac{1}{f} = \frac{1}{v} - \frac{1}{u} \) for a convex lens where symbols have their usual meanings.</p>,Short Answer,3,2019,,,,,,,,,,,,,,,,
Board,Class 12th,English,Physics,Ray Optics and Optical Instruments,9,<p>Q. Draw a labelled diagram of simple microscope and establish an expression for the magnifying power of simple microscope when the image formed at (i) Infinity (ii) Least distance of distinct vision.</p>,Long Answer,5,2019,,,,,,,,,,,,,,,,
Board,Class 12th,English,Physics,Wave Optics,10,<p>Q. Explain Huygen's principle of secondary wavelets.</p>,Short Answer,3,2019,,,,,,,,,,,,,,,,
Board,Class 12th,English,Physics,Wave Optics,10,<p>Q. Deduce the fringe width in the Young's double slit experiments.</p>,Short Answer,3,2019,,,,,,,,,,,,,,,,
Board,Class 12th,English,Physics,Atoms,12,<p>Q. Write postulates of Bohr's atom model.</p>,Short Answer,3,2019,,,,,,,,,,,,,,,,
Board,Class 12th,English,Physics,Nuclei,13,<p>Q. What is nuclear fusion? Why is the nuclear fusion possible only at a very high temperature and very high pressure?</p>,Short Answer,3,2019,,,,,,,,,,,,,,,,
Board,Class 12th,English,Physics,Electrostatic Potential and Capacitance,2,<p>Q. Explain series combination and parallel combination of condensers with circuit diagram and obtain expressions for equivalent capacities of both type of combinations.</p>,Long Answer,5,2019,,,,,,,,,,,,,,,,
Board,Class 12th,English,Physics,Electric Charges and Fields,1,<p>Q. Write and prove Gauss' law for a closed surface in an electric field.</p>,Long Answer,5,2019,,,,,,,,,,,,,,,,
Board,Class 12th,English,Physics,Electromagnetic Induction,6,<p>Q. Deduce expression for electromotive force induced across the ends of a conducting rod moving in an uniform magnetic field.</p>,Short Answer,3,2019,,,,,,,,,,,,,,,,
Board,Class 12th,English,Physics,Alternating Current,7,<p>Q. Describe a transformer under the following headings : (i) Labelled diagram (ii) Principle (iii) Formula of transformer ratio (iv) Any two reasons of energy loss in transformer.</p>,Long Answer,5,2019,,,,,,,,,,,,,,,,
Board,Class 12th,English,Physics,"Semiconductor Electronics: Materials, Devices and Simple Circuits",14,<p>Q. What are logic gates ? Write symbol and truth table for OR AND NOT and NAND gates.</p>,Long Answer,5,2019,,,,,,,,,,,,,,,,
Board,Class 12th,English,Physics,"Semiconductor Electronics: Materials, Devices and Simple Circuits",14,<p>Q. Define N and P-type semiconductors. Explain the working of P-N junction diode with circuit diagram in forward bias and reverse bias.</p>,Long Answer,5,2019,,,,,,,,,,,,,,,,
Board,Class 12th,English,Physics,Electric Charges and Fields,1,<p>Q. Unit of electric dipole moment is</p>,One Word Answer,1,2020,,,,,,,,,,,,,,,,
Board,Class 12th,English,Physics,Wave Optics,10,<p>Q. Equation for wave vector is</p>,One Word Answer,1,2020,,,,,,,,,,,,,,,,
Board,Class 12th,English,Physics,Ray Optics and Optical Instruments,9,<p>Q. Value of absolute refractive index of water is</p>,One Word Answer,1,2020,,,,,,,,,,,,,,,,
Board,Class 12th,English,Physics,Atoms,12,<p>Q. Atomic number is represented by</p>,One Word Answer,1,2020,,,,,,,,,,,,,,,,
Board,Class 12th,English,Physics,"Semiconductor Electronics: Materials, Devices and Simple Circuits",14,<p>Q. n-type semiconductor contains</p>,Very Short Answer,2,2020,,,,,,,,,,,,,,,,
Board,Class 12th,English,Physics,Current Electricity,3,<p>Q. S.I. unit of electric current density is _____</p>,Fill in the Blanks,1,2020,,,,,,,,,,,,,,,,
Board,Class 12th,English,Physics,Alternating Current,7,<p>Q. S.I. unit of inductive reactance \(X_L\) is _____</p>,Fill in the Blanks,1,2020,,,,,,,,,,,,,,,,
Board,Class 12th,English,Physics,Dual Nature of Radiation and Matter,11,<p>Q. The value of specific charge of electron in S.I. unit is _____ c/kg</p>,Fill in the Blanks,1,2020,,,,,,,,,,,,,,,,
Board,Class 12th,English,Physics,Atoms,12,<p>Q. The energy of electron present in ground state of Hydrogen atom is _____ eV</p>,Fill in the Blanks,1,2020,,,,,,,,,,,,,,,,
Board,Class 12th,English,Physics,"Semiconductor Electronics: Materials, Devices and Simple Circuits",14,<p>Q. No. of electrons present in the outer most orbit of Silicon (Si) atom is _____</p>,Fill in the Blanks,1,2020,,,,,,,,,,,,,,,,
Board,Class 12th,English,Physics,Moving Charges and Magnetism,4,<p>Q. The force acting on charge particle moving inside magnetic field is known as?</p>,One Word Answer,1,2020,,,,,,,,,,,,,,,,
Board,Class 12th,English,Physics,Ray Optics and Optical Instruments,9,<p>Q. The magnifying power of objective lens of compound microscope is 06 and eye lens is 05. Find the net magnifying power of compound microscope.</p>,Numerical Answer,3,2020,,,,,,,,,,,,,,,,
Board,Class 12th,English,Physics,Dual Nature of Radiation and Matter,11,<p>Q. Write the relation between energy and frequency of radiation.</p>,Short Answer,3,2020,,,,,,,,,,,,,,,,
Board,Class 12th,English,Physics,Atoms,12,<p>Q. Write the magnitude of charge present on Beta particle.</p>,One Word Answer,1,2020,,,,,,,,,,,,,,,,
Board,Class 12th,English,Physics,"Semiconductor Electronics: Materials, Devices and Simple Circuits",14,<p>Q. What is the value of energy gap for metals?</p>,One Word Answer,1,2020,,,,,,,,,,,,,,,,
Board,Class 12th,English,Physics,Electromagnetic Waves,8,<p>Q. What is the source of Gamma rays and write its use</p>,Very Short Answer,2,2020,,,,,,,,,,,,,,,,
Board,Class 12th,English,Physics,Electromagnetic Waves,8,<p>Q. What do you mean by displacement current Write its expression</p>,Very Short Answer,2,2020,,,,,,,,,,,,,,,,
Board,Class 12th,English,Physics,Dual Nature of Radiation and Matter,11,<p>Q. What do you mean by stopping potential?</p>,Very Short Answer,2,2020,,,,,,,,,,,,,,,,
Board,Class 12th,English,Physics,Dual Nature of Radiation and Matter,11,<p>Q. Write any two applications of photoelectric cell.</p>,Very Short Answer,2,2020,,,,,,,,,,,,,,,,
Board,Class 12th,English,Physics,Atoms,12,<p>Q. Write the names of five spectral series present in line spectrum of Hydrogen atom.</p>,Very Short Answer,2,2020,,,,,,,,,,,,,,,,
Board,Class 12th,English,Physics,Atoms,12,<p>Q. Who discovered the nuclear model of atom? Write the name of experiment performed by him.</p>,Short Answer,3,2020,,,,,,,,,,,,,,,,
Board,Class 12th,English,Physics,Current Electricity,3,"<p>Q. Resistance of a resistance thermometer at 0°C is \(6 \, \Omega\). At 100°C is \(7 \, \Omega\) and at unknown temperature is \(8 \, \Omega\). Find out unknown temperature.</p>",Numerical Answer,3,2020,,,,,,,,,,,,,,,,
Board,Class 12th,English,Physics,Current Electricity,3,"<p>Q. A network of \(4 \, \Omega\), \(4 \, \Omega\), and \(3 \, \Omega\) resistances are connected to a \(10 \, \text{volt}\) battery as shown in figure. Compute the equivalent resistance and current obtained from battery.</p>",Short Answer,3,2020,,,,,,,,,,,,,,,,
Board,Class 12th,English,Physics,Current Electricity,3,<p>Q. Write the comparison between resistance and specific resistance of a conductor.</p>,Short Answer,3,2020,,,,,,,,,,,,,,,,
Board,Class 12th,English,Physics,Current Electricity,3,<p>Q. Draw the labelled diagram of a meter bridge. On what principle it works?</p>,Long Answer,5,2020,,,,,,,,,,,,,,,,
Board,Class 12th,English,Physics,Ray Optics and Optical Instruments,9,<p>Q. Write the conditions for obtaining total internal reflection. Write its any two applications.</p>,Short Answer,3,2020,,,,,,,,,,,,,,,,
Board,Class 12th,English,Physics,Ray Optics and Optical Instruments,9,<p>Q. Derive the expression for combined focal length of two thin lenses kept in contact.</p>, Short Answer,3,2020,,,,,,,,,,,,,,,,
Board,Class 12th,English,Physics,Moving Charges and Magnetism,4,<p>Q. State Bio-Savart's law and define unit electric current on the basis of it.</p>,Short Answer,3,2020,,,,,,,,,,,,,,,,
Board,Class 12th,English,Physics,Magnetism and Matter,5,<p>Q. Name the elements of Earth's magnetic field. Establish the relation between them.</p>,Short Answer,3,2020,,,,,,,,,,,,,,,,
Board,Class 12th,English,Physics,Electromagnetic Induction,6,<p>Q. What do you mean by magnetic flux? Write its unit. State Faraday's law of electromagnetic induction.</p>,Long Answer,5,2020,,,,,,,,,,,,,,,,
Board,Class 12th,English,Physics,Electromagnetic Induction,6,<p>Q. What is self induction? Write the unit of self inductance. Derive an expression for energy stored in current carrying coil.</p>,Long Answer,5,2020,,,,,,,,,,,,,,,,
Board,Class 12th,English,Physics,Wave Optics,10,<p>Q. What do you understand by Interference of light? Write the factors affecting the fringe width of light.</p>,Short Answer,3,2020,,,,,,,,,,,,,,,,
Board,Class 12th,English,Physics,Wave Optics,10,<p>Q. What is meant by Polarisation of light? State Brewster's law.</p>,Short Answer,3,2020,,,,,,,,,,,,,,,,
Board,Class 12th,English,Physics,Ray Optics and Optical Instruments,9,<p>Q. The radius of curvature of a plano-convex lens is 20 cm. Refractive index of glass is 1.5. Find the focal length of the lens.</p>,Numerical Answer,3,2020,,,,,,,,,,,,,,,,
Board,Class 12th,English,Physics,Nuclei,13,<p>Q. What is radioactivity? State the law of radioactive decay.</p>,Short Answer,3,2020,,,,,,,,,,,,,,,,
Board,Class 12th,English,Physics,Nuclei,13,<p>Q. What do you understand by nuclear fission? Explain the process with the help of nuclear reaction.</p>,Short Answer,3,2020,,,,,,,,,,,,,,,,
Board,Class 12th,English,Physics,Electric Charges and Fields,1,<p>Q. What do you mean by Electric dipole? Derive an expression for Intensity of electric field at a point in end on position of electric dipole.</p>,Short Answer,3,2020,,,,,,,,,,,,,,,,
Board,Class 12th,English,Physics,Electrostatic Potential and Capacitance,2,<p>Q. Derive the expression for capacitance of a parallel plate capacitor. If a dielectric medium is placed in between the plates. How is its capacitance affected?</p>,Long Answer,5,2020,,,,,,,,,,,,,,,,
Board,Class 12th,English,Physics,Alternating Current,7,<p>Q. Describe a transformer under the following headings : (1) Kinds of transformer (2) Labelled diagram (3) Principle (4) Any 2 applications</p>,Long Answer,5,2020,,,,,,,,,,,,,,,,
Board,Class 12th,English,Physics,Alternating Current,7,<p>Q. What is Dynamo ? Draw a labelled diagram and describe the working of an AC dynamo</p>,Long Answer,5,2020,,,,,,,,,,,,,,,,
Board,Class 12th,English,Physics,"Semiconductor Electronics: Materials, Devices and Simple Circuits",14,<p>Q. What is rectifier? Name different kinds of rectifier. Describe the pn junction diode as an half wave rectifier.</p>,Long Answer,5,2020,,,,,,,,,,,,,,,,
Board,Class 12th,English,Physics,"Semiconductor Electronics: Materials, Devices and Simple Circuits",14,<p>Q. What is NAND gate? Draw Symbol. Write truth table and draw its output single in wave form</p>,Long Answer,5,2020,,,,,,,,,,,,,,,,
Board,Class 12th,English,Physics,"Semiconductor Electronics: Materials, Devices and Simple Circuits",14,<p>Q. Which is used as a voltage regulator ? (i) Transformer (ii) Transistor (iii) Zener diode (iv) Photodiode</p>,Multiple Choice Question,1,2022,,,,,,,,,,,,,,,,
Board,Class 12th,English,Physics,"Semiconductor Electronics: Materials, Devices and Simple Circuits",14,<p>Q. The Ohmic resistance is : (i) Transistor (ii) Copper wire (iii) Light emitting diode (iv) Junction diode</p>,Multiple Choice Question,1,2022,,,,,,,,,,,,,,,,
Board,Class 12th,English,Physics,Ray Optics and Optical Instruments,9,<p>Q. The focal length of eye in compound microscope _____ the focal length of the objective. (i) is less than (ii) is more than (iii) is equal (iv) None of these</p>,Fill in the Blanks,1,2022,,,,,,,,,,,,,,,,
Board,Class 12th,English,Physics,Electric Charges and Fields,1,<p>Q. The minimum charge on a proton is : (i) \(1.6 \times 10^{-6} \mathrm{C}\) (ii) \(1.6 \times 10^{-10} \mathrm{C}\) (iii) \(1.6 \times 10^{-19} \mathrm{C}\) (iv) \(6.02 \times 10^{23} \mathrm{C}\)</p>,Multiple Choice Question,1,2022,,,,,,,,,,,,,,,,
Board,Class 12th,English,Physics,Electromagnetic Induction,6,<p>Q. The self inductance of coil does not depend on : (i) the length of coil (ii) the current on the coil (iii) the radius of coil (iv) the number of turns of coil</p>,Multiple Choice Question,1,2022,,,,,,,,,,,,,,,,
Board,Class 12th,English,Physics,Alternating Current,7,<p>Q. The transformer is based on the principle : (i) Self Induction (ii) Mutual Induction (iii) Electromagnetic waves (iv) None of the above</p>,Multiple Choice Question,1,2022,,,,,,,,,,,,,,,,
Board,Class 12th,English,Physics,Electromagnetic Waves,8,<p>Q. Electromagnetic waves are produced by : (i) an accelerated charge (ii) a static charge (iii) moving a charge with uniform velocity (iv) a current carrying conductor</p>,Multiple Choice Question,1,2022,,,,,,,,,,,,,,,,
Board,Class 12th,English,Physics,Electromagnetic Waves,8,<p>Q. The maximum frequency wave in electromagnetic waves is _____</p>,Fill in the Blanks,1,2022,,,,,,,,,,,,,,,,
Board,Class 12th,English,Physics,Current Electricity,3,<p>Q. Meter bridge is based on the principle of ____.</p>,Fill in the Blanks,1,2022,,,,,,,,,,,,,,,,
Board,Class 12th,English,Physics,Ray Optics and Optical Instruments,9,<p>Q. An air bubble inside water behaves like as _____ lens.</p>,Fill in the Blanks,1,2022,,,,,,,,,,,,,,,,
Board,Class 12th,English,Physics,"Semiconductor Electronics: Materials, Devices and Simple Circuits",14,<p>Q. The Boolean expression of NAND gate is _____.</p>,Fill in the Blanks,1,2022,,,,,,,,,,,,,,,,
Board,Class 12th,English,Physics,Wave Optics,10,<p>Q. The causes of blue colour of sky is _____</p>,Fill in the Blanks,1,2022,,,,,,,,,,,,,,,,
Board,Class 12th,English,Physics,Current Electricity,3,<p>Q. The voltmeter is always connected _____ in an electric circuit.</p>,Fill in the Blanks,1,2022,,,,,,,,,,,,,,,,
Board,Class 12th,English,Physics,Current Electricity,3,<p>Q. Write any two limitations of Ohm's law.</p>,Very Short Answer,2,2022,,,,,,,,,,,,,,,,
Board,Class 12th,English,Physics,Current Electricity,3,<p>Q. Write Kirchoff's Voltage law.</p>,Very Short Answer,2,2022,,,,,,,,,,,,,,,,
Board,Class 12th,English,Physics,Moving Charges and Magnetism,4,<p>Q. What is Lorentz force ?</p>,Very Short Answer,2,2022,,,,,,,,,,,,,,,,
Board,Class 12th,English,Physics,Current Electricity,3,<p>Q. Define one Ampere.</p>,Very Short Answer,2,2022,,,,,,,,,,,,,,,,
Board,Class 12th,English,Physics,Wave Optics,10,<p>Q. The polarising angle of a transparent medium is \(30^{\circ}\). Calculate the angle of refraction.</p>,Numerical Answer,3,2022,,,,,,,,,,,,,,,,
Board,Class 12th,English,Physics,Wave Optics,10,"<p>Q. The diameter of objective lens of a Telescope is 1 meter. Calculate its resolving power for the light of wavelength \( 4538 \, \text{Å} \).</p>",Numerical Answer,3,2022,,,,,,,,,,,,,,,,
Board,Class 12th,English,Physics,Electromagnetic Induction,6,<p>Q. Write Faraday's second law of electromagnetic induction.</p>,Very Short Answer,2,2022,,,,,,,,,,,,,,,,
Board,Class 12th,English,Physics,Electromagnetic Induction,6,<p>Q. Differentiate between Self Induction and Mutual Induction. (any two)</p>,Very Short Answer,2,2022,,,,,,,,,,,,,,,,
Board,Class 12th,English,Physics,Electric Charges and Fields,1,<p>Q. Show that the electric flux passing through a surface parallel to the electric field is zero.</p>,Short Answer,3,2022,,,,,,,,,,,,,,,,
Board,Class 12th,English,Physics,Electric Charges and Fields,1,<p>Q. Describe the electric field and electric potential inside the charged conductor.</p>, Short Answer,3,2022,,,,,,,,,,,,,,,,
Board,Class 12th,English,Physics,Ray Optics and Optical Instruments,9,"<p>Q. On what factors, does the refractive index of a medium depend? (any two)</p>",Very Short Answer,2,2022,,,,,,,,,,,,,,,,
Board,Class 12th,English,Physics,Dual Nature of Radiation and Matter,11,<p>Q. What is stopping potential ?</p>,Very Short Answer,2,2022,,,,,,,,,,,,,,,,
Board,Class 12th,English,Physics,Dual Nature of Radiation and Matter,11,<p>Q. Write any two characteristics of matter waves.</p>,Very Short Answer,2,2022,,,,,,,,,,,,,,,,
Board,Class 12th,English,Physics,"Semiconductor Electronics: Materials, Devices and Simple Circuits",14,<p>Q. Draw the truth table of NAND gate and explain it.</p>,Short Answer,3,2022,,,,,,,,,,,,,,,,
Board,Class 12th,English,Physics,"Semiconductor Electronics: Materials, Devices and Simple Circuits",14,<p>Q. Write the differences between N-type and P-type semiconductors. (any two)</p>,Very Short Answer,2,2022,,,,,,,,,,,,,,,,
Board,Class 12th,English,Physics,Current Electricity,3,"<p>Q. In an electrical circuit, resistances \( R_{1} \) and \( R_{2} \) are combined in parallel, then prove that the equivalent resistance is \( R_{eq}=\frac{R_{1} R_{2}}{R_{1}+R_{2}} \).</p>",Short Answer,3,2022,,,,,,,,,,,,,,,,
Board,Class 12th,English,Physics,Current Electricity,3,<p>Q. Draw the labelled diagram of a meter bridge. On which principle it works? Write any two precautions.</p>,Long Answer,5,2022,,,,,,,,,,,,,,,,
Board,Class 12th,English,Physics,Current Electricity,3,<p>Q. Describe the principle of Potentiometer with electrical circuit.</p>,Short Answer,3,2022,,,,,,,,,,,,,,,,
Board,Class 12th,English,Physics,Ray Optics and Optical Instruments,9,<p>Q. Write differences between Simple Microscope and Astronomical Telescope. (any three)</p>,Short Answer,3,2022,,,,,,,,,,,,,,,,
Board,Class 12th,English,Physics,Ray Optics and Optical Instruments,9,"<p>Q. Combine two thin convex lens be mutual contact, then prove that the focal length of combine lens \( F=\frac{f_{1} f_{2}}{f_{1}+f_{2}} \) whereas, \( f_{1} \) and \( f_{2} \) are the focal length for it.</p>",Short Answer,3,2022,,,,,,,,,,,,,,,,
Board,Class 12th,English,Physics,Alternating Current,7,<p>Q. A step-down transformer changes the transmitted line voltage from 11000 Volt to 440 Volt. The number of turns in the primary coil is 8000. Find the number of turns in the secondary coil.</p>,Numerical Answer,3,2022,,,,,,,,,,,,,,,,
Board,Class 12th,English,Physics,Electromagnetic Induction,6,"<p>Q. Calculate the energy stored in a coil of inductance \( L = 100 \, \text{H} \) due to flow of current \( I = 4 \, \text{A} \) in it.</p>",Numerical Answer,3,2022,,,,,,,,,,,,,,,,
Board,Class 12th,English,Physics,"Semiconductor Electronics: Materials, Devices and Simple Circuits",14,"<p>Q. What is meant by logic gates? Write Symbol, Boolean formula and Truth table for OR, AND and NOR gates.</p>",Long Answer,5,2022,,,,,,,,,,,,,,,,
Board,Class 12th,English,Physics,"Semiconductor Electronics: Materials, Devices and Simple Circuits",14,<p>Q. What is P-N junction diode? How does diode used as a forward bias? Explain.</p>,Long Answer,5,2022,,,,,,,,,,,,,,,,
Board,Class 12th,English,Physics,Electrostatic Potential and Capacitance,2,<p>Q. What is a capacitor? Establish an expression for finding capacitance of the parallel plate capacitor.</p>,Short Answer,3,2022,,,,,,,,,,,,,,,,
Board,Class 12th,English,Physics,Electric Charges and Fields,1,<p>Q. What is an electric dipole? Establish an expression for finding electric field intensity of an electric dipole for equatorial position.</p>,Short Answer,3,2022,,,,,,,,,,,,,,,,
Board,Class 12th,English,Physics,Alternating Current,7,<p>Q. What is an A.C. generator? Draw a labelled diagram and describe the working of A.C. dynamo.</p>,Long Answer,5,2022,,,,,,,,,,,,,,,,
Board,Class 12th,English,Physics,Alternating Current,7,<p>Q. Describe the following points in an L-C-R circuit : (1) Electrical circuit (2) Phasor diagram (3) Resultant voltage (4) Impedance (5) Phase difference</p>,Long Answer,5,2022,,,,,,,,,,,,,,,,
Board,Class 12th,English,Physics,Ray Optics and Optical Instruments,9,<p>Q. How does focal length of lens depends the power of lens ?</p>,Very Short Answer,2,2022,,,,,,,,,,,,,,,,
Board,Class 12th,English,Physics,"Semiconductor Electronics: Materials, Devices and Simple Circuits",14,<p>Q. Which gate is known as inversion gate ?</p>,One Word Answer,1,2022,,,,,,,,,,,,,,,,
Board,Class 12th,English,Physics,Electromagnetic Induction,6,"<p>Q. On which theory, Lenz's law is based ?</p>",Very Short Answer,2,2022,,,,,,,,,,,,,,,,
Board,Class 12th,English,Physics,Dual Nature of Radiation and Matter,11,<p>Q. What is threshold frequency ?</p>,Very Short Answer,2,2022,,,,,,,,,,,,,,,,
Board,Class 12th,English,Physics,Ray Optics and Optical Instruments,9,<p>Q. How can increase the magnification power of Astronomical telescope ?</p>,Very Short Answer,2,2022,,,,,,,,,,,,,,,,
Board,Class 12th,English,Physics,Electrostatic Potential and Capacitance,2,<p>Q. What is the effect of insulated medium on the potential ?</p>,Very Short Answer,2,2022,,,,,,,,,,,,,,,,
Board,Class 12th,English,Physics,Electromagnetic Waves,8,<p>Q. What is the reason for origin of Displacement current ?</p>, Short Answer,3,2022,,,,,,,,,,,,,,,,
Board,Class 12th,English,Physics,Current Electricity,3,<p>Q. S.I. unit of current density is - (i) Coluomb / meter (ii) Ampere/meter² (iii) Coluomb / meter² (iv) Ampere / meter</p>,Multiple Choice Question,1,2023,,,,,,,,,,,,,,,,
Board,Class 12th,English,Physics,Alternating Current,7,<p>Q. The phase difference between flowing current and applied voltage in alternating circuit containing pure capacitor is - (i) 0 (ii) 1 (iii) \(\frac{\pi}{2}\) (iv) -\(\frac{\pi}{2}\)</p>,Multiple Choice Question,1,2023,,,,,,,,,,,,,,,,
Board,Class 12th,English,Physics,Atoms,12,<p>Q. Bhabha Atomic Research Centre is situated in - (i) New Delhi (ii) Mumbai (iii) Kolkata (iv) Bangalore</p>,Multiple Choice Question,1,2023,,,,,,,,,,,,,,,,
Board,Class 12th,English,Physics,"Semiconductor Electronics: Materials, Devices and Simple Circuits",14,"<p>Q. Forbidden energy gap for Germanium semi conductor is - (i) \(1.1 \, \text{eV}\) (ii) \(1.9 \, \text{eV}\) (iii) \(0.72 \, \text{eV}\) (iv) \(0.75 \, \text{eV}\)</p>",Multiple Choice Question,1,2023,,,,,,,,,,,,,,,,
Board,Class 12th,English,Physics,"Semiconductor Electronics: Materials, Devices and Simple Circuits",14,<p>Q. Which device is used as a rectifier? (i) Junction diode (ii) Transformer (iii) Zener diode (iv) Photo diode</p>,Multiple Choice Question,1,2023,,,,,,,,,,,,,,,,
Board,Class 12th,English,Physics,Ray Optics and Optical Instruments,9,<p>Q. The focal length of eye piece in telescope _____ the focal length of the objective. (i) is less than (ii) is more than (iii) is equal (iv) none of these</p>,Fill in the Blanks,1,2023,,,,,,,,,,,,,,,,
Board,Class 12th,English,Physics,Atoms,12,<p>Q. The mass of a Neutron is - (i) \(1.67 \times 10^{-31}\) kg (ii) \(1.67 \times 10^{-27}\) kg (iii) \(1.67 \times 10^{-9}\) kg (iv) \(1.67 \times 10^{-23}\) kg</p>,Multiple Choice Question,1,2023,,,,,,,,,,,,,,,,
Board,Class 12th,English,Physics,Current Electricity,3,<p>Q. The ohmic resistance of an ideal inductance is _____.</p>,Fill in the Blanks,1,2023,,,,,,,,,,,,,,,,
Board,Class 12th,English,Physics,Current Electricity,3,<p>Q. The frequency of a Direct Current is ____.</p>,Fill in the Blanks,1,2023,,,,,,,,,,,,,,,,
Board,Class 12th,English,Physics,Electromagnetic Waves,8,<p>Q. Electromagnetic wave of highest frequency is ____.</p>,Fill in the Blanks,1,2023,,,,,,,,,,,,,,,,
Board,Class 12th,English,Physics,Wave Optics,10,<p>Q. The frequency of the light wave is order of ____.</p>,Fill in the Blanks,1,2023,,,,,,,,,,,,,,,,
Board,Class 12th,English,Physics,Ray Optics and Optical Instruments,9,<p>Q. The velocity of light _____ when it goes to rare medium to denser.</p>,Fill in the Blanks,1,2023,,,,,,,,,,,,,,,,
Board,Class 12th,English,Physics,Moving Charges and Magnetism,4,<p>Q. Magnetic field is a _____ quantity.</p>,Fill in the Blanks,1,2023,,,,,,,,,,,,,,,,
Board,Class 12th,English,Physics,Current Electricity,3,<p>Q. The _____ of the galvanometer is reduced by the use of shunt.</p>,Fill in the Blanks,1,2023,,,,,,,,,,,,,,,,
Board,Class 12th,English,Physics,Dual Nature of Radiation and Matter,11,<p>Q. What is threshold frequency?</p>,Very Short Answer,2,2023,,,,,,,,,,,,,,,,
Board,Class 12th,English,Physics,Wave Optics,10,<p>Q. What is diffraction?</p>,Very Short Answer,2,2023,,,,,,,,,,,,,,,,
Board,Class 12th,English,Physics,Ray Optics and Optical Instruments,9,<p>Q. What is the unit of power of lens?</p>,Very Short Answer,2,2023,,,,,,,,,,,,,,,,
Board,Class 12th,English,Physics,Magnetism and Matter,5,<p>Q. What is direction of magnetic dipole moment of a Magnet?</p>,Very Short Answer,2,2023,,,,,,,,,,,,,,,,
Board,Class 12th,English,Physics,Current Electricity,3,<p>Q. How Galvanometer is changed in a voltmeter?</p>,Very Short Answer,2,2023,,,,,,,,,,,,,,,,
Board,Class 12th,English,Physics,Current Electricity,3,<p>Q. What is the affect of temperature on drift velocity?</p>,Very Short Answer,2,2023,,,,,,,,,,,,,,,,
Board,Class 12th,English,Physics,Dual Nature of Radiation and Matter,11,<p>Q. Give relations between energy and frequency of a radiation.</p>,Very Short Answer,2,2023,,,,,,,,,,,,,,,,
Board,Class 12th,English,Physics,Electromagnetic Waves,8,<p>Q. Infrared radiation is invented by scientist Retar.</p>,True False,1,2023,,,,,,,,,,,,,,,,
Board,Class 12th,English,Physics,"Semiconductor Electronics: Materials, Devices and Simple Circuits",14,<p>Q. In an intrinsic semiconductor the number of free electron is equal to the number of holes.</p>,True False,1,2023,,,,,,,,,,,,,,,,
Board,Class 12th,English,Physics,Current Electricity,3,<p>Q. Voltmeter is more superior to potentiometer.</p>,True False,1,2023,,,,,,,,,,,,,,,,
Board,Class 12th,English,Physics,Dual Nature of Radiation and Matter,11,<p>Q. De-broglie waves are an electromagnetic wave.</p>,True False,1,2023,,,,,,,,,,,,,,,,
Board,Class 12th,English,Physics,Atoms,12,<p>Q. Atom is a positive particle.</p>,True False,1,2023,,,,,,,,,,,,,,,,
Board,Class 12th,English,Physics,Alternating Current,7,<p>Q. The average power supplied to an inductor over one complete cycle is zero.</p>,True False,1,2023,,,,,,,,,,,,,,,,
Board,Class 12th,English,Physics,Electromagnetic Waves,8,<p>Q. Working of microwave oven is based on Radio wave.</p>,True False,1,2023,,,,,,,,,,,,,,,,
Board,Class 12th,English,Physics,Dual Nature of Radiation and Matter,11,<p>Q. What is Photoelectric effect ? Write Einstein photo electric equation.</p>,Short Answer,3,2023,,,,,,,,,,,,,,,,
Board,Class 12th,English,Physics,Dual Nature of Radiation and Matter,11,<p>Q. What is de-broglie matter wave Write de-broglie wave relation.</p>,Short Answer,3,2023,,,,,,,,,,,,,,,,
Board,Class 12th,English,Physics,Atoms,12,<p>Q. Write any two Postulate of Bohr's model.</p>,Very Short Answer,2,2023,,,,,,,,,,,,,,,,
Board,Class 12th,English,Physics,Atoms,12,<p>Q. Who discovered the nucleus model of atom? Draw its diagram.</p>,Short Answer,3,2023,,,,,,,,,,,,,,,,
Board,Class 12th,English,Physics,Atoms,12,<p>Q. What is isotopes? Write any two isotopes of hydrogen atom.</p>,Very Short Answer,2,2023,,,,,,,,,,,,,,,,
Board,Class 12th,English,Physics,Atoms,12,<p>Q. What is Isobar? Give example.</p>,Very Short Answer,2,2023,,,,,,,,,,,,,,,,
Board,Class 12th,English,Physics,Electric Charges and Fields,1,<p>Q. What is a fundamental charge? Write its value.</p>,Very Short Answer,2,2023,,,,,,,,,,,,,,,,
Board,Class 12th,English,Physics,Electric Charges and Fields,1,<p>Q. Where will an electron move in an electric field either high potential side or low potential side? and why?</p>,Very Short Answer,2,2023,,,,,,,,,,,,,,,,
Board,Class 12th,English,Physics,Current Electricity,3,<p>Q. What is an electric cell? give example.</p>,Very Short Answer,2,2023,,,,,,,,,,,,,,,,
Board,Class 12th,English,Physics,Current Electricity,3,<p>Q. Write Ohm's law and also draw graph between voltage and current.</p>,Short Answer,3,2023,,,,,,,,,,,,,,,,
Board,Class 12th,English,Physics,Moving Charges and Magnetism,4,<p>Q. Write Bio-savart expansion in vector form.</p>,One Word Answer,1,2023,,,,,,,,,,,,,,,,
Board,Class 12th,English,Physics,Moving Charges and Magnetism,4,<p>Q. Why there is no end point of magnetic field lines?</p>,Very Short Answer,2,2023,,,,,,,,,,,,,,,,
Board,Class 12th,English,Physics,Current Electricity,3,<p>Q. A light bulb is rated at 200 W for a 220 V supply. Find the resistance of the bulb.</p>,Numerical Answer,3,2023,,,,,,,,,,,,,,,,
Board,Class 12th,English,Physics,Alternating Current,7,<p>Q. A light bulb is related at 200 W for a 220 V supply. Find the rms current through the bulb.</p>,Numerical Answer,3,2023,,,,,,,,,,,,,,,,
Board,Class 12th,English,Physics,Ray Optics and Optical Instruments,9,<p>Q. What is Conjugate focus?</p>,Very Short Answer,2,2023,,,,,,,,,,,,,,,,
Board,Class 12th,English,Physics,Ray Optics and Optical Instruments,9,<p>Q. Write any two difference between refractive telescope and refractive reflective telescope.</p>,Very Short Answer,2,2023,,,,,,,,,,,,,,,,
Board,Class 12th,English,Physics,Current Electricity,3,<p>Q. Compare the resistance of 100 watt and 400 watt of two bulbs if their voltage is same.</p>,Very Short Answer,2,2023,,,,,,,,,,,,,,,,
Board,Class 12th,English,Physics,Current Electricity,3,<p>Q. What will be the resistance of a wire if their length change to half of their original length and cross sectional area change two times of original?</p>,Numerical Answer,3,2023,,,,,,,,,,,,,,,,
Board,Class 12th,English,Physics,Ray Optics and Optical Instruments,9,<p>Q. The radii of curvatures of the focus of a double convex lens are 10 cm and 15 cm its focal length is 12 cm. What is the refractive index of glass? (refractive index of air = 1)</p>,Numerical Answer,3,2023,,,,,,,,,,,,,,,,
Board,Class 12th,English,Physics,Ray Optics and Optical Instruments,9,<p>Q. A convex lens has 20 cm focal length in air. What is focal length in water? (Refractive index of air-water = 1.33 refractive index for air-glass = 1.5)</p>,Numerical Answer,3,2023,,,,,,,,,,,,,,,,
Board,Class 12th,English,Physics,Electric Charges and Fields,1,<p>Q. Derive an expression for the Coulomb's law of electrostatic by Gauss law.</p>,Short Answer,3,2023,,,,,,,,,,,,,,,,
Board,Class 12th,English,Physics,Current Electricity,3,<p>Q. What is Capacity of a conductor? Write the factor affecting the capacity of a conductor.</p>,Short Answer,3,2023,,,,,,,,,,,,,,,,
Board,Class 12th,English,Physics,Current Electricity,3,<p>Q. Write any three differences between electromotive force and potential difference.</p>,Short Answer,3,2023,,,,,,,,,,,,,,,,
Board,Class 12th,English,Physics,Current Electricity,3,<p>Q. Write any three differences between Resistance and Specific Resistance.</p>,Short Answer,3,2023,,,,,,,,,,,,,,,,
Board,Class 12th,English,Physics,"Semiconductor Electronics: Materials, Devices and Simple Circuits",14,<p>Q. Write the differences between intrinsic semiconductor and extrinsic semiconductor.</p>,Short Answer,3,2023,,,,,,,,,,,,,,,,
Board,Class 12th,English,Physics,"Semiconductor Electronics: Materials, Devices and Simple Circuits",14,<p>Q. What is P-N junction diode? Describe its use as a full wave rectifier with diagram.</p>,Long Answer,5,2023,,,,,,,,,,,,,,,,
Board,Class 12th,English,Physics,Ray Optics and Optical Instruments,9,<p>Q. Derive an expression for the refractive index of glass prism. \( \mu = \frac{\sin\left(\frac{A + S_m}{2}\right)}{\sin\left(\frac{A}{2}\right)} \)</p>,Short Answer,3,2023,,,,,,,,,,,,,,,,
Board,Class 12th,English,Physics,Ray Optics and Optical Instruments,9,<p>Q. Derive lens maker formula for thin lens. \( \frac{1}{f} = (\mu_{21}-1)\left(\frac{1}{R_1}-\frac{1}{R_2}\right) \)</p>,Short Answer,3,2023,,,,,,,,,,,,,,,,
Board,Class 12th,English,Physics,Electromagnetic Induction,6,<p>Q. What is Self inductance? Derive an expression for the self inductance of solenoid. Also write the factor affecting it.</p>,Long Answer,5,2023,,,,,,,,,,,,,,,,
Board,Class 12th,English,Physics,Alternating Current,7,<p>Q. What is Transformer? Describe its principle and different types of energy losses in it.</p>,Long Answer,5,2023,,,,,,,,,,,,,,,,
Board,Class 12th,English,Physics,Electric Charges and Fields,1,<p>Q. The electric dipole moment per unit volume of a substance is called - (i) Electric field (ii) Polarisation (iii) Potential (iv) Electric capacitance</p>,Multiple Choice Question,1,2024,,,,,,,,,,,,,,,,
Board,Class 12th,English,Physics,Current Electricity,3,<p>Q. The specific resistance of a wire depends on which of the following factors? (i) Material of wire (ii) Diameter of wire (iii) Length of wire (iv) Mass of wire</p>,Multiple Choice Question,1,2024,,,,,,,,,,,,,,,,
Board,Class 12th,English,Physics,Moving Charges and Magnetism,4,<p>Q. Who discovered the magnetic effect of current ? (i) Ampere (ii) Lorentz (iii) Faraday (iv) Oersted</p>,Multiple Choice Question,1,2024,,,,,,,,,,,,,,,,
Board,Class 12th,English,Physics,Ray Optics and Optical Instruments,9,<p>Q. The correct relationship between the radius of curvature \( R \) and focal length \( f \) of a spherical mirror is ______ . (i) \( R=2f \) (ii) \( f=2R \) (iii) \( R=\frac{f}{2} \) (iv) \( R=\frac{1}{f} \)</p>,Fill in the Blanks,1,2024,,,,,,,,,,,,,,,,
Board,Class 12th,English,Physics,Atoms,12,<p>Q. \( _1^3\text{H} \) and \( _2^3\text{He} \) atoms are examples of which of the following concept? (i) Isotope (ii) Isotone (iii) Isobar (iv) Radioactivity</p>,Multiple Choice Question,1,2024,,,,,,,,,,,,,,,,
Board,Class 12th,English,Physics,"Semiconductor Electronics: Materials, Devices and Simple Circuits",14,<p>Q. In depletion layer of p-n junction diode there are - (i) Electron (ii) Protons (iii) Mobile ions (iv) Immobile ions</p>,Multiple Choice Question,1,2024,,,,,,,,,,,,,,,,
Board,Class 12th,English,Physics,Electrostatic Potential and Capacitance,2,<p>Q. Potential ______ on moving along the direction of electric field.</p>,Fill in the Blanks,1,2024,,,,,,,,,,,,,,,,
Board,Class 12th,English,Physics,Magnetism and Matter,5,<p>Q. The substances which have negative magnetic tendency are called ______ substances.</p>,Fill in the Blanks,1,2024,,,,,,,,,,,,,,,,
Board,Class 12th,English,Physics,Electromagnetic Waves,8,<p>Q. Variable electric field produce ______ current.</p>,Fill in the Blanks,1,2024,,,,,,,,,,,,,,,,
Board,Class 12th,English,Physics,Ray Optics and Optical Instruments,9,<p>Q. In reflective telescope a concave mirror is used as an ______ .</p>,Fill in the Blanks,1,2024,,,,,,,,,,,,,,,,
Board,Class 12th,English,Physics,"Semiconductor Electronics: Materials, Devices and Simple Circuits",14,<p>Q. The energy band above the valence band is called ______ band.</p>,Fill in the Blanks,1,2024,,,,,,,,,,,,,,,,
Board,Class 12th,English,Physics,"Semiconductor Electronics: Materials, Devices and Simple Circuits",14,<p>Q. In a p-type semiconductor the concentration of ______ is more than the concentration of electron.</p>,Fill in the Blanks,1,2024,,,,,,,,,,,,,,,,
Board,Class 12th,English,Physics,Electric Charges and Fields,1,<p>Q. The electric field inside the cavity is always zero.</p>,True False,1,2024,,,,,,,,,,,,,,,,
Board,Class 12th,English,Physics,"Semiconductor Electronics: Materials, Devices and Simple Circuits",14,<p>Q. Resistivity of semiconductors increases with increase in temperature.</p>,True False,1,2024,,,,,,,,,,,,,,,,
Board,Class 12th,English,Physics,Moving Charges and Magnetism,4,<p>Q. The Lorentz force on a stationary charge in any magnetic field is zero.</p>,True False,1,2024,,,,,,,,,,,,,,,,
Board,Class 12th,English,Physics,Electromagnetic Waves,8,<p>Q. Electromagnetic waves cannot propagate through any physical medium other than vacuum.</p>,True False,1,2024,,,,,,,,,,,,,,,,
Board,Class 12th,English,Physics,"Semiconductor Electronics: Materials, Devices and Simple Circuits",14,<p>Q. Silicon and Germanium both are examples of compound semiconductor.</p>,True False,1,2024,,,,,,,,,,,,,,,,
Board,Class 12th,English,Physics,Electric Charges and Fields,1,<p>Q. Write the value of total electric flux emanating from a unit positive charge in air.</p>,One Word Answer,1,2024,,,,,,,,,,,,,,,,
Board,Class 12th,English,Physics,Current Electricity,3,<p>Q. Write the name of instrument that measures current in an electric circuit.</p>,One Word Answer,1,2024,,,,,,,,,,,,,,,,
Board,Class 12th,English,Physics,Alternating Current,7,<p>Q. Write the value of power factor for a pure resistive circuit.</p>,One Word Answer,1,2024,,,,,,,,,,,,,,,,
Board,Class 12th,English,Physics,Ray Optics and Optical Instruments,9,<p>Q. In which position the refracted ray inside the prism becomes parallel to prism base?</p>,One Word Answer,1,2024,,,,,,,,,,,,,,,,
Board,Class 12th,English,Physics,"Semiconductor Electronics: Materials, Devices and Simple Circuits",14,<p>Q. Which type of extrinsic semiconductor is obtained when pure semiconductor is doped with trivalent impurities?</p>,One Word Answer,1,2024,,,,,,,,,,,,,,,,
Board,Class 12th,English,Physics,Electric Charges and Fields,1,<p>Q. Write two characteristics of electric field lines.</p>,Very Short Answer,2,2024,,,,,,,,,,,,,,,,
Board,Class 12th,English,Physics,Electrostatic Potential and Capacitance,2,<p>Q. Write two characteristics of equipotential surface.</p>,Very Short Answer,2,2024,,,,,,,,,,,,,,,,
Board,Class 12th,English,Physics,Electromagnetic Induction,6,<p>Q. Write two differences between self induction and mutual induction.</p>,Very Short Answer,2,2024,,,,,,,,,,,,,,,,
Board,Class 12th,English,Physics,Alternating Current,7,<p>Q. Write two differences between step-up transformer and step-down transformer.</p>,Very Short Answer,2,2024,,,,,,,,,,,,,,,,
Board,Class 12th,English,Physics,Moving Charges and Magnetism,4,<p>Q. Write the statement and mathematical form of Ampere's circuital law.</p>,Short Answer,3,2024,,,,,,,,,,,,,,,,
Board,Class 12th,English,Physics,Moving Charges and Magnetism,4,<p>Q. Write the statement and mathematical form of Gauss's law for magnetism.</p>,Short Answer,3,2024,,,,,,,,,,,,,,,,
Board,Class 12th,English,Physics,Electromagnetic Waves,8,<p>Q. Which waves are also called heat waves? In which effect do these waves play an important role in maintaining the average temperature on earth?</p>,Short Answer,3,2024,,,,,,,,,,,,,,,,
Board,Class 12th,English,Physics,Electromagnetic Waves,8,<p>Q. Write the name and one use of the highest frequency electromagnetic wave.</p>,Very Short Answer,2,2024,,,,,,,,,,,,,,,,
Board,Class 12th,English,Physics,Ray Optics and Optical Instruments,9,<p>Q. If the lower half of the reflecting surface of a concave mirror is covered with an opaque material what will it have on the image formed by the mirror of an object placed in front of the mirror? Write.</p>, Short Answer,3,2024,,,,,,,,,,,,,,,,
Board,Class 12th,English,Physics,Ray Optics and Optical Instruments,9,<p>Q. If a ray of light enters obliquely from an optically rarer medium to an optically denser medium what will be the effect on the velocity and frequency of the light ray? Write.</p>,Short Answer,3,2024,,,,,,,,,,,,,,,,
Board,Class 12th,English,Physics,Atoms,12,<p>Q. Write two conclusions obtained from the alpha particle scattering experiment.</p>,Very Short Answer,2,2024,,,,,,,,,,,,,,,,
Board,Class 12th,English,Physics,Nuclei,13,<p>Q. Write two features of nuclear force.</p>,Very Short Answer,2,2024,,,,,,,,,,,,,,,,
Board,Class 12th,English,Physics,"Semiconductor Electronics: Materials, Devices and Simple Circuits",14,<p>Q. Draw labelled circuit diagram of forward bias of p-n junction diode.</p>,Very Short Answer,2,2024,,,,,,,,,,,,,,,,
Board,Class 12th,English,Physics,"Semiconductor Electronics: Materials, Devices and Simple Circuits",14,<p>Q. Draw labelled circuit diagram of half-wave rectifier.</p>,Very Short Answer,2,2024,,,,,,,,,,,,,,,,
Board,Class 12th,English,Physics,Current Electricity,3,<p>Q. Establish the relation between EMF terminal voltage and internal resistance of a cell.</p>,Very Short Answer,2,2024,,,,,,,,,,,,,,,,
Board,Class 12th,English,Physics,Current Electricity,3,<p>Q. Draw the labelled diagram of wheatstone bridge and write the necessary condition for the balance of wheatstone bridge.</p>,Long Answer,5,2024,,,,,,,,,,,,,,,,
Board,Class 12th,English,Physics,Moving Charges and Magnetism,4,<p>Q. A solenoid of length 2 meter and 100 turns carries a current 10 A. Calculate the magnitude of the magnetic field inside the solenoid. \(\mu_0=4\pi \times 10^{-7}\)</p>,Numerical Answer,3,2024,,,,,,,,,,,,,,,,
Board,Class 12th,English,Physics,Moving Charges and Magnetism,4,<p>Q. A long straight wire carries a current of 30 A. Calculate the magnitude of magnetic field at a point 30 cm from the wire.</p>,Numerical Answer,3,2024,,,,,,,,,,,,,,,,
Board,Class 12th,English,Physics,Ray Optics and Optical Instruments,9,<p>Q. Describe total internal reflection of light on the basis of following points : (i) Labelled ray diagram (ii) Definition (iii) An application</p>,Long Answer,5,2024,,,,,,,,,,,,,,,,
Board,Class 12th,English,Physics,Wave Optics,10,<p>Q. Describe Huygen's principle on the basis of following points : (i) Definition of wave front (ii) Ray diagram of spherical wave emanating from point source. (iii) Emanation of secondary wavelets.</p>,Long Answer,5,2024,,,,,,,,,,,,,,,,
Board,Class 12th,English,Physics,Dual Nature of Radiation and Matter,11,<p>Q. Write three experimental observations of photoelectric effect.</p>,Short Answer,3,2024,,,,,,,,,,,,,,,,
Board,Class 12th,English,Physics,Dual Nature of Radiation and Matter,11,<p>Q. Write three characteristics of photon.</p>,Short Answer,3,2024,,,,,,,,,,,,,,,,
Board,Class 12th,English,Physics,Electric Charges and Fields,1,"<p>Q. Two point charges \( q_a = 2 \, \mu C \) and \( q_b = -2 \, \mu C \) are located 40 cm apart in vacuum. Find the intensity of the electric field at the midpoint of the line joining these two charges. \( \left( \frac{1}{4 \pi \epsilon_0} = 9 \times 10^9 \, \text{Nm}^2\text{C}^{-2} \right) \)</p>",Numerical Answer,3,2024,,,,,,,,,,,,,,,,
Board,Class 12th,English,Physics,Electrostatic Potential and Capacitance,2,"<p>Q. Three capacitors of capacitance \(3 \, \text{pF}\), \(4 \, \text{pF}\), and \(5 \, \text{pF}\) are connected in parallel to a \(120 \, \text{V}\) battery. Find the total capacitance of the combination and charge on each capacitor.</p>",Numerical Answer,3,2024,,,,,,,,,,,,,,,,
Board,Class 12th,English,Physics,Electromagnetic Induction,6,<p>Q. Deduce an expression for motional electromotive force induced across a straight conductor moving in any uniform magnetic field.</p>,Short Answer,3,2024,,,,,,,,,,,,,,,,
Board,Class 12th,English,Physics,Alternating Current,7,<p>Q. Find the expression of resultant voltage impedance and phase difference between current and voltage with the help of phaser diagram in series LCR circuit.</p>,Long Answer,5,2024,,,,,,,,,,,,,,,,
Board,Class 12th,English,Physics,Ray Optics and Optical Instruments,9,<p>Q. Establish the expression for the net power of combination of two thin lenses kept in contact.</p>,Short Answer,3,2024,,,,,,,,,,,,,,,,
Board,Class 12th,English,Physics,Ray Optics and Optical Instruments,9,<p>Q. Draw a labelled ray diagram for formation of image from simple microscope and establish an expression for the magnification of a simple microscope when image is formed at (a) infinity and (b) least distance of distinct vision.</p>,Long Answer,5,2024,,,,,,,,,,,,,,,,
Board,Class 12th,English,Physics,Atoms,12,<p>Q. Write two shortcomings of Rutherford's nuclear model and explain how Bohr's model of hydrogen atom overcome these shortcomings?</p>,Long Answer,5,2024,,,,,,,,,,,,,,,,
Board,Class 12th,English,Physics,Nuclei,13,<p>Q. Explain the nuclear fusion and fission with the help of one example each.</p>,One Word Answer,1,2024,,,,,,,,,,,,,,,,
Board,Class 12th,English,Physics,Electric Charges and Fields,1,<p>Q. One coulomb charge has _____ electrons.</p>,Fill in the Blanks,1,2025,,,,,,,,,,,,,,,,
Board,Class 12th,English,Physics,Moving Charges and Magnetism,4,<p>Q. The _____ to the field line at a given point represents direction of resultant magnetic field at that point.</p>,Fill in the Blanks,1,2025,,,,,,,,,,,,,,,,
Board,Class 12th,English,Physics,Electromagnetic Waves,8,<p>Q. Nature of propagation of electromagnetic waves are ____.</p>,Fill in the Blanks,1,2025,,,,,,,,,,,,,,,,
Board,Class 12th,English,Physics,Wave Optics,10,<p>Q. _____ of light shows redistribution of energy.</p>,Fill in the Blanks,1,2025,,,,,,,,,,,,,,,,
Board,Class 12th,English,Physics,Ray Optics and Optical Instruments,9,"<p>Q. In total internal reflection, refractive angle is _____, when incidence angle is equal to the critical angle.</p>",Fill in the Blanks,1,2025,,,,,,,,,,,,,,,,
Board,Class 12th,English,Physics,Ray Optics and Optical Instruments,9,<p>Q. Simple microscope is a converging lens of _____ focal length.</p>,Fill in the Blanks,1,2025,,,,,,,,,,,,,,,,
Board,Class 12th,English,Physics,Electric Charges and Fields,1,"<p>Q. Inside a conductor, electrostatic field is zero.</p>",True False,1,2025,,,,,,,,,,,,,,,,
Board,Class 12th,English,Physics,Moving Charges and Magnetism,4,<p>Q. Magnetic field lines always form closed loops.</p>,True False,1,2025,,,,,,,,,,,,,,,,
Board,Class 12th,English,Physics,Electromagnetic Waves,8,<p>Q. Frequency is maximum for long radio waves.</p>,True False,1,2025,,,,,,,,,,,,,,,,
Board,Class 12th,English,Physics,Wave Optics,10,<p>Q. For an unpolarised wave the displacement remains constant with respect to time.</p>,True False,1,2025,,,,,,,,,,,,,,,,
Board,Class 12th,English,Physics,Alternating Current,7,<p>Q. Average value of alternating current is zero for full cycle.</p>,True False,1,2025,,,,,,,,,,,,,,,,
Board,Class 12th,English,Physics,"Semiconductor Electronics: Materials, Devices and Simple Circuits",14,<p>Q. Majority charge carriers in n-type semiconductors are - (i)Electrons (ii)Holes (iii)Neutrons (iv)Moving ion</p>,Multiple Choice Question,1,2025,,,,,,,,,,,,,,,,
Board,Class 12th,English,Physics,Electrostatic Potential and Capacitance,2,<p>Q. Dielectric constant of air - (i)Infinity (ii)Zero (iii)One (iv)Two</p>,Multiple Choice Question,1,2025,,,,,,,,,,,,,,,,
Board,Class 12th,English,Physics,Moving Charges and Magnetism,4,<p>Q. Moving charge produce - (i)Only magnetic field (ii)Only electric field (iii)Magnetic and electric field both (iv)Neither magnetic field nor electric field</p>,Multiple Choice Question,1,2025,,,,,,,,,,,,,,,,
Board,Class 12th,English,Physics,Current Electricity,3,<p>Q. First law of Kirchhoff of current distribution follows - (i) Law of energy conservation (ii) Law of charge conservation (iii) Law of conservation of momentum (iv) Law of mass conservation</p>,Multiple Choice Question,1,2025,,,,,,,,,,,,,,,,
Board,Class 12th,English,Physics,Dual Nature of Radiation and Matter,11,<p>Q. Which phenomenon does not reveal the wave nature of light? (i)Photo electric effect (ii)Interference (iii)Diffraction (iv)Polarisation</p>,Multiple Choice Question,1,2025,,,,,,,,,,,,,,,,
Board,Class 12th,English,Physics,Dual Nature of Radiation and Matter,11,<p>Q. Who discovered the photo electric effect? (i)Lenz (ii)Maxwell (iii)J. J. Thomson (iv)Henrich Hertz</p>,Multiple Choice Question,1,2025,,,,,,,,,,,,,,,,
Board,Class 12th,English,Physics,Electric Charges and Fields,1,<p>Q. Write mathematical form of quantisation of electric charge.</p>,One Word Answer,1,2025,,,,,,,,,,,,,,,,
Board,Class 12th,English,Physics,Electromagnetic Waves,8,<p>Q. What is the degree of order of frequency of visible light?</p>,Very Short Answer,2,2025,,,,,,,,,,,,,,,,
Board,Class 12th,English,Physics,Ray Optics and Optical Instruments,9,"<p>Q. What is power of a lens having \( +0.5 \, \text{m} \) focal length?</p>",Very Short Answer,2,2025,,,,,,,,,,,,,,,,
Board,Class 12th,English,Physics,Electromagnetic Induction,6,<p>Q. Write the SI unit of mutual inductance.</p>,One Word Answer,1,2025,,,,,,,,,,,,,,,,
Board,Class 12th,English,Physics,Alternating Current,7,<p>Q. Write the root mean square value of alternating current.</p>,One Word Answer,1,2025,,,,,,,,,,,,,,,,
Board,Class 12th,English,Physics,"Semiconductor Electronics: Materials, Devices and Simple Circuits",14,<p>Q. Write two differences between Intrinsic and Extrinsic semiconductors.</p>,Very Short Answer,2,2025,,,,,,,,,,,,,,,,
Board,Class 12th,English,Physics,"Semiconductor Electronics: Materials, Devices and Simple Circuits",14,<p>Q. Electric current doesn't flow in semiconductors at normal temperature while flow at higher temperature why?</p>,Short Answer,3,2025,,,,,,,,,,,,,,,,
Board,Class 12th,English,Physics,Atoms,12,<p>Q. What is Ionization energy?</p>,Very Short Answer,2,2025,,,,,,,,,,,,,,,,
Board,Class 12th,English,Physics,Atoms,12,<p>Q. Clarify the significance of negative energy of an electron in the orbit.</p>,Short Answer,3,2025,,,,,,,,,,,,,,,,
Board,Class 12th,English,Physics,Wave Optics,10,<p>Q. Write down Malus law.</p>,Short Answer,3,2025,,,,,,,,,,,,,,,,
Board,Class 12th,English,Physics,Wave Optics,10,<p>Q. Write two differences between Polarised light wave and Unpolarised light wave.</p>,Very Short Answer,2,2025,,,,,,,,,,,,,,,,
Board,Class 12th,English,Physics,Alternating Current,7,<p>Q. Alternating current of same voltage is more powerful than direct current why?</p>,Short Answer,3,2025,,,,,,,,,,,,,,,,
Board,Class 12th,English,Physics,Electromagnetic Induction,6,<p>Q. Why core of transformer is laminated?</p>,Very Short Answer,2,2025,,,,,,,,,,,,,,,,
Board,Class 12th,English,Physics,Electromagnetic Induction,6,<p>Q. Write down Lenz's law for electro magnetic induction.</p>,Short Answer,3,2025,,,,,,,,,,,,,,,,
Board,Class 12th,English,Physics,Electromagnetic Induction,6,<p>Q. When any electrical circuit suddenly cut-off sparks take place why?</p>, Short Answer,3,2025,,,,,,,,,,,,,,,,
Board,Class 12th,English,Physics,Current Electricity,3,"<p>Q. The storage battery of a car has an emf of 12 volt. If the internal resistance of the battery is \(0.4 \, \Omega\), what is the maximum current that can be drawn from the battery?</p>",Numerical Answer,3,2025,,,,,,,,,,,,,,,,
Board,Class 12th,English,Physics,Current Electricity,3,"<p>Q. A battery of emf \(10 \, \text{V}\) and internal resistance \(3 \, \Omega\) is connected to a resistor. If the current in the circuit is \(0.5 \, \text{A}\) then find out the resistance of resistor.</p>",Numerical Answer,3,2025,,,,,,,,,,,,,,,,
Board,Class 12th,English,Physics,Electrostatic Potential and Capacitance,2,<p>Q. Define capacity of a capacitor and write its S.I. Unit.</p>,Very Short Answer,2,2025,,,,,,,,,,,,,,,,
Board,Class 12th,English,Physics,Electric Charges and Fields,1,<p>Q. The potential on each point inside a hollow conductor is equal क्यों ?</p>,Short Answer,3,2025,,,,,,,,,,,,,,,,
Board,Class 12th,English,Physics,Electric Charges and Fields,1,<p>Q. Derive an expression for the intensity of electric field placed at any point on the axis of an electric dipole.</p>,Long Answer,5,2025,,,,,,,,,,,,,,,,
Board,Class 12th,English,Physics,Electric Charges and Fields,1,<p>Q. Verify Coulomb inverse square law with the help of Gauss theorem.</p>,Long Answer,5,2025,,,,,,,,,,,,,,,,
Board,Class 12th,English,Physics,Magnetism and Matter,5,<p>Q. Derive an expression for the torque on a bar magnet placed in an uniform magnetic field.</p>,Short Answer,3,2025,,,,,,,,,,,,,,,,
Board,Class 12th,English,Physics,Electromagnetic Induction,6,<p>Q. Derive an expression for mutual inductance between two plane circular coils.</p>,Short Answer,3,2025,,,,,,,,,,,,,,,,
Board,Class 12th,English,Physics,Ray Optics and Optical Instruments,9,"<p>Q. Establish the relation among real depth, virtual depth, and refractive index of medium for an object placed in a dense medium.</p>",Numerical Answer,3,2025,,,,,,,,,,,,,,,,
Board,Class 12th,English,Physics,Ray Optics and Optical Instruments,9,<p>Q. Establish Lens maker's formula for convex lens.</p>,Short Answer,3,2025,,,,,,,,,,,,,,,,
Board,Class 12th,English,Chemistry,Biomolecules,10,<p>Q. Which bond links amino acids together.</p>,Very Short Answer,2,2016,,,,,,,,,,,,,,,,
Board,Class 12th,English,Chemistry,Coordination Compounds,5,<p>Q. Write the IUPAC names of the following compounds. (i) \( K_2[\text{HgI}_4] \) (ii) \( [\text{Ag}(\text{NH}_3)_2]\text{Cl} \)</p>,Very Short Answer,2,2016,,,,,,,,,,,,,,,,
Board,Class 12th,English,Chemistry,Biomolecules,10,<p>Q. What are carbohydrates? Give types of carbohydrates.</p>,Short Answer,3,2016,,,,,,,,,,,,,,,,
Board,Class 12th,English,Chemistry,Biomolecules,10,<p>Q. Write the diseases which are caused by lack of following vitamins : (i) Vitamin A (ii) Vitamin D</p>,Very Short Answer,2,2016,,,,,,,,,,,,,,,,
Board,Class 12th,English,Chemistry,Biomolecules,10,<p>Q. Which is not found in R.N.A. (i) Thymine (ii) Urecel (iii) Adinine (iv) Guwanine</p>,Multiple Choice Question,1,2016,,,,,,,,,,,,,,,,
Board,Class 12th,English,Chemistry,Coordination Compounds,5,<p>Q. Co-ordination number of Sodium in NaCl is _____</p>,Fill in the Blanks,1,2016,,,,,,,,,,,,,,,,
Board,Class 12th,English,Chemistry,Electrochemistry,2,<p>Q. The Potential value of standard hydrogen electrode is _____</p>,Fill in the Blanks,1,2016,,,,,,,,,,,,,,,,
Board,Class 12th,English,Chemistry,Amines,9,<p>Q. Main product of mustard oil reaction is _____</p>,Fill in the Blanks,1,2016,,,,,,,,,,,,,,,,
Board,Class 12th,English,Chemistry,Amines,9,<p>Q. What is the name of reaction for preparation of methyl iso cynide.</p>,Very Short Answer,2,2016,,,,,,,,,,,,,,,,
Board,Class 12th,English,Chemistry,Biomolecules,10,<p>Q. What is the name of Disaccharides Sugar present in milk.</p>,One Word Answer,1,2016,,,,,,,,,,,,,,,,
Board,Class 12th,English,Chemistry,Biomolecules,10,<p>Q. What do you understand by denaturation of Protein.</p>,Very Short Answer,2,2016,,,,,,,,,,,,,,,,
Board,Class 12th,English,Chemistry,Biomolecules,10,<p>Q. Give two differences between D.N.A. and R.N.A.</p>,Very Short Answer,2,2016,,,,,,,,,,,,,,,,
Board,Class 12th,English,Chemistry,Coordination Compounds,5,<p>Q. Give two differences between double salt and complex salt.</p>,Very Short Answer,2,2016,,,,,,,,,,,,,,,,
Board,Class 12th,English,Chemistry,Coordination Compounds,5,<p>Q. Name is IUPAC System: (i) \( K_2[\text{PtCl}_6] \) (ii) \([\text{Co}(\text{NH}_3)_6]\text{Cl}_3\)</p>,Very Short Answer,2,2016,,,,,,,,,,,,,,,,
Board,Class 12th,English,Chemistry,Chemical Kinetics,3,<p>Q. Write short notes on: (i) Threshold Energy (ii) Energy of Activation</p>,Very Short Answer,2,2016,,,,,,,,,,,,,,,,
Board,Class 12th,English,Chemistry,Chemical Kinetics,3,<p>Q. What do you understand by order of reaction? Give three examples of first order of reactions.</p>,Fill in the Blanks,1,2016,,,,,,,,,,,,,,,,
Board,Class 12th,English,Chemistry,Haloalkanes and Haloarenes,6,<p>Q. How will you make (obtain) from chloroform: (i) Chloretone (ii) Phenyl Isocynide (iii) Acetylene (iv) Salicaldehyde</p>,Long Answer,5,2016,,,,,,,,,,,,,,,,
Board,Class 12th,English,Chemistry,Haloalkanes and Haloarenes,6,<p>Q. What happens when: (Write equations) (i) Acetone is heated with Alkaline solution of Iodine. (ii) Chlorobenzene is heated with chloral in presence of conc \( \text{H}_2\text{SO}_4 \). (iii) Chlorobenzene is heated with Sodium in presence of ether. (iv) Ethyl bromide is heated with Alcoholic-KOH.</p>,Long Answer,5,2016,,,,,,,,,,,,,,,,
Board,Class 12th,English,Chemistry,"Alcohols, Phenols and Ethers",7,<p>Q. Difference between primary secondary and tertiary alcohol through Victor Meyer's method only Equations.</p>,Very Short Answer,2,2016,,,,,,,,,,,,,,,,
Board,Class 12th,English,Chemistry,"Alcohols, Phenols and Ethers",7,<p>Q. (i) How will you obtain from phenol: (a) 24 6 Tribromo Phenol (b) Picric-Acid (ii) What is the reaction of Diethyl ether with HI-Acid.</p>,Short Answer,3,2016,,,,,,,,,,,,,,,,
Board,Class 12th,English,Chemistry,"Aldehydes, Ketones and Carboxylic Acids",8,<p>Q. Describe the preparation of acetic acid through quick-vinegar process in following points: (i) Diagram (ii) Method (iii) Equation of preparation (iv) Any one precaution.</p>,Long Answer,5,2016,,,,,,,,,,,,,,,,
Board,Class 12th,English,Chemistry,"Aldehydes, Ketones and Carboxylic Acids",8,<p>Q. What happens when: (i) Acetal chloride is reduced with hydrogen in presence of Barium sulphate associated with paladium. (ii) Benzaldehyde boils with 45% NaOH. (iii) Ammonia reacts with Formaldehyde. (iv) Acetic-Acid reacts with PCl<sub>5</sub>.</p>,Long Answer,5,2016,,,,,,,,,,,,,,,,
Board,Class 12th,English,Chemistry,Electrochemistry,2,<p>Q. 10.07 gram Silver obtained during the circulations of electric of 5 ampere upto 30 minutes in silver nitrate Pot (cell). Find out electrochemical equivalent of silver. If chemical equivalent of hydrogen is \(0.00001036\) then what will be equivalent weight of silver.</p>,Short Answer,3,2016,,,,,,,,,,,,,,,,
Board,Class 12th,English,Chemistry,Electrochemistry,2,"<p>Q. (i) What do you understand by corrosion.</p>
<p>Q. (ii) Write electro-chemical theory of corrosion (Rust).</p>
<p>Q. (iii) Write prevention (two) of corrosion.</p>",Very Short Answer,2,2016,,,,,,,,,,,,,,,,
Board,Class 12th,English,Chemistry,Solutions,1,<p>Q. What do you understand by elevation of boiling point and molal elevation constant with the help of this constant how can you find the molecular mass of non volatile solute?</p>,Short Answer,3,2016,,,,,,,,,,,,,,,,
Board,Class 12th,English,Chemistry,Solutions,1,<p>Q. (a) Give two differences between Ideal and non-Ideal solutions. (b) Find out osmotic pressure of Glucose solutions of 5% sol. at 25°C temp while molecular mass of Glucose 180 and \( R=0.0821 \) Litre Atmosphere.</p>,Short Answer,3,2016,,,,,,,,,,,,,,,,
Board,Class 12th,English,Chemistry,The d- and f-Block Elements,4,"<p>Q. (a) Why Transition elements become paramagnetic?</p>
<p>Q. (b) Explain oxidization properties of potassium permanganate in acidic medium. (any four only)</p>",Long Answer,5,2016,,,,,,,,,,,,,,,,
Board,Class 12th,English,Chemistry,The d- and f-Block Elements,4,"<p>Q. (a) What are Lanthanide elements? </p>
<p>Q. (b) What do you understand by Lanthanide contraction? </p>
<p>Q. (c) Write chromyl chloride test with equation.</p>",Long Answer,5,2016,,,,,,,,,,,,,,,,
Board,Class 12th,English,Chemistry,Coordination Compounds,5,<p>Q. If coordination number of \( \text{Cs}^+ \) is 8 in \( \text{CsCl} \) then coordination number of \( \text{Cl}^- \) ion is - (a) 8 (b) 4 (c) 6 (d) 12</p>,Multiple Choice Question,1,2017,,,,,,,,,,,,,,,,
Board,Class 12th,English,Chemistry,Electrochemistry,2,<p>Q. Unit of cell constant is : (a) ohm⁻¹ cm⁻¹ (b) cm (c) ohm cm (d) cm⁻¹</p>,Multiple Choice Question,1,2017,,,,,,,,,,,,,,,,
Board,Class 12th,English,Chemistry,Chemical Kinetics,3,<p>Q. The rate of chemical reaction depends upons - (a) Active mass (b) Atomic mass (c) Equivalent weight (d) Molecular mass</p>,Multiple Choice Question,1,2017,,,,,,,,,,,,,,,,
Board,Class 12th,English,Chemistry,The d- and f-Block Elements,4,<p>Q. Chemical formula of corrosive sublimate is _____</p>,Fill in the Blanks,1,2017,,,,,,,,,,,,,,,,
Board,Class 12th,English,Chemistry,Haloalkanes and Haloarenes,6,<p>Q. The formula of antiknock organometallic substance is _____</p>,Fill in the Blanks,1,2017,,,,,,,,,,,,,,,,
Board,Class 12th,English,Chemistry,Amines,9,<p>Q. Write the formula of benzene diazonium chloride.</p>,One Word Answer,1,2017,,,,,,,,,,,,,,,,
Board,Class 12th,English,Chemistry,Coordination Compounds,5,<p>Q. Write oxidation state of iron in \([Fe(CN)_6]^{3-}\)</p>,Very Short Answer,2,2017,,,,,,,,,,,,,,,,
Board,Class 12th,English,Chemistry,coordination compounds,5,<p>Q. What is effective atomic number. Explain with examples.</p>,Short Answer,3,2017,,,,,,,,,,,,,,,,
Board,Class 12th,English,Chemistry,Solutions,1,<p>Q. Differentiate between molarity and molality (any three).</p>,Short Answer,3,2017,,,,,,,,,,,,,,,,
Board,Class 12th,English,Chemistry,Solutions,1,<p>Q. Write three differences in solution having positive deviation and negative deviation.</p>,Short Answer,3,2017,,,,,,,,,,,,,,,,
Board,Class 12th,English,Chemistry,The d- and f-Block Elements,4,<p>Q. What are inner transition elements.</p>,Very Short Answer,2,2017,,,,,,,,,,,,,,,,
Board,Class 12th,English,Chemistry,The d- and f-Block Elements,4,<p>Q. Transition elements are good catalysts explain.</p>,Very Short Answer,2,2017,,,,,,,,,,,,,,,,
Board,Class 12th,English,Chemistry,The d- and f-Block Elements,4,<p>Q. Write three differences between Lanthanides and Actinides.</p>,Short Answer,3,2017,,,,,,,,,,,,,,,,
Board,Class 12th,English,Chemistry,The d- and f-Block Elements,4,<p>Q. Describe the preparation of KMnO<sub>4</sub> from Pyrolusite with equation.</p>,Long Answer,5,2017,,,,,,,,,,,,,,,,
Board,Class 12th,English,Chemistry,Chemical Kinetics,3,<p>Q. Describe four factors affecting rate of a reaction.</p>,Short Answer,3,2017,,,,,,,,,,,,,,,,
Board,Class 12th,English,Chemistry,Chemical Kinetics,3,<p>Q. What is half-life period of a reaction? Calculate half-life period of a first order reaction.</p>,Long Answer,5,2017,,,,,,,,,,,,,,,,
Board,Class 12th,English,Chemistry,Solutions,1,<p>Q. If 4 gm. NaOH is present in 500 ml solution then determine the normality of the solution.</p>,Short Answer,3,2017,,,,,,,,,,,,,,,,
Board,Class 12th,English,Chemistry,The d- and f-Block Elements,4,<p>Q. Write the reaction taking place in blast furnace when haematite is converted into pig iron with diagram.</p>,Diagram based Answer,2,2017,,,,,,,,,,,,,,,,
Board,Class 12th,English,Chemistry,The d- and f-Block Elements,4,<p>Q. Write four different chemical reaction of copper with nitric acid. Give equations also.</p>,Long Answer,5,2017,,,,,,,,,,,,,,,,
Board,Class 12th,English,Chemistry,"Alcohols, Phenols and Ethers",7,<p>Q. An alcohol 'A' on reaction with conc H₂SO₄ gives an alkane 'B'. 'B' after Bromination with sodamide give dehydrozenated compound 'C'. 'C' on reaction of H₂SO₄ in presence of HgSO₄ gives 'D'. Identify 'A' 'B' 'C' & 'D'.</p>,Long Answer,5,2017,,,,,,,,,,,,,,,,
Board,Class 12th,English,Chemistry,"Alcohols, Phenols and Ethers",7,<p>Q. Differentiate between phenol and alcohol. (any four)</p>,Short Answer,3,2017,,,,,,,,,,,,,,,,
Board,Class 12th,English,Chemistry,"Alcohols, Phenols and Ethers",7,<p>Q. Explain the following: (i) Lucas reagent (ii) Reimer-Tiemann reaction.</p>,Long Answer,5,2017,,,,,,,,,,,,,,,,
Board,Class 12th,English,Chemistry,"Aldehydes, Ketones and Carboxylic Acids",8,<p>Q. Write short notes on the following: (i) Perkin reaction (ii) Urotropine</p>,Short Answer,3,2017,,,,,,,,,,,,,,,,
Board,Class 12th,English,Chemistry,"Aldehydes, Ketones and Carboxylic Acids",8,<p>Q. What happen when (Give only equation). (i) Acetone reacts with conc. \( \text{H}_2\text{SO}_4 \). (ii) Benzoic acid reacts with \( \text{SOCl}_2 \). (iii) Acetic acid reacts with ammonia. (iv) Acetic acid reacts with caustic soda.</p>,Short Answer,3,2017,,,,,,,,,,,,,,,,
Board,Class 12th,English,Chemistry,Electrochemistry,2,<p>Q. What is Kohlrausch laws give its any one applications.</p>,Short Answer,3,2017,,,,,,,,,,,,,,,,
Board,Class 12th,English,Chemistry,Electrochemistry,2,<p>Q. What is standard hydrogen electrode? How it is made?</p>,Very Short Answer,2,2017,,,,,,,,,,,,,,,,
Board,Class 12th,English,Chemistry,"Aldehydes, Ketones and Carboxylic Acids",8,<p>Q. Describe Brodie's ozonizer with diagram.</p>,Very Short Answer,2,2017,,,,,,,,,,,,,,,,
Board,Class 12th,English,Chemistry,The d- and f-Block Elements,4,"<p>Q. Fe, Co, Ni are which type of magnetic substance? (i) Paramagnetic (ii) Ferromagnetic (iii) Diamagnetic (iv) Anti-ferromagnetic</p>",Multiple Choice Question,1,2018,,,,,,,,,,,,,,,,
Board,Class 12th,English,Chemistry,Coordination Compounds,5,<p>Q. The oxidation number of cobalt in hexa ammine cobalt (III) ion is : (i) +1 (ii) +2 (iii) +3 (iv) +4</p>,Fill in the Blanks,1,2018,,,,,,,,,,,,,,,,
Board,Class 12th,English,Chemistry,The d- and f-Block Elements,4,<p>Q. The reducing agent used in extraction of iron is : (i) CO (ii) C (iii) H<sub>2</sub> (iv) Cu</p>,Fill in the Blanks,1,2018,,,,,,,,,,,,,,,,
Board,Class 12th,English,Chemistry,Amines,9,<p>Q. The general formula of primary amine is _____</p>,Fill in the Blanks,1,2018,,,,,,,,,,,,,,,,
Board,Class 12th,English,Chemistry,"Alcohols, Phenols and Ethers",7,<p>Q. The boiling point of ethanol is _____</p>,Very Short Answer,2,2018,,,,,,,,,,,,,,,,
Board,Class 12th,English,Chemistry,"Aldehydes, Ketones and Carboxylic Acids",8,<p>Q. The molecular formula of acetic acid is _____</p>,Very Short Answer,2,2018,,,,,,,,,,,,,,,,
Board,Class 12th,English,Chemistry,The d- and f-Block Elements,4,<p>Q. The metal which remains in liquid state at room temperature.</p>,One Word Answer,1,2018,,,,,,,,,,,,,,,,
Board,Class 12th,English,Chemistry,The d- and f-Block Elements,4,<p>Q. How will you coagulate ferric hydroxide sol?</p>,Very Short Answer,2,2018,,,,,,,,,,,,,,,,
Board,Class 12th,English,Chemistry,Biomolecules,10,<p>Q. What is denaturation?</p>,Very Short Answer,2,2018,,,,,,,,,,,,,,,,
Board,Class 12th,English,Chemistry,Biomolecules,10,<p>Q. What are enzymes? Explain the mechanism of enzyme catalysis.</p>,Long Answer,5,2018,,,,,,,,,,,,,,,,
Board,Class 12th,English,Chemistry,Electrochemistry,2,<p>Q. What is electrolytic conductivity? Write the factors affecting it.</p>,Long Answer,5,2018,,,,,,,,,,,,,,,,
Board,Class 12th,English,Chemistry,Electrochemistry,2,<p>Q. What is concentration cell? Give one example.</p>,Short Answer,3,2018,,,,,,,,,,,,,,,,
Board,Class 12th,English,Chemistry,Chemical Kinetics,3,<p>Q. Write the unit of rate constant for first order reaction.</p>,Very Short Answer,2,2018,,,,,,,,,,,,,,,,
Board,Class 12th,English,Chemistry,The d- and f-Block Elements,4,<p>Q. Write the properties of transition metals.</p>,Short Answer,3,2018,,,,,,,,,,,,,,,,
Board,Class 12th,English,Chemistry,The d- and f-Block Elements,4,<p>Q. What is lanthanide contraction? Write its causes.</p>,Short Answer,3,2018,,,,,,,,,,,,,,,,
Board,Class 12th,English,Chemistry,Coordination Compounds,5,<p>Q. Write the applications of complex compounds.</p>,Short Answer,3,2018,,,,,,,,,,,,,,,,
Board,Class 12th,English,Chemistry,Haloalkanes and Haloarenes,6,<p>Q. What is nucleophilic substitution reaction? Write the difference between SN1 and SN2.</p>,Short Answer,3,2018,,,,,,,,,,,,,,,,
Board,Class 12th,English,Chemistry,"Alcohols, Phenols and Ethers",7,<p>Q. Explain hydrogen bonding in alcohols.</p>,Long Answer,5,2018,,,,,,,,,,,,,,,,
Board,Class 12th,English,Chemistry,"Aldehydes, Ketones and Carboxylic Acids",8,<p>Q. What is Cannizzaro reaction? Explain with example.</p>,Long Answer,5,2018,,,,,,,,,,,,,,,,
Board,Class 12th,English,Chemistry,"Aldehydes, Ketones and Carboxylic Acids",8,<p>Q. How amides are prepared? Write the properties of amides.</p>,Long Answer,5,2018,,,,,,,,,,,,,,,,
Board,Class 12th,English,Chemistry,"Aldehydes, Ketones and Carboxylic Acids",8,<p>Q. What is Hofmann bromamide reaction?</p>,Short Answer,3,2018,,,,,,,,,,,,,,,,
Board,Class 12th,English,Chemistry,Biomolecules,10,<p>Q. Write the structure of glucose.</p>,Long Answer,5,2018,,,,,,,,,,,,,,,,
Board,Class 12th,English,Chemistry,Solutions,1,<p>Q. What is Raoult's law? Write its applications. Write the difference between ideal and non-ideal solutions.</p>,Long Answer,5,2018,,,,,,,,,,,,,,,,
Board,Class 12th,English,Chemistry,Electrochemistry,2,<p>Q. What is electrolysis? Write Faraday's laws. What do you understand by electrochemical equivalent?</p>,Long Answer,5,2018,,,,,,,,,,,,,,,,
Board,Class 12th,English,Chemistry,Chemical Kinetics,3,"<p>Q. Write the factors affecting rate of reaction.</p>
<p>Q. What do you understand by half-life?</p>",Long Answer,5,2018,,,,,,,,,,,,,,,,
Board,Class 12th,English,Chemistry,The d- and f-Block Elements,4,"<p>Q. Write the general properties of d-block elements.</p>
<p>Q. Write the names of oxides of manganese.</p>",Short Answer,3,2018,,,,,,,,,,,,,,,,
Board,Class 12th,English,Chemistry,Coordination Compounds,5,<p>Q. What is Werner's theory? What is isomerism? Explain geometrical isomerism with example.</p>,Long Answer,5,2018,,,,,,,,,,,,,,,,
Board,Class 12th,English,Chemistry,Haloalkanes and Haloarenes,6,"<p>Q. How haloalkanes are prepared?</p>
<p>Q. What is Wurtz reaction?</p>
<p>Q. Write Fittig reaction.</p>",Long Answer,5,2018,,,,,,,,,,,,,,,,
Board,Class 12th,English,Chemistry,"Alcohols, Phenols and Ethers",7,"<p>Q. Write the physical properties of alcohols.</p>
<p>Q. What is Lucas test?</p>
<p>Q. Explain acidic nature of phenol.</p>",Long Answer,5,2018,,,,,,,,,,,,,,,,
Board,Class 12th,English,Chemistry,"Aldehydes, Ketones and Carboxylic Acids",8,"<p>Q. Write the difference between aldehydes and ketones.</p>
<p>Q. Write aldol condensation reaction.</p>",Very Short Answer,2,2018,,,,,,,,,,,,,,,,
Board,Class 12th,English,Chemistry,"Aldehydes, Ketones and Carboxylic Acids",8,<p>Q. How carboxylic acids are prepared? Write their physical properties. Write Kolbe's reaction.</p>,Long Answer,5,2018,,,,,,,,,,,,,,,,
Board,Class 12th,English,Chemistry,Amines,9,"<p>Q. Write the difference between primary, secondary and tertiary amines.</p>
<p>Q. How diazonium salts are prepared?</p>",Long Answer,5,2018,,,,,,,,,,,,,,,,
Board,Class 12th,English,Chemistry,Biomolecules,10,<p>Q. What are carbohydrates? Write the difference between glucose and fructose. Write the structure of sucrose.</p>,Long Answer,5,2018,,,,,,,,,,,,,,,,
Board,Class 12th,English,Chemistry,Biomolecules,10,"<p>Q. What are proteins? Write the types of protein structure.</p>
<p>Q. What are enzymes?</p>",Long Answer,5,2018,,,,,,,,,,,,,,,,
Board,Class 12th,English,Chemistry,Amines,9,<p>Q. The isocyanide test is given by - (a) 1° amine (b) phenol (c) 2° amine (d) triethylamine</p>,Multiple Choice Question,1,2019,,,,,,,,,,,,,,,,
Board,Class 12th,English,Chemistry,Biomolecules,10,<p>Q. The disaccharide present in milk is - (a) sucrose (b) lactose (c) maltose (d) cellulose</p>,Multiple Choice Question,1,2019,,,,,,,,,,,,,,,,
Board,Class 12th,English,Chemistry,Electrochemistry,2,<p>Q. _____ are the reason for the electrical conductance of sodium chloride in molten state.</p>,Multiple Choice Question,1,2019,,,,,,,,,,,,,,,,
Board,Class 12th,English,Chemistry,Coordination Compounds,5,<p>Q. The total number of ions provided by the complex \([Co(NH_3)_4Cl_2]Cl\) in water is ____.</p>,Fill in the Blanks,1,2019,,,,,,,,,,,,,,,,
Board,Class 12th,English,Chemistry,Chemical Kinetics,3,<p>Q. Write the Arrhenius equation.</p>,Very Short Answer,2,2019,,,,,,,,,,,,,,,,
Board,Class 12th,English,Chemistry,The d- and f-Block Elements,4,<p>Q. The salts of transition metals are generally coloured. Why ?</p>,Very Short Answer,2,2019,,,,,,,,,,,,,,,,
Board,Class 12th,English,Chemistry,Solutions,1,"<p>Q. If nitrogen gas \( \text{N}_2 \) is passed in water at 293 K, then how many milli mole \( \text{N}_2 \) gas will be soluble in one litre water? The partial pressure of \( \text{N}_2 \) is 0.987 bar and the value of Henry's law constant \( K_h \) at 293 K is 76.48 bar.</p>",Short Answer,3,2019,,,,,,,,,,,,,,,,
Board,Class 12th,English,Chemistry,Solutions,1,"<p>Q. Henry's law constant for CO₂ in water is \(1.67 \times 10^{8} \, \text{Pa}\) at 298 K. Calculate the quantity of CO₂ in 500 ml of soda water when packed under \(2.5 \, \text{atm}\) CO₂ pressure at 298 K.</p>",Short Answer,3,2019,,,,,,,,,,,,,,,,
Board,Class 12th,English,Chemistry,Coordination Compounds,5,<p>Q. Mention the hybridisation and the geometry attained in the central metal and complex ions - (i) \([Ni(Cl)_4]^{2-}\) (ii) \([Fe(CN)_6]^{3-}\)</p>,Long Answer,5,2019,,,,,,,,,,,,,,,,
Board,Class 12th,English,Chemistry,Coordination Compounds,5,<p>Q. Write the IUPAC name of the following coordination compounds : (i) \( K_2[\text{Zn(OH)}_4] \) (ii) \( [\text{Ag}(\text{NH}_3)_2][\text{Ag}(\text{CN})_2] \)</p>,Very Short Answer,2,2019,,,,,,,,,,,,,,,,
Board,Class 12th,English,Chemistry,Solutions,1,<p>Q. Write the definition of the following : (i) mole fraction (ii) molality (iii) molarity</p>,Short Answer,3,2019,,,,,,,,,,,,,,,,
Board,Class 12th,English,Chemistry,Solutions,1,"<p>Q. In a sample of drinking water, many impurities are found including chloroform CHCl₃, which are carcinogenic. The level of these impurities was 15 ppm (according to mass) (i) Show it in mass percentage (ii) Find the molality of chloroform in this sample of water.</p>",Short Answer,3,2019,,,,,,,,,,,,,,,,
Board,Class 12th,English,Chemistry,Amines,9,"<p>Q. Complete the following reactions - (i) RCN + 4H \(\rightarrow\) \text{(LiAlH}_4\text{)} _____</p>
<p>Q. (ii) RCONH₂ + Br₂ + 4KOH \(\rightarrow\) _____ + _____ + _____ + _____</p>
<p>Q. (iii) RNO₂ + H \(\rightarrow\) \text{(Sn/HCl)} _____ + _____</p>",Short Answer,3,2019,,,,,,,,,,,,,,,,
Board,Class 12th,English,Chemistry,Amines,9,<p>Q. Explain the reason - (i) Aniline is a weaker base than cyclohexyl amine (ii) Silver chloride dissolves in methyl amine solution (iii) It is difficult to prepare pure amine by ammonolysis of alkyl halide.</p>,Short Answer,3,2019,,,,,,,,,,,,,,,,
Board,Class 12th,English,Chemistry,Biomolecules,10,<p>Q. What are Zwitter ion and protein denaturation ?</p>,Short Answer,3,2019,,,,,,,,,,,,,,,,
Board,Class 12th,English,Chemistry,Biomolecules,10,<p>Q. What is DNA Fingerprinting? Why it is important?</p>,Short Answer,3,2019,,,,,,,,,,,,,,,,
Board,Class 12th,English,Chemistry,Chemical Kinetics,3,<p>Q. Find the order of reaction and the unit of rate constant for the following reactions by their rate expressions - (i) \(3\text{NO}_{(g)} \rightarrow \text{N}_2\text{O}_{(g)}\); Velocity = \(k[\text{NO}]^2\) (ii) \(\text{H}_2\text{O}_2_{(aq)} + 3\text{I}^-_{(aq)} + 2\text{H}^+ \rightarrow 2\text{H}_2\text{O}_{(l)} + \text{I}_3^- \); Velocity = \(k[\text{H}_2\text{O}_2][\text{I}^-]\) (iii) \(\text{CH}_3\text{CHO}_{(g)} \rightarrow \text{CH}_4_{(g)} + \text{CO}_2_{(g)}\); Velocity = \(k[\text{CH}_3\text{CHO}]^{\frac{3}{2}}\) (iv) \(\text{C}_2\text{H}_5\text{Cl}_{(g)} \rightarrow \text{C}_2\text{H}_4_{(g)} + \text{HCl}_{(g)}\); Velocity = \(k[\text{C}_2\text{H}_5\text{Cl}]\)</p>,Long Answer,5,2019,,,,,,,,,,,,,,,,
Board,Class 12th,English,Chemistry,Chemical Kinetics,3,<p>Q. Prove that the half life period for a first order reaction does not depend on the initial concentration of reactants.</p>,Short Answer,3,2019,,,,,,,,,,,,,,,,
Board,Class 12th,English,Chemistry,The d- and f-Block Elements,4,<p>Q. Explain with chemical equation any four oxidative properties of potassium permanganate in acidic medium.</p>,Short Answer,3,2019,,,,,,,,,,,,,,,,
Board,Class 12th,English,Chemistry,The d- and f-Block Elements,4,<p>Q. Discuss the changes in the following properties of the first transition series (i) Atomic radii (ii) Ionisation energy (iii) Metallic character (iv) Oxidation states</p>,Long Answer,5,2019,,,,,,,,,,,,,,,,
Board,Class 12th,English,Chemistry,Haloalkanes and Haloarenes,6,<p>Q. How does nucleophilic substitution reaction occur in alkyl halide? Give its reaction mechanism.</p>,Long Answer,5,2019,,,,,,,,,,,,,,,,
Board,Class 12th,English,Chemistry,Haloalkanes and Haloarenes,6,<p>Q. What is Elimination reaction? Mention Saytzeff's rule associated with it.</p>,Long Answer,5,2019,,,,,,,,,,,,,,,,
Board,Class 12th,English,Chemistry,"Alcohols, Phenols and Ethers",7,<p>Q. Write the differences between alcohol and phenol.</p>,Long Answer,5,2019,,,,,,,,,,,,,,,,
Board,Class 12th,English,Chemistry,"Alcohols, Phenols and Ethers",7,<p>Q. How to distinguish between alcohol and di-ethyl ether ?</p>,Short Answer,3,2019,,,,,,,,,,,,,,,,
Board,Class 12th,English,Chemistry,"Aldehydes, Ketones and Carboxylic Acids",8,<p>Q. What happens when - Reduction of ethanal takes place - (i) Clemmensen (ii) Wulf-Kishner (iii) By LiAlH\(_4\) and (iv) by Na-Hg/H\(_2\)O</p>,Long Answer,5,2019,,,,,,,,,,,,,,,,
Board,Class 12th,English,Chemistry,Amines,9,<p>Q. Write the chemical equations for the following reactions : (i) Sandmeyer reaction (ii) Stephens reaction (iii) Hoffmann Bromamide reaction (iv) Haloform reaction</p>,Long Answer,5,2019,,,,,,,,,,,,,,,,
Board,Class 12th,English,Chemistry,Electrochemistry,2,"<p>Q. (a) Define Kohlransch's law. (b) The conductance of \(0.025 \, \text{mol L}^{-1}\) methanoic acid is \(46.15 \, \text{S cm}^2 \, \text{mol}^{-1}\). Calculate its degree of dissociation and dissociation constant. Given that \(\lambda^\circ(H^+) = 349.6 \, \text{S cm}^2 \, \text{mol}^{-1}\) and \(\lambda^\circ(HCOO^-) = 54.6 \, \text{S cm}^2 \, \text{mol}^{-1}\)</p>",Long Answer,5,2019,,,,,,,,,,,,,,,,
Board,Class 12th,English,Chemistry,Electrochemistry,2,"<p>Q. (a) What is cell constant ? What is the relation between specific conductivity and cell constant ? (b) The resistance of a conductivity cell containing 0.001 M KCl, at 298 K is 1500 Ω, if the conductance of 0.001 M KCl solution at 298 K is \(0.146 \times 10^{-3} \, \text{S cm}^{-1}\), what is the cell constant ?</p>",Long Answer,5,2019,,,,,,,,,,,,,,,,
Board,Class 12th,English,Chemistry,Chemical Kinetics,3,"<p>Q. Half life period for first order reaction if \( K=5.5 \times 10^{-14} \, \text{s}^{-1} \)</p>",Short Answer,3,2020,,,,,,,,,,,,,,,,
Board,Class 12th,English,Chemistry,Coordination Compounds,5,<p>Q. Oxidation state of Iron in \( K_4[Fe(CN)_6] \) is</p>,One Word Answer,1,2020,,,,,,,,,,,,,,,,
Board,Class 12th,English,Chemistry,Amines,9,<p>Q. Ethyl amine is soluble in water while aniline is not.</p>,Short Answer,3,2020,,,,,,,,,,,,,,,,
Board,Class 12th,English,Chemistry,Biomolecules,10,<p>Q. Vitamin _____ is found in Amla</p>,Fill in the Blanks,1,2020,,,,,,,,,,,,,,,,
Board,Class 12th,English,Chemistry,Solutions,1,<p>Q. Coagulation is the just reverse of _____</p>,Fill in the Blanks,1,2020,,,,,,,,,,,,,,,,
Board,Class 12th,English,Chemistry,Solutions,1,<p>Q. Explain mole fraction.</p>,Very Short Answer,2,2020,,,,,,,,,,,,,,,,
Board,Class 12th,English,Chemistry,Solutions,1,<p>Q. Define Molarity</p>,Very Short Answer,2,2020,,,,,,,,,,,,,,,,
Board,Class 12th,English,Chemistry,Coordination Compounds,5,<p>Q. Explain following : (a) Ligand (b) Coordination number</p>,Short Answer,3,2020,,,,,,,,,,,,,,,,
Board,Class 12th,English,Chemistry,Coordination Compounds,5,<p>Q. Give one example of ionization isomerism in coordination compounds.</p>,Very Short Answer,2,2020,,,,,,,,,,,,,,,,
Board,Class 12th,English,Chemistry,Solutions,1,<p>Q. Give three differences between ideal and non-ideal solutions.</p>,Short Answer,3,2020,,,,,,,,,,,,,,,,
Board,Class 12th,English,Chemistry,Solutions,1,<p>Q. Find molality of pure water (H\(_2\)O=18)</p>,Very Short Answer,2,2020,,,,,,,,,,,,,,,,
Board,Class 12th,English,Chemistry,Amines,9,<p>Q. Explain following : (a) Carbylamine reaction (b) Hoffman bromide reaction</p>,Short Answer,3,2020,,,,,,,,,,,,,,,,
Board,Class 12th,English,Chemistry,Amines,9,<p>Q. What happens when : (i) Ethyl amine react with Nitrous acid (ii) Aniline reacts with bromine water in aqueous medium (iii) Aniline reacts with sodium Nitrite and hydrochloric acid at 278 K</p>,Short Answer,3,2020,,,,,,,,,,,,,,,,
Board,Class 12th,English,Chemistry,Biomolecules,10,<p>Q. Give three differences between RNA and DNA.</p>,Short Answer,3,2020,,,,,,,,,,,,,,,,
Board,Class 12th,English,Chemistry,Chemical Kinetics,3,<p>Q. What is meant by Half life? Prove that half life period of first order reaction does not depend on its initial concentration.</p>,Long Answer,5,2020,,,,,,,,,,,,,,,,
Board,Class 12th,English,Chemistry,Chemical Kinetics,3,<p>Q. Derive expression for rate constant of First order reaction</p>,Long Answer,5,2020,,,,,,,,,,,,,,,,
Board,Class 12th,English,Chemistry,The d- and f-Block Elements,4,<p>Q. Write oxidation reactions of potassium permanganate (any four).</p>,Short Answer,3,2020,,,,,,,,,,,,,,,,
Board,Class 12th,English,Chemistry,The d- and f-Block Elements,4,<p>Q. Give four differences between Lanthanides and Actinides.</p>,Short Answer,3,2020,,,,,,,,,,,,,,,,
Board,Class 12th,English,Chemistry,Haloalkanes and Haloarenes,6,<p>Q. (i) How chloroform is stored for safe storage? (ii) Write I.U.P.A.C. name of CHCl<sub>3</sub> and CHI<sub>3</sub>.</p>,Short Answer,3,2020,,,,,,,,,,,,,,,,
Board,Class 12th,English,Chemistry,"Aldehydes, Ketones and Carboxylic Acids",8,<p>Q. Explain following reactions : (a) Reimer-Tiemann reaction (b) Kolbe reaction</p>,Long Answer,5,2020,,,,,,,,,,,,,,,,
Board,Class 12th,English,Chemistry,"Alcohols, Phenols and Ethers",7,<p>Q. Write four differences between alcohol and phenol.</p>,Short Answer,3,2020,,,,,,,,,,,,,,,,
Board,Class 12th,English,Chemistry,"Aldehydes, Ketones and Carboxylic Acids",8,<p>Q. Explain following reactions : (a) Etard reactions (b) Gatterman - Koch reaction (c) Aldol condensation</p>,Short Answer,3,2020,,,,,,,,,,,,,,,,
Board,Class 12th,English,Chemistry,"Aldehydes, Ketones and Carboxylic Acids",8,"<p>Q. (i) Explain Cannizzaro reaction</p>
<p>Q. (ii) Write silver mirror test for identification of Aldehyde</p>",Short Answer,3,2020,,,,,,,,,,,,,,,,
Board,Class 12th,English,Chemistry,Electrochemistry,2,<p>Q. Explain Kohlrausch law. Write in brief two applications of this law.</p>,Short Answer,3,2020,,,,,,,,,,,,,,,,
Board,Class 12th,English,Chemistry,Electrochemistry,2,<p>Q. (i) Define corrosion. Write two preventions from corrosion (ii) Write chemical equations for charging and discharging of Lead storage cell</p>,Long Answer,5,2020,,,,,,,,,,,,,,,,
Board,Class 12th,English,Chemistry,The d- and f-Block Elements,4,<p>Q. Calomel is - (a) \(Hg_2Cl_2\) (b) \(HgCl_2\) (c) \(Hg_2Cl_2+Hg\) (d) \(HgCl_2+Hg\)</p>,Multiple Choice Question,1,2022,,,,,,,,,,,,,,,,
Board,Class 12th,English,Chemistry,Chemical Kinetics,3,<p>Q. The rate of reaction is _____ of concentration of reactant.</p>,Very Short Answer,2,2022,,,,,,,,,,,,,,,,
Board,Class 12th,English,Chemistry,Solutions,1,<p>Q. Coagulation is opposite of ____.</p>,Fill in the Blanks,1,2022,,,,,,,,,,,,,,,,
Board,Class 12th,English,Chemistry,Chemical Kinetics,3,<p>Q. Write Arrhenius equation.</p>,Very Short Answer,2,2022,,,,,,,,,,,,,,,,
Board,Class 12th,English,Chemistry,"Aldehydes, Ketones and Carboxylic Acids",8,<p>Q. Write the name of condensation reaction of benzaldehyde with \( KCN \).</p>,Very Short Answer,2,2022,,,,,,,,,,,,,,,,
Board,Class 12th,English,Chemistry,Amines,9,<p>Q. Why tertiary amines not give acylation reaction?</p>,Very Short Answer,2,2022,,,,,,,,,,,,,,,,
Board,Class 12th,English,Chemistry,Biomolecules,10,"<p>Q. Write the name of protein which is present in hair, wool and silk.</p>",Very Short Answer,2,2022,,,,,,,,,,,,,,,,
Board,Class 12th,English,Chemistry,Solutions,1,<p>Q. Calculate the molality of water.</p>,Short Answer,3,2022,,,,,,,,,,,,,,,,
Board,Class 12th,English,Chemistry,Solutions,1,<p>Q. Define the Molarity.</p>,Very Short Answer,2,2022,,,,,,,,,,,,,,,,
Board,Class 12th,English,Chemistry,"Alcohols, Phenols and Ethers",7,<p>Q. Why ammonia has high boiling point ?</p>,Short Answer,3,2022,,,,,,,,,,,,,,,,
Board,Class 12th,English,Chemistry,Coordination Compounds,5,<p>Q. Write two differences between double salt and complex compound.</p>,Short Answer,3,2022,,,,,,,,,,,,,,,,
Board,Class 12th,English,Chemistry,Coordination Compounds,5,<p>Q. Write IUPAC names of the following coordination compounds : (i) \( K_4[Fe(CN)_6] \) (ii) \( [Co(NH_3)_6]Cl_3 \)</p>,Short Answer,3,2022,,,,,,,,,,,,,,,,
Board,Class 12th,English,Chemistry,Amines,9,<p>Q. Write examples of primary and secondary amines.</p>,Short Answer,3,2022,,,,,,,,,,,,,,,,
Board,Class 12th,English,Chemistry,Amines,9,<p>Q. Why are amines soluble in water?</p>,Very Short Answer,2,2022,,,,,,,,,,,,,,,,
Board,Class 12th,English,Chemistry,Biomolecules,10,<p>Q. Write the definition of Zwitter ion.</p>,Very Short Answer,2,2022,,,,,,,,,,,,,,,,
Board,Class 12th,English,Chemistry,Biomolecules,10,<p>Q. Write two differences between DNA and RNA.</p>,Short Answer,3,2022,,,,,,,,,,,,,,,,
Board,Class 12th,English,Chemistry,Solutions,1,<p>Q. 5.85 gm NaCl dissolve in 250 gm water. Calculate the molality of solution.</p>,Short Answer,3,2022,,,,,,,,,,,,,,,,
Board,Class 12th,English,Chemistry,Solutions,1,<p>Q. Calculate the osmotic pressure of \(5\%\) solution of glucose at \(25^{\circ}C\). \(R=0.0821\) lit. atm. M.W. of glucose \(=180\).</p>,Short Answer,3,2022,,,,,,,,,,,,,,,,
Board,Class 12th,English,Chemistry,Chemical Kinetics,3,<p>Q. Explain zero order reaction with example.</p>,Short Answer,3,2022,,,,,,,,,,,,,,,,
Board,Class 12th,English,Chemistry,Chemical Kinetics,3,<p>Q. Explain pseudo order reaction with example.</p>,Short Answer,3,2022,,,,,,,,,,,,,,,,
Board,Class 12th,English,Chemistry,"Alcohols, Phenols and Ethers",7,"<p>Q. Write only chemical equations for following conversions : (i) Ethanol to diethyl ether</p>
<p>Q. Write only chemical equations for following conversions : (ii) Diethyl ether to ethanol</p>
<p>Q. Write only chemical equations for following conversions : (iii) Ethanol to ethyl acetate</p>",Short Answer,3,2022,,,,,,,,,,,,,,,,
Board,Class 12th,English,Chemistry,"Alcohols, Phenols and Ethers",7,<p>Q. Write any three differences between phenol and alcohol.</p>,Short Answer,3,2022,,,,,,,,,,,,,,,,
Board,Class 12th,English,Chemistry,"Aldehydes, Ketones and Carboxylic Acids",8,<p>Q. Write the IUPAC names of the following : (i) \(CH_3CH(CH_3)CH_2CH_2CHO\) (ii) \(CH_3CH=CHCHO\) (iii) \((CH_3)_3CCH_2COOH\)</p>,Short Answer,3,2022,,,,,,,,,,,,,,,,
Board,Class 12th,English,Chemistry,"Aldehydes, Ketones and Carboxylic Acids",8,<p>Q. Write chemical equations of the following reactions : (i) Perkin reaction (ii) Cannizaro reaction (iii) Rosenmund reaction</p>,Short Answer,3,2022,,,,,,,,,,,,,,,,
Board,Class 12th,English,Chemistry,Haloalkanes and Haloarenes,6,<p>Q. What happens when : (Give only chemical equation) (i) \( n \)-Butyl chloride react with alcoholic KOH. (ii) Methyl bromide react with sodium in the presence of dry ether. (iii) Bromo benzene react with Mg in the presence of dry ether. (iv) Methyl chloride react with alcoholic \( KCN \).</p>,Short Answer,3,2022,,,,,,,,,,,,,,,,
Board,Class 12th,English,Chemistry,Haloalkanes and Haloarenes,6,<p>Q. Write chemical equations of the following reactions : (i) Fittig reaction (ii) Hunsdiecker reaction (iii) Sandmeyer's reaction (iv) Friedel Crafts reaction</p>,Short Answer,3,2022,,,,,,,,,,,,,,,,
Board,Class 12th,English,Chemistry,Electrochemistry,2,<p>Q. Explain Kohlrausch law with example and write its two applications.</p>,Long Answer,5,2022,,,,,,,,,,,,,,,,
Board,Class 12th,English,Chemistry,Electrochemistry,2,<p>Q. Define the following : (i) Specific conductivity (ii) Equivalent conductivity (iii) Molar conductivity (iv) Cell constant (v) Specific resistance</p>,Long Answer,5,2022,,,,,,,,,,,,,,,,
Board,Class 12th,English,Chemistry,The d- and f-Block Elements,4,<p>Q. Write any five differences between Lanthanoids and Actinoids.</p>,Short Answer,3,2022,,,,,,,,,,,,,,,,
Board,Class 12th,English,Chemistry,The d- and f-Block Elements,4,<p>Q. Write general electronic configuration of transition elements and explain any four characteristic properties of transition elements.</p>,Long Answer,5,2022,,,,,,,,,,,,,,,,
Board,Class 12th,English,Chemistry,Solutions,1,<p>Q. Formula of Osmotic pressure is - (a) \(\pi=\frac{nRT}{V}\) (b) \(P=\frac{KT}{V}\) (c) \(P=\frac{RT}{M}\) (d) \(\pi=\frac{PV}{T}\)</p>,Short Answer,3,2023,,,,,,,,,,,,,,,,
Board,Class 12th,English,Chemistry,Chemical Kinetics,3,<p>Q. Order of reaction for rate = \( K[A]^{1/2}[B]^{3/2} \) is - (a) \( 2\frac{1}{2} \) (b) \( \frac{4}{3} \) (c) \( 2.5 \) (d) \( 2 \)</p>,Short Answer,3,2023,,,,,,,,,,,,,,,,
Board,Class 12th,English,Chemistry,The d- and f-Block Elements,4,<p>Q. Inner transition element is - (a) Sc (b) Hg (c) V (d) Ce</p>,Very Short Answer,2,2023,,,,,,,,,,,,,,,,
Board,Class 12th,English,Chemistry,Coordination Compounds,5,<p>Q. The oxidation number of Fe in K₂[Fe(CN)₆] is - (a) +6 (b) -4 (c) +4 (d) +3</p>,Short Answer,3,2023,,,,,,,,,,,,,,,,
Board,Class 12th,English,Chemistry,Haloalkanes and Haloarenes,6,<p>Q. Alkyl iodides are often prepared by the reaction of alkyl chloride/bromides with NaI in dry acetone. This reaction is known as - (a) Finkelstein reaction (b) Sandmeyer's reaction (c) Coupling reaction (d) Kolbe's reaction</p>,Short Answer,3,2023,,,,,,,,,,,,,,,,
Board,Class 12th,English,Chemistry,"Alcohols, Phenols and Ethers",7,<p>Q. Alcohols react with sodium to form - (a) R-O-R (b) RONa (c) R-H (d) RCHO</p>,Very Short Answer,2,2023,,,,,,,,,,,,,,,,
Board,Class 12th,English,Chemistry,"Aldehydes, Ketones and Carboxylic Acids",8,<p>Q. Which of the following is most acidic? (a) \( \text{CF}_3\text{COOH} \) (b) \( \text{CCl}_3\text{COOH} \) (c) \( \text{CHCl}_2\text{COOH} \) (d) \( \text{CH}_3\text{COOH} \)</p>,Multiple Choice Question,1,2023,,,,,,,,,,,,,,,,
Board,Class 12th,English,Chemistry,Solutions,1,<p>Q. Molarity of water is _____</p>,Fill in the Blanks,1,2023,,,,,,,,,,,,,,,,
Board,Class 12th,English,Chemistry,Electrochemistry,2,<p>Q. The value of potential of standard hydrogen electrode is _____</p>,Fill in the Blanks,1,2023,,,,,,,,,,,,,,,,
Board,Class 12th,English,Chemistry,The d- and f-Block Elements,4,<p>Q. The colour of Ni\(^{2+}\) is _____</p>,Fill in the Blanks,1,2023,,,,,,,,,,,,,,,,
Board,Class 12th,English,Chemistry,Coordination Compounds,5,<p>Q. The chemical name of EDTA is _____</p>,Fill in the Blanks,1,2023,,,,,,,,,,,,,,,,
Board,Class 12th,English,Chemistry,"Alcohols, Phenols and Ethers",7,<p>Q. Anisole with concentrated \( \text{H}_2\text{SO}_4 \) and concentrated \( \text{HNO}_3 \) gives mixture of _____ and _____</p>,Fill in the Blanks,1,2023,,,,,,,,,,,,,,,,
Board,Class 12th,English,Chemistry,Amines,9,<p>Q. Methyl amine is _____ basic than ammonia</p>,Fill in the Blanks,1,2023,,,,,,,,,,,,,,,,
Board,Class 12th,English,Chemistry,Biomolecules,10,<p>Q. Chemical name of vitamin B₂ is _____</p>,Fill in the Blanks,1,2023,,,,,,,,,,,,,,,,
Board,Class 12th,English,Chemistry,Solutions,1,<p>Q. Write the formula of molar conductivity.</p>,Very Short Answer,2,2023,,,,,,,,,,,,,,,,
Board,Class 12th,English,Chemistry,Chemical Kinetics,3,<p>Q. Write the unit of rate constant for zero order of reaction.</p>,One Word Answer,1,2023,,,,,,,,,,,,,,,,
Board,Class 12th,English,Chemistry,The d- and f-Block Elements,4,<p>Q. Write the electronic configuration of Scandium.</p>,Short Answer,3,2023,,,,,,,,,,,,,,,,
Board,Class 12th,English,Chemistry,Amines,9,<p>Q. Write the chemical reaction of coupling reaction.</p>,Short Answer,3,2023,,,,,,,,,,,,,,,,
Board,Class 12th,English,Chemistry,Amines,9,<p>Q. Write the formula of Hinsberg's reagent.</p>,Very Short Answer,2,2023,,,,,,,,,,,,,,,,
Board,Class 12th,English,Chemistry,Biomolecules,10,<p>Q. Write the name of monomer of proteins.</p>,One Word Answer,1,2023,,,,,,,,,,,,,,,,
Board,Class 12th,English,Chemistry,Solutions,1,<p>Q. Write the definition of mole fraction.</p>,Very Short Answer,2,2023,,,,,,,,,,,,,,,,
Board,Class 12th,English,Chemistry,Solutions,1,<p>Q. Write the definition of solution.</p>,Very Short Answer,2,2023,,,,,,,,,,,,,,,,
Board,Class 12th,English,Chemistry,Electrochemistry,2,<p>Q. Write the functions of salt bridge.</p>,Short Answer,3,2023,,,,,,,,,,,,,,,,
Board,Class 12th,English,Chemistry,Electrochemistry,2,<p>Q. Write the first law of Faraday of electrolysis.</p>,Short Answer,3,2023,,,,,,,,,,,,,,,,
Board,Class 12th,English,Chemistry,Chemical Kinetics,3,<p>Q. Write any two differences between Molecularity of reaction and Order of reaction.</p>,Short Answer,3,2023,,,,,,,,,,,,,,,,
Board,Class 12th,English,Chemistry,Chemical Kinetics,3,<p>Q. Write any two differences between Rate of reaction and Rate constant.</p>,Short Answer,3,2023,,,,,,,,,,,,,,,,
Board,Class 12th,English,Chemistry,Coordination Compounds,5,<p>Q. Write the IUPAC names of following coordination compound - (i) \([Co(NH_3)_6]Cl_3\) (ii) \(K_2[Ni(CN)_4]\)</p>,Short Answer,3,2023,,,,,,,,,,,,,,,,
Board,Class 12th,English,Chemistry,Coordination Compounds,5,<p>Q. Define oxidation number of central metal atom with example.</p>,Short Answer,3,2023,,,,,,,,,,,,,,,,
Board,Class 12th,English,Chemistry,Coordination Compounds,5,<p>Q. Define coordination number with example.</p>,Short Answer,3,2023,,,,,,,,,,,,,,,,
Board,Class 12th,English,Chemistry,Coordination Compounds,5,<p>Q. Write the definition of hydrate isomerism with example.</p>,Short Answer,3,2023,,,,,,,,,,,,,,,,
Board,Class 12th,English,Chemistry,"Aldehydes, Ketones and Carboxylic Acids",8,<p>Q. Write the Etard reaction with chemical equation.</p>,Short Answer,3,2023,,,,,,,,,,,,,,,,
Board,Class 12th,English,Chemistry,"Aldehydes, Ketones and Carboxylic Acids",8,<p>Q. Write two uses of Carboxylic Acid.</p>,Very Short Answer,2,2023,,,,,,,,,,,,,,,,
Board,Class 12th,English,Chemistry,Amines,9,<p>Q. Write only chemical equation for following conversion CH<sub>3</sub>-CH<sub>2</sub>-Cl to CH<sub>3</sub>-CH<sub>2</sub>-CH<sub>2</sub>-NH<sub>2</sub>.</p>,Very Short Answer,2,2023,,,,,,,,,,,,,,,,
Board,Class 12th,English,Chemistry,Amines,9,<p>Q. Write the reason Ethylamine is more basic than Ammonia.</p>,Very Short Answer,2,2023,,,,,,,,,,,,,,,,
Board,Class 12th,English,Chemistry,Biomolecules,10,<p>Q. Write any two differences between Fibrous Protein and Globular Protein.</p>,Short Answer,3,2023,,,,,,,,,,,,,,,,
Board,Class 12th,English,Chemistry,Biomolecules,10,<p>Q. Write any two differences between DNA and RNA.</p>,Short Answer,3,2023,,,,,,,,,,,,,,,,
Board,Class 12th,English,Chemistry,Solutions,1,"<p>Q. The vapour pressure of pure benzene at a certain temperature is 0.850 bar. A non-volatile non-electrolyte solid weighing 0.5 gm. when added to 39.0 gm. of benzene (Molar mass \(78 \, \text{gm mol}^{-1}\)) then vapour pressure of the solution is 0.845 bar. What is the molar mass of the solid substance?</p>",Short Answer,3,2023,,,,,,,,,,,,,,,,
Board,Class 12th,English,Chemistry,Solutions,1,<p>Q. 18 gm glucose (\(C_6H_{12}O_6\)) is dissolved in 1 kg of water in a saucepan. At what temperature will water boil at 1.013 bar? \(K_b\) for water is 0.52 K kg mol\(^{-1}\).</p>,Short Answer,3,2023,,,,,,,,,,,,,,,,
Board,Class 12th,English,Chemistry,Chemical Kinetics,3,<p>Q. Write the unit of rate constant for first order of reaction and second order of reaction.</p>,Very Short Answer,2,2023,,,,,,,,,,,,,,,,
Board,Class 12th,English,Chemistry,Chemical Kinetics,3,<p>Q. Write the following with definition - (i) Rate determining step (ii) Order of reaction</p>,Short Answer,3,2023,,,,,,,,,,,,,,,,
Board,Class 12th,English,Chemistry,The d- and f-Block Elements,4,<p>Q. Write any three differences between d-block and f-block elements.</p>,Short Answer,3,2023,,,,,,,,,,,,,,,,
Board,Class 12th,English,Chemistry,The d- and f-Block Elements,4,<p>Q. Write any three differences between Lanthanoid and Actinoid.</p>,Short Answer,3,2023,,,,,,,,,,,,,,,,
Board,Class 12th,English,Chemistry,"Alcohols, Phenols and Ethers",7,"<p>Q. Write only chemical equation of following reactions : (i) Alkyl halide reacts with sodium alkoxide</p>
<p>Q. Write only chemical equation of following reactions : (ii) Phenol heated with Zn (zinc) powder</p>
<p>Q. Write only chemical equation of following reactions : (iii) Ethyl alcohol is treated with \( \text{H}_2\text{SO}_4 \) at 413 K</p>",Short Answer,3,2023,,,,,,,,,,,,,,,,
Board,Class 12th,English,Chemistry,"Alcohols, Phenols and Ethers",7,"<p>Q. Write the structure of following compound : (i) 4-chloro 2,3-dimethyl pentan-1-ol (ii) 2-ethoxy propane (iii) 2,6-dimethyl phenol</p>",Short Answer,3,2023,,,,,,,,,,,,,,,,
Board,Class 12th,English,Chemistry,Haloalkanes and Haloarenes,6,<p>Q. Write the mechanism of SN\(_1\) and SN\(_2\) reaction.</p>,Long Answer,5,2023,,,,,,,,,,,,,,,,
Board,Class 12th,English,Chemistry,Haloalkanes and Haloarenes,6,<p>Q. Write the following reactions with chemical equation - (i) Sandmeyer's reaction (ii) Fittig reaction</p>,Short Answer,3,2023,,,,,,,,,,,,,,,,
Board,Class 12th,English,Chemistry,Electrochemistry,2,<p>Q. Draw the labelled diagram of Electro-chemical cell and write its structure and chemical reaction.</p>,Diagram based Answer,2,2023,,,,,,,,,,,,,,,,
Board,Class 12th,English,Chemistry,Electrochemistry,2,<p>Q. Write and derive Nernst equation.</p>,Long Answer,5,2023,,,,,,,,,,,,,,,,
Board,Class 12th,English,Chemistry,"Aldehydes, Ketones and Carboxylic Acids",8,<p>Q. How will you prepare the following from acetic acid (\( \text{CH}_3\text{COOH} \))? Write the chemical equations - (i) Acetic anhydride (ii) Ethyl acetate (iii) Acetyl chloride (iv) Acetamide (v) Ethyl alcohol</p>,Long Answer,5,2023,,,,,,,,,,,,,,,,
Board,Class 12th,English,Chemistry,"Aldehydes, Ketones and Carboxylic Acids",8,<p>Q. Complete and write the following reactions: (i) \( \text{CH}_3\text{CH}_2\text{CH}_2\text{CHO} + \text{Ammonical AgNO}_3 \) (Tollen's Reagent) (ii) \( \text{Benzene} + \text{CH}_3\text{COCl}/\text{AlCl}_3 \) (iii) \( \text{C}_6\text{H}_5\text{CHO} + \text{CH}_3\text{COCH}_3/\text{OH}^- \) (iv) \( \text{RCN} + \text{AlH(i-Bu)}_2/\text{H}_2\text{O} \) (v) \( \text{Benzene} + \text{CH}_3\text{COCl}/\text{AlCl}_3 \)</p>,Short Answer,3,2023,,,,,,,,,,,,,,,,
Board,Class 12th,English,Chemistry,Chemical Kinetics,3,<p>Q. A first order reaction completes \(75 \%\) in 16 minutes. How much time will it take to complete \(50 \%\) ? (a) 8 minutes (b) 32 minutes (c) 24 minutes (d) 4 minutes</p>,Multiple Choice Question,1,2024,,,,,,,,,,,,,,,,
Board,Class 12th,English,Chemistry,Biomolecules,10,<p>Q. The following enzyme decompose maltose into glucose. (a) Invertase (b) Zymase (c) Maltase (d) Urease</p>,Multiple Choice Question,1,2024,,,,,,,,,,,,,,,,
Board,Class 12th,English,Chemistry,"Aldehydes, Ketones and Carboxylic Acids",8,<p>Q. The nature of \(\alpha\)-hydrogen in aldehydes is (a) Acidic (b) Basic (c) Neutral (d) Amphoteric</p>,Multiple Choice Question,1,2024,,,,,,,,,,,,,,,,
Board,Class 12th,English,Chemistry,Solutions,1,<p>Q. 5 gram NaOH is dissolved in 250 ml of solution. The molarity of solution will be (a) 0.5 M (b) 0.25 M (c) 2.5 M (d) 5.0 M</p>,Multiple Choice Question,1,2024,,,,,,,,,,,,,,,,
Board,Class 12th,English,Chemistry,Electrochemistry,2,<p>Q. The unit of cell constant is (a) orn cm (b) \(\mathrm{cm}^{-1}\) (c) cm (d) \(\mathrm{ohm}^{-1} \mathrm{~cm}^{-1}\)</p>,Multiple Choice Question,1,2024,,,,,,,,,,,,,,,,
Board,Class 12th,English,Chemistry,Coordination Compounds,5,<p>Q. Isomerism exhibited by the complex compound \(\left[\mathrm{Co}\left(\mathrm{NH}_{3}\right)_{5}(\mathrm{Cl})\right] \mathrm{SO}_{4}\) and \(\left[\mathrm{Co}\left(\mathrm{NH}_{3}\right)_{5}\left(\mathrm{SO}_{4}\right)\right] \mathrm{Cl}\) is (a) Bond isomerism (b) Hydrate isomerism (c) Co-ordination isomerism (d) Ionisation isomerism</p>,Multiple Choice Question,1,2024,,,,,,,,,,,,,,,,
Board,Class 12th,English,Chemistry,Coordination Compounds,5,<p>Q. E.D.T.A. is a _____ ligand.</p>,Fill in the Blanks,1,2024,,,,,,,,,,,,,,,,
Board,Class 12th,English,Chemistry,"Alcohols, Phenols and Ethers",7,<p>Q. 24 6 trinitrophenol is called _____.</p>,Fill in the Blanks,1,2024,,,,,,,,,,,,,,,,
Board,Class 12th,English,Chemistry,"Aldehydes, Ketones and Carboxylic Acids",8,<p>Q. \(\mathrm{C}_{6} \mathrm{H}_{5} \mathrm{COOH} +\) _____ \(\rightarrow \mathrm{C}_{6} \mathrm{H}_{5} \mathrm{CONH}_{2} + \mathrm{H}_{2} \mathrm{O}\)</p>,Short Answer,3,2024,,,,,,,,,,,,,,,,
Board,Class 12th,English,Chemistry,Amines,9,<p>Q. Methyl amine is _____ acidic than ethyl amine.</p>,Fill in the Blanks,1,2024,,,,,,,,,,,,,,,,
Board,Class 12th,English,Chemistry,Solutions,1,<p>Q. The solubility of gas in a liquid is determined by _____ law.</p>,Fill in the Blanks,1,2024,,,,,,,,,,,,,,,,
Board,Class 12th,English,Chemistry,Electrochemistry,2,<p>Q. One Faraday electricity equals to _____ coulomb.</p>,Fill in the Blanks,1,2024,,,,,,,,,,,,,,,,
Board,Class 12th,English,Chemistry,Amines,9,<p>Q. Primary amines is prepared by Hoffmann bromamide reaction.</p>,Very Short Answer,2,2024,,,,,,,,,,,,,,,,
Board,Class 12th,English,Chemistry,Biomolecules,10,<p>Q. Keratin is a globular proteins.</p>,Very Short Answer,2,2024,,,,,,,,,,,,,,,,
Board,Class 12th,English,Chemistry,"Aldehydes, Ketones and Carboxylic Acids",8,<p>Q. Ketones is prepared by Stephen reaction.</p>,Very Short Answer,2,2024,,,,,,,,,,,,,,,,
Board,Class 12th,English,Chemistry,Chemical Kinetics,3,<p>Q. The unit of rate of reaction is mol \(\mathrm{lit}^{-1} \mathrm{sec}^{-1}\).</p>,One Word Answer,1,2024,,,,,,,,,,,,,,,,
Board,Class 12th,English,Chemistry,The d- and f-Block Elements,4,<p>Q. Lanthanoids is more reactive than actinoids.</p>,Very Short Answer,2,2024,,,,,,,,,,,,,,,,
Board,Class 12th,English,Chemistry,"Alcohols, Phenols and Ethers",7,<p>Q. Phenols is also called carbolic acids.</p>,Very Short Answer,2,2024,,,,,,,,,,,,,,,,
Board,Class 12th,English,Chemistry,Electrochemistry,2,<p>Q. Write the unit of Equivalence conductivity.</p>,One Word Answer,1,2024,,,,,,,,,,,,,,,,
Board,Class 12th,English,Chemistry,The d- and f-Block Elements,4,<p>Q. Write the general electronic configuration of f-block-elements.</p>,Very Short Answer,2,2024,,,,,,,,,,,,,,,,
Board,Class 12th,English,Chemistry,Coordination Compounds,5,<p>Q. Who propounded the theory of Coordination compounds?</p>,Very Short Answer,2,2024,,,,,,,,,,,,,,,,
Board,Class 12th,English,Chemistry,Solutions,1,<p>Q. Write the definition of Formalin.</p>,Very Short Answer,2,2024,,,,,,,,,,,,,,,,
Board,Class 12th,English,Chemistry,Solutions,1,<p>Q. Write the definition of Molality.</p>,Very Short Answer,2,2024,,,,,,,,,,,,,,,,
Board,Class 12th,English,Chemistry,Coordination Compounds,5,<p>Q. Write the definition of complex ion.</p>,Very Short Answer,2,2024,,,,,,,,,,,,,,,,
Board,Class 12th,English,Chemistry,Coordination Compounds,5,<p>Q. Write the ionisation isomerism with example.</p>,Very Short Answer,2,2024,,,,,,,,,,,,,,,,
Board,Class 12th,English,Chemistry,Haloalkanes and Haloarenes,6,<p>Q. Write any two uses of carbon tetrachloride.</p>,Very Short Answer,2,2024,,,,,,,,,,,,,,,,
Board,Class 12th,English,Chemistry,Haloalkanes and Haloarenes,6,<p>Q. Write Ammonolysis of alkyl halides with chemical equation.</p>,Short Answer,3,2024,,,,,,,,,,,,,,,,
Board,Class 12th,English,Chemistry,Amines,9,<p>Q. Write coupling reaction of Diazonium salt with chemical equation.</p>,Short Answer,3,2024,,,,,,,,,,,,,,,,
Board,Class 12th,English,Chemistry,Electrochemistry,2,<p>Q. Write the definition of Resistivity.</p>,Very Short Answer,2,2024,,,,,,,,,,,,,,,,
Board,Class 12th,English,Chemistry,Electrochemistry,2,<p>Q. Write the definition of specific conductivity.</p>,Very Short Answer,2,2024,,,,,,,,,,,,,,,,
Board,Class 12th,English,Chemistry,Chemical Kinetics,3,<p>Q. Write the definition of rate of chemical reaction.</p>,Very Short Answer,2,2024,,,,,,,,,,,,,,,,
Board,Class 12th,English,Chemistry,Chemical Kinetics,3,<p>Q. Write the definition of molecularity of chemical reaction.</p>,Very Short Answer,2,2024,,,,,,,,,,,,,,,,
Board,Class 12th,English,Chemistry,The d- and f-Block Elements,4,<p>Q. Transition metals show changed oxidation number why? Write cause.</p>,Short Answer,3,2024,,,,,,,,,,,,,,,,
Board,Class 12th,English,Chemistry,The d- and f-Block Elements,4,<p>Q. Transition metals form coloured ions/compounds why? Write cause.</p>,Short Answer,3,2024,,,,,,,,,,,,,,,,
Board,Class 12th,English,Chemistry,Coordination Compounds,5,<p>Q. Write the IUPAC name of following complex compounds - (i) \( \mathrm{K}_{2}\left[\mathrm{Hg}(\mathrm{I})_{4}\right] \) (ii) \( \left[\mathrm{Cr}\left(\mathrm{H}_{2} \mathrm{O}\right)_{6}\right] \mathrm{Cl}_{3} \)</p>,Short Answer,3,2024,,,,,,,,,,,,,,,,
Board,Class 12th,English,Chemistry,Coordination Compounds,5,<p>Q. Write the IUPAC name of following coordination compounds - (i) Potassium Tetrahydroxydo Zincate (II) (ii) Tetracarbonilnikel (O)</p>,Short Answer,3,2024,,,,,,,,,,,,,,,,
Board,Class 12th,English,Chemistry,"Alcohols, Phenols and Ethers",7,<p>Q. Write following chemical reactions with chemical equations: (i) Reaction of phenols with sodium (acidic nature) (ii) Reimer-Tiemann reaction.</p>,Short Answer,3,2024,,,,,,,,,,,,,,,,
Board,Class 12th,English,Chemistry,"Alcohols, Phenols and Ethers",7,<p>Q. Write chemical equation for the following conversions : (i) Propene to Propan-2-ol (ii) Benzyl chloride to Benzyl alcohol</p>,Short Answer,3,2024,,,,,,,,,,,,,,,,
Board,Class 12th,English,Chemistry,Biomolecules,10,<p>Q. Write the definition of enzyme with example.</p>,Short Answer,3,2024,,,,,,,,,,,,,,,,
Board,Class 12th,English,Chemistry,Biomolecules,10,<p>Q. Write the definition of essential and non-essential amino acids with example.</p>,Short Answer,3,2024,,,,,,,,,,,,,,,,
Board,Class 12th,English,Chemistry,Chemical Kinetics,3,<p>Q. For a first order reaction write that time required for \(99 \%\) completion is twice the time required for the completion of \(90 \%\) of reaction.</p>,Long Answer,5,2024,,,,,,,,,,,,,,,,
Board,Class 12th,English,Chemistry,Chemical Kinetics,3,<p>Q. For a zero order of chemical reaction derive the expression that the value of half life \( \left(t_{1 / 2}\right) \) is directly proportional of the initial concentration of reactants.</p>,Long Answer,5,2024,,,,,,,,,,,,,,,,
Board,Class 12th,English,Chemistry,The d- and f-Block Elements,4,<p>Q. Write the definition of d-block elements and its any two characters.</p>,Short Answer,3,2024,,,,,,,,,,,,,,,,
Board,Class 12th,English,Chemistry,The d- and f-Block Elements,4,<p>Q. Write the definition of f-block elements and its any two characters.</p>,Short Answer,3,2024,,,,,,,,,,,,,,,,
Board,Class 12th,English,Chemistry,Haloalkanes and Haloarenes,6,<p>Q. Write the following reactions with chemical equations (i) Oxidation of chloroform (ii) Wurtz-Fittig reaction</p>,Short Answer,3,2024,,,,,,,,,,,,,,,,
Board,Class 12th,English,Chemistry,Haloalkanes and Haloarenes,6,<p>Q. Complete following reactions : (i) \(\mathrm{CH}_{3} \mathrm{CH}_{2} \mathrm{Br}+\mathrm{KCN} \xrightarrow[\text { (aq. ethanol) }]{\text { जलीय एथेनॉल }}\) (ii) \(\mathrm{C}_{2} \mathrm{H}_{5} \mathrm{Cl}+\mathrm{C}_{2} \mathrm{H}_{5} \mathrm{ONa} \rightarrow\) (iii) [Chemical Structure] (iv) \(\mathrm{CH}_{3} \mathrm{CH}_{2} \mathrm{OH}+\mathrm{SOCl}_{2} \rightarrow\)</p>,Short Answer,3,2024,,,,,,,,,,,,,,,,
Board,Class 12th,English,Chemistry,"Aldehydes, Ketones and Carboxylic Acids",8,<p>Q. Write the following reactions with chemical equations : (i) Cannizaro's reaction (ii) Rosenmund reaction</p>,Short Answer,3,2024,,,,,,,,,,,,,,,,
Board,Class 12th,English,Chemistry,"Aldehydes, Ketones and Carboxylic Acids",8,<p>Q. What happened when (Write with chemical equations) (i) Benzene is reacted with acetyl chloride in the presence of anhydrous aluminium chloride catalyst. (ii) Benzene is heated with carbon monoxide and hydrogen chloride gas in the presence of anhydrous aluminium chloride catalyst.</p>,Short Answer,3,2024,,,,,,,,,,,,,,,,
Board,Class 12th,English,Chemistry,Solutions,1,<p>Q. Define Osmotic pressure and based on this derive a mathematical expression to determine the molecular weight (mass) of solute.</p>,Long Answer,5,2024,,,,,,,,,,,,,,,,
Board,Class 12th,English,Chemistry,Solutions,1,<p>Q. Define depression in freezing point and based on this derive a mathematical expression to determine the molecular weight (mass) of solute.</p>,Long Answer,5,2024,,,,,,,,,,,,,,,,
Board,Class 12th,English,Chemistry,Electrochemistry,2,<p>Q. Write Kohlrausch's law and its any two applications.</p>,Short Answer,3,2024,,,,,,,,,,,,,,,,
Board,Class 12th,English,Chemistry,Electrochemistry,2,<p>Q. Write any four differences between galvanic cell and electrolytic cell.</p>,Short Answer,3,2024,,,,,,,,,,,,,,,,
Board,Class 12th,English,Chemistry,Solutions,1,<p>Q. Homogeneous mixtures of two or more than two components is - (a) Solution (b) Liquid solute (c) Liquid solvent (d) Solvent</p>,Multiple Choice Question,1,2025,,,,,,,,,,,,,,,,
Board,Class 12th,English,Chemistry,Chemical Kinetics,3,<p>Q. Rate \(=K[A]^{1 / 2}[B]^{3 / 2}\) in rate expression the overall order of reaction is - (a) 4 (b) 3 (c) 2 (d) 1</p>,Multiple Choice Question,1,2025,,,,,,,,,,,,,,,,
Board,Class 12th,English,Chemistry,The d- and f-Block Elements,4,<p>Q. Transition element is - (a) Sodium (b) Potassium (c) Titanium (d) Cesium</p>,Multiple Choice Question,1,2025,,,,,,,,,,,,,,,,
Board,Class 12th,English,Chemistry,"Aldehydes, Ketones and Carboxylic Acids",8,<p>Q. Benzaldehyde is - (a) \(\mathrm{C}_{6} \mathrm{H}_{5} \mathrm{OH}\) (b) \(\mathrm{C}_{6} \mathrm{H}_{4}(\mathrm{CHO})(\mathrm{OH})\) (c) \(\mathrm{C}_{6} \mathrm{H}_{5} \mathrm{CHO}\) (d) \(\mathrm{C}_{6} \mathrm{H}_{6} \mathrm{CHO}\)</p>,Multiple Choice Question,1,2025,,,,,,,,,,,,,,,,
Board,Class 12th,English,Chemistry,Amines,9,"<p>Q. Ethane-1, 2-diamine is - (a) \(\mathrm{H}_{2} \mathrm{~N}-\mathrm{CH}_{2}-\mathrm{CH}_{2}-\mathrm{NH}_{2}\) (b) \(\mathrm{CH}_{3} \mathrm{NHCH}_{2} \mathrm{CH}_{3}\) (c) \(\mathrm{H}_{2} \mathrm{~N}-\mathrm{CH}_{2}-\mathrm{NH}-\mathrm{CH}_{3}\) (d) \(\mathrm{CH}_{3} \mathrm{NHCH}_{2} \mathrm{CH}_{2} \mathrm{CH}_{3}\)</p>",Multiple Choice Question,1,2025,,,,,,,,,,,,,,,,
Board,Class 12th,English,Chemistry,Biomolecules,10,<p>Q. Molecules that act as intercelluar messengers are - (a) DNA (b) RNA (c) Hormones (d) Enzymes</p>,Multiple Choice Question,1,2025,,,,,,,,,,,,,,,,
Board,Class 12th,English,Chemistry,Solutions,1,<p>Q. Number of moles of solute dissolved in one litre (1 cubic decimetre) of solution is called _____.</p>,Fill in the Blanks,1,2025,,,,,,,,,,,,,,,,
Board,Class 12th,English,Chemistry,Chemical Kinetics,3,<p>Q. The unit of rate constant for first order reaction is ____.</p>,Fill in the Blanks,1,2025,,,,,,,,,,,,,,,,
Board,Class 12th,English,Chemistry,"Aldehydes, Ketones and Carboxylic Acids",8,<p>Q. Fehling reagent contains two solutions Fehling solution-A and _____.</p>,Fill in the Blanks,1,2025,,,,,,,,,,,,,,,,
Board,Class 12th,English,Chemistry,Amines,9,<p>Q. Lower aliphatic amines are _____ smelling gases.</p>,Fill in the Blanks,1,2025,,,,,,,,,,,,,,,,
Board,Class 12th,English,Chemistry,Biomolecules,10,<p>Q. Glucose occurs in nature in free or _____ state.</p>,Fill in the Blanks,1,2025,,,,,,,,,,,,,,,,
Board,Class 12th,English,Chemistry,Biomolecules,10,"<p>Q. If third amino acid combines with dipeptide, the product is called _____.</p>",Fill in the Blanks,1,2025,,,,,,,,,,,,,,,,
Board,Class 12th,English,Chemistry,Solutions,1,<p>Q. The solutions which obey Raoult's law over the entire range of concentrations are known as ideal solutions.</p>,Short Answer,3,2025,,,,,,,,,,,,,,,,
Board,Class 12th,English,Chemistry,Electrochemistry,2,<p>Q. The cell potential is the addition of the electrode potentials (reduction potentials) of the cathode and anode.</p>,Short Answer,3,2025,,,,,,,,,,,,,,,,
Board,Class 12th,English,Chemistry,Coordination Compounds,5,<p>Q. The \(\mathrm{Ca}^{2+}\) and \(\mathrm{Mg}^{2+}\) ions form stable complexes with EDTA.</p>,Short Answer,3,2025,,,,,,,,,,,,,,,,
Board,Class 12th,English,Chemistry,"Alcohols, Phenols and Ethers",7,<p>Q. \(\mathrm{C}_{2} \mathrm{H}_{5} \mathrm{OCH}_{3}\) is a symmetrical ether.</p>,Short Answer,3,2025,,,,,,,,,,,,,,,,
Board,Class 12th,English,Chemistry,"Aldehydes, Ketones and Carboxylic Acids",8,<p>Q. Ketones containing carbonyl group.</p>,Short Answer,3,2025,,,,,,,,,,,,,,,,
Board,Class 12th,English,Chemistry,Amines,9,<p>Q. Hinsberg's reagent reacts with primary and secondary amines to form sulphonamides.</p>,Short Answer,3,2025,,,,,,,,,,,,,,,,
Board,Class 12th,English,Chemistry,Electrochemistry,2,<p>Q. Write the value of conductivity of superconductor.</p>,Very Short Answer,2,2025,,,,,,,,,,,,,,,,
Board,Class 12th,English,Chemistry,The d- and f-Block Elements,4,<p>Q. Write the chemical formula of potassium dichromate.</p>,Very Short Answer,2,2025,,,,,,,,,,,,,,,,
Board,Class 12th,English,Chemistry,Coordination Compounds,5,<p>Q. Write the central metal atom in \(\left[\mathrm{Ni}(\mathrm{CO})_{4}\right]\).</p>,Very Short Answer,2,2025,,,,,,,,,,,,,,,,
Board,Class 12th,English,Chemistry,Haloalkanes and Haloarenes,6,"<p>Q. Write alkyl halides \(\mathrm{RI}, \mathrm{RF}, \mathrm{RBr}, \mathrm{RCl}\) in decreasing order of boiling points.</p>",Very Short Answer,2,2025,,,,,,,,,,,,,,,,
Board,Class 12th,English,Chemistry,Biomolecules,10,<p>Q. Write the name of hormone which is responsible for deep voice in males.</p>,One Word Answer,1,2025,,,,,,,,,,,,,,,,
Board,Class 12th,English,Chemistry,Electrochemistry,2,<p>Q. Write the definition of corrosion.</p>,Very Short Answer,2,2025,,,,,,,,,,,,,,,,
Board,Class 12th,English,Chemistry,Electrochemistry,2,<p>Q. Write the Faraday's first law of electrolysis.</p>,Very Short Answer,2,2025,,,,,,,,,,,,,,,,
Board,Class 12th,English,Chemistry,Chemical Kinetics,3,"<p>Q. Write, what are elementary reactions.</p>",Very Short Answer,2,2025,,,,,,,,,,,,,,,,
Board,Class 12th,English,Chemistry,Chemical Kinetics,3,"<p>Q. Write, what are complex reactions.</p>",Very Short Answer,2,2025,,,,,,,,,,,,,,,,
Board,Class 12th,English,Chemistry,The d- and f-Block Elements,4,<p>Q. Write any two characteristics of interstitial compounds.</p>,Short Answer,3,2025,,,,,,,,,,,,,,,,
Board,Class 12th,English,Chemistry,The d- and f-Block Elements,4,<p>Q. Write any two applications of \( \mathrm{d} \)- and f-block elements.</p>,Short Answer,3,2025,,,,,,,,,,,,,,,,
Board,Class 12th,English,Chemistry,Coordination Compounds,5,<p>Q. Write homoleptic complex with an example.</p>,Short Answer,3,2025,,,,,,,,,,,,,,,,
Board,Class 12th,English,Chemistry,Coordination Compounds,5,<p>Q. Write heteroleptic complex with an example.</p>,Short Answer,3,2025,,,,,,,,,,,,,,,,
Board,Class 12th,English,Chemistry,Coordination Compounds,5,<p>Q. Write the formulas for the following coordination compounds : (i) Potassium tetracyanidonickelate (II) (ii) Pentaamminecarbonatocobalt (III) chloride</p>,Short Answer,3,2025,,,,,,,,,,,,,,,,
Board,Class 12th,English,Chemistry,Coordination Compounds,5,<p>Q. Write the IUPAC names of the following coordination compounds: (i) \( \mathrm{K}_{2}\left[\mathrm{PdCl}_{4}\right] \) (ii) \( \left[\mathrm{Cr}\left(\mathrm{NH}_{3}\right)_{3}\left(\mathrm{H}_{2} \mathrm{O}\right)_{3}\right] \mathrm{Cl}_{3} \)</p>,Short Answer,3,2025,,,,,,,,,,,,,,,,
Board,Class 12th,English,Chemistry,Haloalkanes and Haloarenes,6,<p>Q. Draw the structures of major monohalo product for the following chemical reactions : (i) cyclohexanol + \(\mathrm{SOCl}_{2}\) (ii) benzene + \(\mathrm{Cl}_{2}\) with \(\mathrm{FeCl}_{3}\)</p>,Short Answer,3,2025,,,,,,,,,,,,,,,,
Board,Class 12th,English,Chemistry,Biomolecules,10,<p>Q. Write the names of any four main sources of Vitamin A.</p>,Very Short Answer,2,2025,,,,,,,,,,,,,,,,
Board,Class 12th,English,Chemistry,Biomolecules,10,<p>Q. Write the names of any four chief sources of protein.</p>,Very Short Answer,2,2025,,,,,,,,,,,,,,,,
Board,Class 12th,English,Chemistry,Chemical Kinetics,3,<p>Q. Write any three conclusions or characteristics of molecularity of reaction.</p>,Short Answer,3,2025,,,,,,,,,,,,,,,,
Board,Class 12th,English,Chemistry,Chemical Kinetics,3,<p>Q. Write any three conclusions or characteristics of order of reaction.</p>,Short Answer,3,2025,,,,,,,,,,,,,,,,
Board,Class 12th,English,Chemistry,The d- and f-Block Elements,4,"<p>Q. Write, why do transition elements exhibit higher enthalpies of atomisation.</p>",Short Answer,3,2025,,,,,,,,,,,,,,,,
Board,Class 12th,English,Chemistry,The d- and f-Block Elements,4,"<p>Q. Write, why is \(\mathrm{Cr}^{2+}\) reducing and \(\mathrm{Mn}^{3+}\) oxidising when both have \(\mathrm{d}^{4}\) configuration.</p>",Short Answer,3,2025,,,,,,,,,,,,,,,,
Board,Class 12th,English,Chemistry,Haloalkanes and Haloarenes,6,<p>Q. Write any three effects of dichloromethane (methylene chloride) for human.</p>,Short Answer,3,2025,,,,,,,,,,,,,,,,
Board,Class 12th,English,Chemistry,Haloalkanes and Haloarenes,6,<p>Q. Write any three effects of tetrachloromethane (carbon tetrachloride) for human.</p>,Short Answer,3,2025,,,,,,,,,,,,,,,,
Board,Class 12th,English,Chemistry,Amines,9,<p>Q. What is diazotisation? Why diazonium salt is generally not stored? Write chemical equation for diazotisation.</p>,Long Answer,5,2025,,,,,,,,,,,,,,,,
Board,Class 12th,English,Chemistry,Amines,9,<p>Q. What is Hoffmann bromamide degradation reaction? Why in this reaction amine contains carbon less than that present in the amide? Write chemical equation for it.</p>,Long Answer,5,2025,,,,,,,,,,,,,,,,
Board,Class 12th,English,Chemistry,Solutions,1,<p>Q. Define elevation in boiling point and based on this derive a mathematical expression to determine the molar mass of solute.</p>,Long Answer,5,2025,,,,,,,,,,,,,,,,
Board,Class 12th,English,Chemistry,Solutions,1,<p>Q. Define relative lowering of vapour pressure and based on this derive a mathematical expression to determine the molar mass of solute.</p>,Long Answer,5,2025,,,,,,,,,,,,,,,,
Board,Class 12th,English,Chemistry,Electrochemistry,2,<p>Q. A solution of \(\mathrm{CuSO}_{4}\) is electrolysed for 10 minutes with a current of 1.5 amperes. Write the mass of copper deposited at the cathode by calculation.</p>,Long Answer,5,2025,,,,,,,,,,,,,,,,
Board,Class 12th,English,Chemistry,Electrochemistry,2,"<p>Q. The conductivity of \(0.001028 \, \mathrm{mol} \, \mathrm{L}^{-1}\) acetic acid is \(4.95 \times 10^{-5} \, \mathrm{S} \, \mathrm{cm}^{-1}\). Calculate its dissociation constant if \(\Lambda_{\mathrm{m}}^{\circ}\) for acetic acid is \(390.5 \, \mathrm{S} \, \mathrm{cm}^{2} \, \mathrm{mol}^{-1}\).</p>",Long Answer,5,2025,,,,,,,,,,,,,,,,
Board,Class 12th,English,Chemistry,"Aldehydes, Ketones and Carboxylic Acids",8,<p>Q. Complete the following reactions : (i) \(\mathrm{CH}_{3}\mathrm{CH}_{2}\mathrm{CH}_{2}\mathrm{OH} + \text{excess } \mathrm{KMnO}_{4}/H^{+}\) (ii) \(\text{benzene} + \mathrm{CH}_{3}\mathrm{COCl} \text{ with } \mathrm{AlCl}_{3}\) (iii) \(\text{toluene} + \mathrm{CrO}_{2}\mathrm{Cl}_{2}\) (iv) \(\mathrm{acetaldehyde} + \mathrm{NH}_{2}\mathrm{OH}\)</p>,Long Answer,5,2025,,,,,,,,,,,,,,,,
Board,Class 12th,English,Chemistry,"Alcohols, Phenols and Ethers",7,<p>Q. Complete the following reactions : (i) \(\left(\mathrm{CH}_{3}\right)_{3} \mathrm{C}-\mathrm{OC}_{2} \mathrm{H}_{5} \xrightarrow{\mathrm{HI}}\) (ii) \(\mathrm{CO}+2 \mathrm{H}_{2} \xrightarrow[\substack{200-300 \text { atm } \\ 573-673 \mathrm{~K}}]{\mathrm{ZnO}-\mathrm{Cr}_{2} \mathrm{O}_{3}}\) (iii) benzene + \(\mathrm{CH}_{3}Cl\) with \(\mathrm{AlCl}_{3}\) (iv) phenol + \(\mathrm{CHCl}_{3}\) + \(\mathrm{NaOH}\)</p>,Long Answer,5,2025,,,,,,,,,,,,,,,,
Board,Class 12th,English,Chemistry,"Aldehydes, Ketones and Carboxylic Acids",8,<p>Q. Write the following reactions with chemical equations : (i) Gatterman-Koch reaction (ii) Etard reaction</p>,Long Answer,5,2025,,,,,,,,,,,,,,,,
Board,Class 12th,English,Chemistry,"Aldehydes, Ketones and Carboxylic Acids",8,<p>Q. Write the following reactions with chemical equations : (i) Stephen reaction (ii) Friedel-Crafts acylation reaction</p>,Long Answer,5,2025,,,,,,,,,,,,,,,,
Board,Class 12th,English,Maths,Inverse Trigonometric Functions,2,<p>Q. The value of \(2 \cos ^{-1} x\) is: (a) \(\cos ^{-1}\left(2 x^{2}+1\right)\) (b) \(\cos ^{-1} \frac{2 x}{1+x^{2}}\) (c) \(\cos ^{-1}\left(2 x^{2}-1\right)\) (d) \(\tan ^{-1} \frac{2 x}{1-x^{2}}\)</p>,Multiple Choice Question,1,2016,,,,,,,,,,,,,,,,
Board,Class 12th,English,Maths,Integrals,7,<p>Q. The partial fraction form of \(\frac{1}{x^{2}+2 x}\) is: (a) \(\frac{1}{2}\left[\frac{1}{x}-\frac{1}{x+2}\right]\) (b) \(\frac{1}{2}\left[\frac{1}{x}+\frac{1}{x+2}\right]\) (c) \(\frac{1}{2}\left[\frac{1}{x+2}-\frac{1}{x}\right]\) (d) \(\frac{1}{x}-\frac{1}{x+2}\)</p>,Multiple Choice Question,1,2016,,,,,,,,,,,,,,,,
Board,Class 12th,English,Maths,Integrals,7,"<p>Q. The value of \(\int_{a}^{b} \cos x \, dx\) is: (a) \(-\sin b+\sin a\) (b) \(\sin b+\sin a\) (c) \(\cos b-\cos a\) (d) \(\sin b-\sin a\)</p>",Multiple Choice Question,1,2016,,,,,,,,,,,,,,,,
Board,Class 12th,English,Maths,Vector Algebra,10,<p>Q. Projection of vector \(\vec{a}\) on \(\vec{b}\) (a) \(\frac{\bar{a} \cdot \bar{b}}{|\bar{b}|}\) (b) \(\frac{\quad}{|\vec{a}|}\) (c) \(\frac{\vec{a}}{|\vec{a}|}\) (d) \(\frac{\vec{a} \times \vec{b}}{|\vec{b}|}\)</p>,Multiple Choice Question,1,2016,,,,,,,,,,,,,,,,
Board,Class 12th,English,Maths,Continuity and Differentiability,5,<p>Q. The value of \(\frac{d}{d x} \sin x^{2}\) is: (a) \(\cos x^{2}\) (b) \(x \sin x^{2}\) (c) \(2 x \cos x^{2}\) (d) \(x \cos x^{2}\)</p>,Multiple Choice Question,1,2016,,,,,,,,,,,,,,,,
Board,Class 12th,English,Maths,Vector Algebra,10,<p>Q. In vector Algebra displacement is a vector quantity.</p>,True False,1,2016,,,,,,,,,,,,,,,,
Board,Class 12th,English,Maths,Vector Algebra,10,<p>Q. Square of a vector is equal to square of its modulus.</p>,True False,1,2016,,,,,,,,,,,,,,,,
Board,Class 12th,English,Maths,Three Dimensional Geometry,11,"<p>Q. The perpendicular distance of point \((185, 12)\) from \(x\)-axis is .........</p>",Fill in the Blanks,1,2016,,,,,,,,,,,,,,,,
Board,Class 12th,English,Maths,Applications of Derivatives,6,<p>Q. Differential coefficient of \(\sin x^{3}\) with respect to \(x^{3}\) is .........</p>,Fill in the Blanks,1,2016,,,,,,,,,,,,,,,,
Board,Class 12th,English,Maths,Continuity and Differentiability,5,<p>Q. In which interval does the root of equation \(x^{3}-2 x-5=0\) lie.</p>,Very Short Answer,2,2016,,,,,,,,,,,,,,,,
Board,Class 12th,English,Maths,Vector Algebra,10,<p>Q. Find the direction cosiness of the vector \(6 \hat{i}+2 \hat{j}-3 \hat{k}\)</p>,Very Short Answer,2,2016,,,,,,,,,,,,,,,,
Board,Class 12th,English,Maths,Vector Algebra,10,<p>Q. If \(\bar{a}=a_{1} \hat{i}+a_{2} \hat{j}+a_{3} \hat{k}\) and \(\vec{b}=b_{1} \hat{i}+b_{2} \hat{j}+b_{3} \hat{k}\) then find the value of \(\vec{a} \times \vec{b}\)</p>,Short Answer,3,2016,,,,,,,,,,,,,,,,
Board,Class 12th,English,Maths,Vector Algebra,10,<p>Q. If \(\vec{a}=2 \hat{i}+\lambda \hat{j}+\hat{k}\) and \(\vec{b}=4 \hat{i}-3 \hat{j}-2 \hat{k}\) are perpendicular to each other then find the value of scalar \(\lambda\).</p>,Short Answer,3,2016,,,,,,,,,,,,,,,,
Board,Class 12th,English,Maths,Vector Algebra,10,<p>Q. Find the angle between two vectors \(\vec{a}=2 \hat{\mathrm{i}}+\hat{j}-3 \hat{k}\) and \(\overrightarrow{\mathrm{b}}=3 \hat{\mathrm{i}}-2 \hat{\mathrm{j}}-2 \hat{\mathrm{k}}\)</p>,Short Answer,3,2016,,,,,,,,,,,,,,,,
Board,Class 12th,English,Maths,Three Dimensional Geometry,11,<p>Q. Write the condition for intersecting the two lines \(\overline{\mathrm{r}}=\overline{\mathrm{a}}_{1}+\lambda \overline{\mathrm{b}}_{1}\) and \(\overrightarrow{\mathrm{r}}=\overrightarrow{\mathrm{a}}_{2}+\lambda \overrightarrow{\mathrm{b}}_{2}\).</p>,Very Short Answer,2,2016,,,,,,,,,,,,,,,,
Board,Class 12th,English,Maths,Integrals,7,"<p>Q. Find the value of \(\int \sec ^{2} x \tan ^{3} x \, dx\).</p>",Short Answer,3,2016,,,,,,,,,,,,,,,,
Board,Class 12th,English,Maths,Integrals,7,<p>Q. Find the value of \(\int \frac{1}{\mathrm{e}^{\mathrm{x}}+1} \mathrm{dx}\)</p>,Short Answer,3,2016,,,,,,,,,,,,,,,,
Board,Class 12th,English,Maths,Integrals,7,"<p>Q. Find the value of \(\int x \sin x \, dx\)</p>",Short Answer,3,2016,,,,,,,,,,,,,,,,
Board,Class 12th,English,Maths,Differential Equations,9,"<p>Q. Find the value of \(\int \frac{2 x+1}{\sqrt{x^{2}+x+1}} \, d x\)</p>",Short Answer,3,2016,,,,,,,,,,,,,,,,
Board,Class 12th,English,Maths,Inverse Trigonometric Functions,2,<p>Q. Prove that: \(\tan^{-1} \frac{1}{4} + \tan^{-1} \frac{2}{9} = \frac{1}{2} \cos^{-1} \frac{3}{5}\)</p>,Short Answer,3,2016,,,,,,,,,,,,,,,,
Board,Class 12th,English,Maths,Inverse Trigonometric Functions,2,<p>Q. Prove that: \(\sin^{-1} \frac{3}{5} + \sin^{-1} \frac{8}{17} = \sin^{-1} \frac{77}{85}\)</p>,Very Short Answer,2,2016,,,,,,,,,,,,,,,,
Board,Class 12th,English,Maths,Integrals,7,<p>Q. Resolve \(\frac{11-2 x}{x^{2}+9 x+14}\) into partial fractions.</p>,Short Answer,3,2016,,,,,,,,,,,,,,,,
Board,Class 12th,English,Maths,Integrals,7,<p>Q. Resolve \(\frac{\mathrm{X}}{1+\mathrm{x}^{3}}\) into partial fractions.</p>,Short Answer,3,2016,,,,,,,,,,,,,,,,
Board,Class 12th,English,Maths,Continuity and Differentiability,5,<p>Q. Differentiate \(\tan^{-1} \cdot \frac{\mathrm{x}}{\sqrt{\mathrm{a}^{2}-\mathrm{x}^{2}}}\) with respect to \(x\).</p>,Very Short Answer,2,2016,,,,,,,,,,,,,,,,
Board,Class 12th,English,Maths,Continuity and Differentiability,5,<p>Q. If \( y=\frac{1-\cos x}{1+\cos x} \) then find the value of \( \frac{d y}{d x} \)</p>,Very Short Answer,2,2016,,,,,,,,,,,,,,,,
Board,Class 12th,English,Maths,Continuity and Differentiability,5,<p>Q. If \( y=\tan x+\sec x \) then prove that \( \frac{d^{2} y}{d x^{2}}=\frac{\cos x}{(1-\sin x)^{2}} \)</p>,Short Answer,3,2016,,,,,,,,,,,,,,,,
Board,Class 12th,English,Maths,Continuity and Differentiability,5,<p>Q. Find the differential coefficient of \(\sin ^{-1}\left(\frac{2 x}{1+x^{2}}\right)\) with respect to \(\tan ^{-1} x\).</p>,Long Answer,5,2016,,,,,,,,,,,,,,,,
Board,Class 12th,English,Maths,Applications of Derivatives,6,"<p>Q. The edge of a cube is increasing at the rate of \(7 \, \mathrm{cm/s}\). How fast is the volume of the cube increasing when the edge is 10 cm long?</p>",Long Answer,5,2016,,,,,,,,,,,,,,,,
Board,Class 12th,English,Maths,Applications of Derivatives,6,<p>Q. Find two positive numbers whose product is \( 64 \) and the sum is minimum.</p>,Short Answer,3,2016,,,,,,,,,,,,,,,,
Board,Class 12th,English,Maths,Three Dimensional Geometry,11,<p>Q. Prove that the angle between any two diagonals of a cube is \(\tan^{-1}(2 \sqrt{2})\)</p>,Long Answer,5,2016,,,,,,,,,,,,,,,,
Board,Class 12th,English,Maths,Continuity and Differentiability,5,<p>Q. Find the value of \(\lim _{x \rightarrow 0} \frac{x^{3} \cot x}{1-\cos x}\)</p>,Short Answer,3,2016,,,,,,,,,,,,,,,,
Board,Class 12th,English,Maths,Continuity and Differentiability,5,<p>Q. \( f(x)=\left\{\begin{array}{ll}\frac{\sin a x}{\sin b x}& x \neq 0 \\ a / b & x=0\end{array}\right. \) Test the continuity of function at \( x=0 \).</p>,Very Short Answer,2,2016,,,,,,,,,,,,,,,,
Board,Class 12th,English,Maths,Integrals,7,<p>Q. Find the value of \(\int \frac{d x}{3+2 \cos ^{2} x}\)</p>,Short Answer,3,2016,,,,,,,,,,,,,,,,
Board,Class 12th,English,Maths,Applications of Integrals,8,<p>Q. Find the area included between the two curves \( y^{2}=9 x \) and \( x^{2}=9 y \).</p>,Long Answer,5,2016,,,,,,,,,,,,,,,,
Board,Class 12th,English,Maths,Differential Equations,9,<p>Q. Solve the differential equation \( x + y \frac{d y}{d x} = 2 y \).</p>,Very Short Answer,2,2016,,,,,,,,,,,,,,,,
Board,Class 12th,English,Maths,Differential Equations,9,<p>Q. Solve the differential equation \(\frac{d y}{d x}+2 y=\sin x\).</p>,Very Short Answer,2,2016,,,,,,,,,,,,,,,,
Board,Class 12th,English,Maths,Probability,13,<p>Q. Tickets are marked from 1 to 16 and mixed up. One ticket is taken out at random. Find the probability of its being a multiple of 2 or 3.</p>,Very Short Answer,2,2016,,,,,,,,,,,,,,,,
Board,Class 12th,English,Maths,Probability,13,<p>Q. A dice is thrown twice. A success is an even number on each throw. Find the probability distribution of the number of successes.</p>,Very Short Answer,2,2016,,,,,,,,,,,,,,,,
Board,Class 12th,English,Maths,Three Dimensional Geometry,11,"<p>Q. Prove that the points \((12, 3)\), \((3, 0, 3)\), \((-2, -3, -3)\) and \((3, 4, 6)\) are coplanar.</p>",Very Short Answer,2,2016,,,,,,,,,,,,,,,,
Board,Class 12th,English,Maths,Vector Algebra,10,"<p>Q. If \(\vec{a}=3 \hat{i}+2 \hat{j}+2 \hat{k}\), \(\vec{b}=-\hat{i}+3 \hat{j}-\hat{k}\) and \(\vec{c}=\hat{i}+\hat{j}+\hat{k}\) then find the value of \(\vec{a} \times(\vec{b} \times \vec{c})\) and \((\vec{a} \times \vec{b}) \times \vec{c}\).</p>",Very Short Answer,2,2016,,,,,,,,,,,,,,,,
Board,Class 12th,English,Maths,Vector Algebra,10,"<p>Q. Prove that the triangle whose position vectors of the vertices are \(2 \hat{i}+4 \hat{j}-\hat{k}\), \(4 \hat{i}+5 \hat{j}+\hat{k}\) and \(3 \hat{i}+6 \hat{j}-3 \hat{k}\) respectively is an isosceles right angled triangle.</p>",Very Short Answer,2,2016,,,,,,,,,,,,,,,,
Board,Class 12th,English,Maths,Inverse Trigonometric Functions,2,<p>Q. \( \tan^{-1}\left(\frac{x}{\sqrt{1-x^2}}\right) \) का मान है। (a) \( \cos^{-1}x \) (b) \( \cot^{-1}x \) (c) \( \sin^{-1}\left(\frac{1}{x}\right) \) (d) \( \sin^{-1}x \)</p>,Multiple Choice Question,1,2017,,,,,,,,,,,,,,,,
Board,Class 12th,English,Maths,Integrals,7,"<p>Q. \(\int_{1}^{3} x^{2} \, dx\) का मान है। (a) \(\frac{26}{3}\) (b) \(\frac{28}{3}\) (c) \(\frac{25}{3}\) (d) \(\frac{8}{3}\)</p>",Multiple Choice Question,1,2017,,,,,,,,,,,,,,,,
Board,Class 12th,English,Maths,Differential Equation ,9,<p>Q. log sin x का अवकल गुणांक है। (a) cos x (b) tan x (c) cosec x (d) cot x</p>,Multiple Choice Question,1,2017,,,,,,,,,,,,,,,,
Board,Class 12th,English,Maths,Integrals,7,<p>Q. If \(\frac{2x+3}{x^2+5x+6} = \frac{A}{x+2} + \frac{B}{x+3}\) then the value of \(A+B\) is : (a) 3 (b) 2 (c) 5 (d) 4</p>,Multiple Choice Question,1,2017,,,,,,,,,,,,,,,,
Board,Class 12th,English,Maths,Inverse Trigonometric Functions,2,<p>Q. The value of \(\tan^{-1}\left(\frac{x}{\sqrt{1-x^2}}\right)\) is : (a) \(\cos^{-1}x\) (b) \(\cot^{-1}x\) (c) \(\sin^{-1}\left(\frac{1}{x}\right)\) (d) \(\sin^{-1}x\)</p>,Multiple Choice Question,1,2017,,,,,,,,,,,,,,,,
Board,Class 12th,English,Maths,Integrals,7,"<p>Q. The value of \(\int_{1}^{3} x^{2} \, dx\) is: (a) \(\frac{26}{3}\) (b) \(\frac{28}{3}\) (c) \(\frac{25}{3}\) (d) \(\frac{8}{3}\)</p>",Multiple Choice Question,1,2017,,,,,,,,,,,,,,,,
Board,Class 12th,English,Maths,Vector Algebra,10,<p>Q. The unit vector in the direction of \(\vec{a}\) is : (a) \(\frac{\vec{a}}{|\vec{a}|}\) (b) \(\vec{a}|\vec{a}|\) (c) \(a^2\) (d) \(\hat{i}\)</p>,Multiple Choice Question,1,2017,,,,,,,,,,,,,,,,
Board,Class 12th,English,Maths,Continuity and Differentiability,5,<p>Q. Differential coefficient of \(\log \sin x\) is : (a) \(\cos x\) (b) \(\tan x\) (c) \(\csc x\) (d) \(\cot x\)</p>,Multiple Choice Question,1,2017,,,,,,,,,,,,,,,,
Board,Class 12th,English,Maths,Three Dimensional Geometry,11,"<p>Q. The perpendicular distance of a point \( (5, 12, 13) \) from Y-axis is _____</p>",Multiple Choice Question,1,2017,,,,,,,,,,,,,,,,
Board,Class 12th,English,Maths,Three Dimensional Geometry,11,"<p>Q. The equation of the plane passing through the origin \((0, 0, 0)\) is _____</p>",Very Short Answer,2,2017,,,,,,,,,,,,,,,,
Board,Class 12th,English,Maths,Applications of Derivatives,6,<p>Q. The function \( f(x) = 5x + 2 \) is increasing on the set of real numbers.</p>,True False,1,2017,,,,,,,,,,,,,,,,
Board,Class 12th,English,Maths,Vector Algebra,10,<p>Q. If the position vector of centre of sphere is \(\vec{c}\) and radius is \(a\) then the vector equation of sphere is \(|\vec{r} + \vec{c}| = a\)</p>,True False,1,2017,,,,,,,,,,,,,,,,
Board,Class 12th,English,Maths,Vector Algebra,10,<p>Q. Two vectors \(\vec{a}\) and \(\vec{b}\) are perpendicular if \(\vec{a} \cdot \vec{b} = 0\)</p>,Very Short Answer,2,2017,,,,,,,,,,,,,,,,
Board,Class 12th,English,Maths,Continuity and Differentiability,5,<p>Q. In which interval does the root of equation \(x^3 + x - 3 = 0\) lie.</p>,Very Short Answer,2,2017,,,,,,,,,,,,,,,,
Board,Class 12th,English,Maths,Vector Algebra,10,<p>Q. Prove that the vectors \(\vec{a} = 5\hat{i} + 15\hat{j}\) and \(\vec{b} = 3\hat{i} + 9\hat{j}\) are parallel.</p>,Very Short Answer,2,2017,,,,,,,,,,,,,,,,
Board,Class 12th,English,Maths,Vector Algebra,10,<p>Q. If \(\vec{a} = 2\hat{i} - 3\hat{j} + \hat{k}\) and \(\vec{b} = 3\hat{i} + 2\hat{j} + \hat{k}\) then find the value of \(\vec{a} \times \vec{b}\).</p>,Short Answer,3,2017,,,,,,,,,,,,,,,,
Board,Class 12th,English,Maths,Three Dimensional Geometry,11,<p>Q. Write the formula to find the shortest distance between two straight lines whose vector equation are \(\vec{r}=\vec{a}_1+\lambda \vec{b}_1\) and \(\vec{r}=\vec{a}_2+\mu \vec{b}_2\) where \(\lambda\) and \(\mu\) are scalars.</p>,Short Answer,3,2017,,,,,,,,,,,,,,,,
Board,Class 12th,English,Maths,Integrals,7,"<p>Q. Find the value of \(\int \frac{\cos(\log x)}{x} \, dx\)</p>",Very Short Answer,2,2017,,,,,,,,,,,,,,,,
Board,Class 12th,English,Maths,Integrals,7,"<p>Q. Prove that \(\int \sec x \, dx = \log(\sec x + \tan x) + c\)</p>",Short Answer,3,2017,,,,,,,,,,,,,,,,
Board,Class 12th,English,Maths,Integrals,7,"<p>Q. Find the value of \(\int xe^x \, dx\)</p>",Short Answer,3,2017,,,,,,,,,,,,,,,,
Board,Class 12th,English,Maths,Integrals,7,"<p>Q. Find the value of \(\int x \tan^2 x \, dx\)</p>",Short Answer,3,2017,,,,,,,,,,,,,,,,
Board,Class 12th,English,Maths,Vector Algebra,10,<p>Q. Prove by vector method that the angle in a semicircle is right angle.</p>,Short Answer,3,2017,,,,,,,,,,,,,,,,
Board,Class 12th,English,Maths,Vector Algebra,10,<p>Q. Prove that \(\vec{a} \times (\vec{b} + \vec{c}) + \vec{b} \times (\vec{c} + \vec{a}) + \vec{c} \times (\vec{a} + \vec{b}) = \vec{0}\)</p>,Very Short Answer,2,2017,,,,,,,,,,,,,,,,
Board,Class 12th,English,Maths,Integrals,7,<p>Q. Resolve \(\frac{13x+18}{2x^2+5x+3}\) into partial fractions.</p>,Short Answer,3,2017,,,,,,,,,,,,,,,,
Board,Class 12th,English,Maths,Integrals,7,<p>Q. Resolve \(\frac{8x^2-9}{(3x+2)(x^2+5)}\) into partial fractions.</p>,Long Answer,5,2017,,,,,,,,,,,,,,,,
Board,Class 12th,English,Maths,Inverse Trigonometric Functions,2,<p>Q. Prove that \(\cos^{-1}\left(\frac{4}{5}\right) + \tan^{-1}\left(\frac{3}{5}\right) = \tan^{-1}\left(\frac{27}{11}\right)\)</p>,Very Short Answer,2,2017,,,,,,,,,,,,,,,,
Board,Class 12th,English,Maths,Inverse Trigonometric Functions,2,<p>Q. Express \(\sin\left[2 \tan^{-1}\left(\sqrt{\frac{1-x}{1+x}}\right)\right]\) in simplest form.</p>,Very Short Answer,2,2017,,,,,,,,,,,,,,,,
Board,Class 12th,English,Maths,Inverse Trigonometric Functions,2,<p>Q. Find differential coefficient of \(\sqrt{\tan{\sqrt{x}}}\)</p>,Very Short Answer,2,2017,,,,,,,,,,,,,,,,
Board,Class 12th,English,Maths,Continuity and Differentiability,5,<p>Q. If \( y = \cot^{-1}\left[\frac{\sqrt{1+x^2}+1}{x}\right] \) then find the value of \( \frac{dy}{dx} \).</p>,Very Short Answer,2,2017,,,,,,,,,,,,,,,,
Board,Class 12th,English,Maths,Continuity and Differentiability,5,<p>Q. Differentiate \((\cos x)^{\cos x}\) with respect to \(x\).</p>,Short Answer,3,2017,,,,,,,,,,,,,,,,
Board,Class 12th,English,Maths,Continuity and Differentiability,5,<p>Q. If \( y=\sqrt{\cos x+\sqrt{\cos x+\sqrt{\cos x+\ldots}}} \) then prove that \( (1-2y)\frac{dy}{dx} = \sin x \).</p>,Short Answer,3,2017,,,,,,,,,,,,,,,,
Board,Class 12th,English,Maths,Applications of Derivatives,6,<p>Q. The side of a square sheet of metal is increasing at the rate of 5 cm/minute. At what rate its area is increasing when the side is 20 cm long?</p>,Short Answer,3,2017,,,,,,,,,,,,,,,,
Board,Class 12th,English,Maths,Applications of Derivatives,6,<p>Q. Find the maximum value of \(2x^3 - 24x + 107\) in the interval \([13]\).</p>,Short Answer,3,2017,,,,,,,,,,,,,,,,
Board,Class 12th,English,Maths,Three Dimensional Geometry,11,<p>Q. Prove that the lines \( \frac{x}{1} = \frac{y-2}{2} = \frac{z+3}{3} \) and \( \frac{x-2}{2} = \frac{y-6}{3} = \frac{z-3}{4} \) are coplanar. Find the point of intersection of these lines.</p>,Long Answer,5,2017,,,,,,,,,,,,,,,,
Board,Class 12th,English,Maths,Relations and Functions,1,<p>Q. If \( f(x) = \log_e\left(\frac{1-x}{1+x}\right) \) then prove that \( f(a) + f(b) = f\left(\frac{a+b}{1+ab}\right) \)</p>,Very Short Answer,2,2017,,,,,,,,,,,,,,,,
Board,Class 12th,English,Maths,Continuity and Differentiability,5,<p>Q. Find the value of \(\lim_{x \to 0} \frac{\tan x - \sin x}{x^3}\)</p>,Short Answer,3,2017,,,,,,,,,,,,,,,,
Board,Class 12th,English,Maths,Integrals,7,<p>Q. Find the value of \(\int \frac{dx}{5 + 4 \sin x}\)</p>,Short Answer,3,2017,,,,,,,,,,,,,,,,
Board,Class 12th,English,Maths,Integrals,7,"<p>Q. Prove that \(\int_{0}^{\frac{\pi}{2}} \frac{\sqrt{\tan x}}{1+\sqrt{\tan x}} \, dx = \frac{\pi}{4}\)</p>",Long Answer,5,2017,,,,,,,,,,,,,,,,
Board,Class 12th,English,Maths,Differential Equations,9,<p>Q. Solve the differential equation \((x-1)\frac{dy}{dx} = 2x^3y\).</p>,Short Answer,3,2017,,,,,,,,,,,,,,,,
Board,Class 12th,English,Maths,Differential Equations,9,<p>Q. Solve the differential equation \(\frac{dy}{dx} = \frac{x^2 + 5xy + 4y^2}{x^2}\).</p>,Long Answer,5,2017,,,,,,,,,,,,,,,,
Board,Class 12th,English,Maths,Probability,13,<p>Q. A card is drawn at random from a well shuffled pack of 52 cards. Find the probability that it is neither an ace nor a king.</p>,Very Short Answer,2,2017,,,,,,,,,,,,,,,,
Board,Class 12th,English,Maths,Probability,13,<p>Q. A fair coin is tossed six times. What is the probability of getting at least three heads?</p>,Short Answer,3,2017,,,,,,,,,,,,,,,,
Board,Class 12th,English,Maths,Integrals,7,<p>Q. If \(\frac{1}{(1+\sin x)(2+\sin x)}=\frac{a}{(1+\sin x)}+\frac{b}{(2+\sin x)}\) then \(a+b=\) (A) 0 (B) 1 (C) 2 (D) 3</p>,Multiple Choice Question,1,2018,,,,,,,,,,,,,,,,
Board,Class 12th,English,Maths,Three Dimensional Geometry,11,"<p>Q. The distance of point \((34, 5)\) from the \(XZ\)-plane is (A) 4 (B) 3 (C) 5 (D) 0</p>",Multiple Choice Question,1,2018,,,,,,,,,,,,,,,,
Board,Class 12th,English,Maths,Continuity and Differentiability,5,<p>Q. If \( y=a^{x} \) then \( \frac{d y}{d x} \) is _______</p>,Fill in the Blanks,1,2018,,,,,,,,,,,,,,,,
Board,Class 12th,English,Maths,Vector Algebra,10,<p>Q. The direction cosine of the vector \(3 \mathrm{i}-2 \mathrm{j}+6 \mathrm{k}\) are _______</p>,Fill in the Blanks,1,2018,,,,,,,,,,,,,,,,
Board,Class 12th,English,Maths,Three Dimensional Geometry,11,<p>Q. The value of \(\vec{a} \cdot(\vec{a} \times \vec{b})\) is zero.</p>,True False,1,2018,,,,,,,,,,,,,,,,
Board,Class 12th,English,Maths,Integrals,7,<p>Q. The value of \(\int \frac{d x}{\sin x}\) is \(\log \tan \frac{x}{2}+c\).</p>,True False,1,2018,,,,,,,,,,,,,,,,
Board,Class 12th,English,Maths,Vector Algebra,10,<p>Q. Work is a vector quantity.</p>,True False,1,2018,,,,,,,,,,,,,,,,
Board,Class 12th,English,Maths,Continuity and Differentiability,5,<p>Q. In which interval does the root of equation \( x^{3}-x-2=0 \) lie?</p>,Very Short Answer,2,2018,,,,,,,,,,,,,,,,
Board,Class 12th,English,Maths,Vector Algebra,10,<p>Q. If \(\vec{r}=3 \vec{i}-4 \vec{j}+5 \vec{k}\) then find the unit vector in the direction of \(\vec{r}\)</p>,Very Short Answer,2,2018,,,,,,,,,,,,,,,,
Board,Class 12th,English,Maths,Vector Algebra,10,<p>Q. Show that \(\vec{a}-2 \vec{b}+3 \vec{c}-2 \vec{a}+3 \vec{b}-4 \vec{c}\) and \(\vec{a}-3 \vec{b}+5 \vec{c}\) are coplanar.</p>,Short Answer,3,2018,,,,,,,,,,,,,,,,
Board,Class 12th,English,Maths,Vector Algebra,10,<p>Q. Prove that the sum of three vectors represented by the consecutive sides of triangle is zero vector.</p>,Very Short Answer,2,2018,,,,,,,,,,,,,,,,
Board,Class 12th,English,Maths,Vector Algebra,10,"<p>Q. If \(\vec{a}=3 \vec{i}-\vec{j}-4 \vec{k}\) and \(\vec{b}=-2 \vec{i}+4 \vec{j}-3 \vec{k}\), then find the magnitude of vector \(3 \vec{a}-2 \vec{b}\).</p>",Short Answer,3,2018,,,,,,,,,,,,,,,,
Board,Class 12th,English,Maths,Vector Algebra,10,<p>Q. Prove that vectors \(2 \vec{i}-3 \vec{j}+5 \vec{k}\) and \(-2 \vec{i}+2 \vec{j}+2 \vec{k}\) are mutually perpendicular.</p>,Very Short Answer,2,2018,,,,,,,,,,,,,,,,
Board,Class 12th,English,Maths,Differential Equations,9,<p>Q. Evaluate: \(\int \sqrt{1+\cos \mathrm{x}} \mathrm{dx}\).</p>,Short Answer,3,2018,,,,,,,,,,,,,,,,
Board,Class 12th,English,Maths,Differential Equations,9,<p>Q. Evaluate: \(\int \frac{d x}{x^{2}-6 x+13}\).</p>,Short Answer,3,2018,,,,,,,,,,,,,,,,
Board,Class 12th,English,Maths,Integrals,7,"<p>Q. Evaluate: \(\int x \cdot \log x \, dx\).</p>",Short Answer,3,2018,,,,,,,,,,,,,,,,
Board,Class 12th,English,Maths,Integrals,7,<p>Q. Integrate with respect to \( \mathrm{x}: \int \frac{\mathrm{e}^{\cos ^{-1} \mathrm{x}}}{\sqrt{1-\mathrm{x}^{2}}} \)</p>,Very Short Answer,2,2018,,,,,,,,,,,,,,,,
Board,Class 12th,English,Maths,Three Dimensional Geometry,11,<p>Q. Find the angle between the line \(\frac{x+1}{2}=\frac{y}{3}=\frac{z-3}{6}\) and the plane \(3 x+y+z=7\).</p>,Very Short Answer,2,2018,,,,,,,,,,,,,,,,
Board,Class 12th,English,Maths,Vector Algebra,10,"<p>Q. Find the centroid of the triangle whose vertices are \( A(X_{1}, Y_{1}, Z_{1}) \), \( B(X_{2}, Y_{2}, Z_{2}) \) and \( C(X_{3}, Y_{3}, Z_{3}) \).</p>",Very Short Answer,2,2018,,,,,,,,,,,,,,,,
Board,Class 12th,English,Maths,Vector Algebra,10,<p>Q. Prove by vector method that \(\cos (\alpha+\beta)=\cos \alpha \cdot \cos \beta-\sin \alpha \cdot \sin \beta\).</p>,Very Short Answer,2,2018,,,,,,,,,,,,,,,,
Board,Class 12th,English,Maths,Vector Algebra,10,<p>Q. Find the angle between the vectors \(3 \hat{i}+\hat{j}+2 \hat{k}\) and \(2 \hat{i}-2 \hat{j}+4 \hat{k}\).</p>,Very Short Answer,2,2018,,,,,,,,,,,,,,,,
Board,Class 12th,English,Maths,Vector Algebra,10,<p>Q. If \( G \) is the centroid of any triangle then show that (prove that) \( \overrightarrow{\mathrm{GA}}+\overrightarrow{\mathrm{GB}}+\overrightarrow{\mathrm{GC}}=\overrightarrow{0} \).</p>,Short Answer,3,2018,,,,,,,,,,,,,,,,
Board,Class 12th,English,Maths,Vector Algebra,10,"<p>Q. If \(\vec{a}=3 \hat{i}+2 \hat{j}+2 \hat{k}\), \(\vec{b}=-\hat{i}+3 \hat{j}-\hat{k}\), and \(\vec{c}=\hat{i}+\hat{j}+\hat{k}\), then find \(\vec{a} \times(\vec{b} \times \vec{c})\).</p>",Short Answer,3,2018,,,,,,,,,,,,,,,,
Board,Class 12th,English,Maths,Integrals,7,<p>Q. Resolve \(\frac{x^{2}+7 x}{x^{2}+2 x-8}\) into Partial fractions.</p>,Short Answer,3,2018,,,,,,,,,,,,,,,,
Board,Class 12th,English,Maths,Integrals,7,<p>Q. Resolve \(\frac{2 x+1}{(x-1)\left(x^{2}+1\right)}\) into Partial fractions.</p>,Long Answer,5,2018,,,,,,,,,,,,,,,,
Board,Class 12th,English,Maths,Inverse Trigonometric Functions,2,<p>Q. Prove that: \(\tan^{-1} \frac{1}{2} + \tan^{-1} \frac{1}{5} + \tan^{-1} \frac{1}{8} = \frac{\pi}{4}\)</p>,Very Short Answer,2,2018,,,,,,,,,,,,,,,,
Board,Class 12th,English,Maths,Inverse Trigonometric Functions,2,<p>Q. Prove that \(\frac{1}{2} \cos^{-1} \frac{1-x}{1+x} = \tan^{-1} \sqrt{x}\)</p>,Very Short Answer,2,2018,,,,,,,,,,,,,,,,
Board,Class 12th,English,Maths,Continuity and Differentiability,5,<p>Q. Differentiate \(\sin \mathrm{X}\) by First Principle.</p>,Short Answer,3,2018,,,,,,,,,,,,,,,,
Board,Class 12th,English,Maths,Differential Equations,9,<p>Q. Differentiate \(\log \sqrt{\frac{1+\cos x}{1-\cos x}}\) with respect to \(x\).</p>,Very Short Answer,2,2018,,,,,,,,,,,,,,,,
Board,Class 12th,English,Maths,Continuity and Differentiability,5,<p>Q. If \( y=a \cos (\log x)+b \sin (\log x) \) then prove that \( x^{2} y_{2}+x y_{1}+y=0 \).</p>,Long Answer,5,2018,,,,,,,,,,,,,,,,
Board,Class 12th,English,Maths,Relations and Functions,1,"<p>Q. Let \( A=\{1,2,3\} \), then number of Equivalence relations containing \( (1,2) \) is : (A) 1 (B) 2 (C) 3 (D) 4</p>",Multiple Choice Question,1,2019,,,,,,,,,,,,,,,,
Board,Class 12th,English,Maths,Inverse Trigonometric Functions,2,"<p>Q. If \(\sin^{-1} x = y\), then (A) \(0 \leq y \leq \pi\) (B) \(-\frac{\pi}{2} \leq y \leq \frac{\pi}{2}\) (C) \(0 < y < \pi\) (D) \(-\frac{\pi}{2} < y < \frac{\pi}{2}\)</p>",Multiple Choice Question,1,2019,,,,,,,,,,,,,,,,
Board,Class 12th,English,Maths,Matrices,3,"<p>Q. If \( A=\begin{bmatrix}\cos\alpha & -\sin\alpha \\ \sin\alpha & \cos\alpha\end{bmatrix} \) and \( A+A'=I \), then the value of \( \alpha \) is : (A) \( \frac{\pi}{6} \) (B) \( \frac{\pi}{3} \) (C) \( \pi \) (D) \( \frac{3\pi}{2} \</p>",Multiple Choice Question,1,2019,,,,,,,,,,,,,,,,
Board,Class 12th,English,Maths,Matrices,3,"<p>Q. Let \( A \) be a nonsingular square matrix of order \( 3 \times 3 \), then \( |\text{adj} A| \) is equal to : (A) \( |A|^2 \) (B) \( |A| \) (C) \( |A|^3 \) (D) \( 3|A| \)</p>",Multiple Choice Question,1,2019,,,,,,,,,,,,,,,,
Board,Class 12th,English,Maths,Continuity and Differentiability,5,<p>Q. Function \( f(x) = |x| \) at \( x = 0 \) is - (A) Continuous but not differentiable (B) Discontinuous and not differentiable (C) Discontinuous and differentiable (D) Continuous and differentiable</p>,Multiple Choice Question,1,2019,,,,,,,,,,,,,,,,
Board,Class 12th,English,Maths,Vector Algebra,10,<p>Q. The direction cosine of the vector \(3\hat{i} - 2\hat{j} + 6\hat{k}\) are _____</p>,Fill in the Blanks,1,2019,,,,,,,,,,,,,,,,
Board,Class 12th,English,Maths,Continuity and Differentiability,5,"<p>Q. If \( y = x + e^x \), then \( \frac{d^2y}{dx^2} = \_\_\_\_. </p>",Fill in the Blanks,1,2019,,,,,,,,,,,,,,,,
Board,Class 12th,English,Maths,Applications of Integrals,8,"<p>Q. Area bounded by curve \( y=x^2 \), x-axis and \( x=1 \), \( x=2 \) is _____.</p>",Fill in the Blanks,1,2019,,,,,,,,,,,,,,,,
Board,Class 12th,English,Maths,Three Dimensional Geometry,11,<p>Q. Direction ratio of two parallel lines will be ____.</p>,Fill in the Blanks,1,2019,,,,,,,,,,,,,,,,
Board,Class 12th,English,Maths,Three Dimensional Geometry,11,"<p>Q. Intercept of \(2x+y-z=5\), on X-axis is _____.</p>",Fill in the Blanks,1,2019,,,,,,,,,,,,,,,,
Board,Class 12th,English,Maths,Probability,13,"<p>Q. If \( E_1 \) and \( E_2 \) are exclusive events, then \( P(E_1 \cap E_2) \) is 0.</p>",True False,1,2019,,,,,,,,,,,,,,,,
Board,Class 12th,English,Maths,Probability,13,"<p>Q. If \( P(A) = \frac{1}{2} \), \( P(B) = 0 \), then \( P(A|B) \) is not defined.</p>",True False,1,2019,,,,,,,,,,,,,,,,
Board,Class 12th,English,Maths,Linear Programming,12,<p>Q. The objective function of a L.P.P. is always Linear.</p>,True False,1,2019,,,,,,,,,,,,,,,,
Board,Class 12th,English,Maths,Linear Programming,12,<p>Q. The feasible region of a Linear Programming Problem is always a linear polygon.</p>,True False,1,2019,,,,,,,,,,,,,,,,
Board,Class 12th,English,Maths,Integrals,7,"<p>Q. The value of \(\int_{0}^{\pi} \cos^3 x \, dx\) is 0.</p>",Very Short Answer,2,2019,,,,,,,,,,,,,,,,
Board,Class 12th,English,Maths,Determinants,4,"<p>Q. If \( A=\begin{bmatrix} 2 & 4 \\ 3 & 2 \end{bmatrix} \) and \( B=\begin{bmatrix} 1 & 3 \\ 2 & 5 \end{bmatrix} \), then find the value of \( A \cdot B \).</p>",Very Short Answer,2,2019,,,,,,,,,,,,,,,,
Board,Class 12th,English,Maths,Matrices,3,"<p>Q. If \( A = \begin{bmatrix} 1 & 5 & 6 \\ -6 & 7 & 0 \end{bmatrix} \) and \( B = \begin{bmatrix} 1 & -5 & 7 \\ 8 & -7 & 7 \end{bmatrix} \), then find the value of \( A - B \).</p>",Very Short Answer,2,2019,,,,,,,,,,,,,,,,
Board,Class 12th,English,Maths,Continuity and Differentiability,5,<p>Q. Check the continuity of the function \( f \) given by \( f(x) = 2x + 3 \) at \( x = 1 \).</p>,Very Short Answer,2,2019,,,,,,,,,,,,,,,,
Board,Class 12th,English,Maths,Continuity and Differentiability,5,<p>Q. Prove that the modulus function \( f(x) = |x| \) is not differentiable at \( x = 0 \).</p>,Short Answer,3,2019,,,,,,,,,,,,,,,,
Board,Class 12th,English,Maths,Integrals,7,"<p>Q. Find the following Integrals: \(\int (x^{\frac{2}{3}} + 1) \, dx\)</p>",Very Short Answer,2,2019,,,,,,,,,,,,,,,,
Board,Class 12th,English,Maths,Integrals,7,"<p>Q. Find the following Integrals: \(\int \frac{1 - \sin x}{\cos^2 x} \, dx\)</p>",Short Answer,3,2019,,,,,,,,,,,,,,,,
Board,Class 12th,English,Maths,Vector Algebra,10,<p>Q. Find the unit vector in the direction of vector \(\vec{a} = 2\hat{i} + 3\hat{j} + \hat{k}\).</p>,Very Short Answer,2,2019,,,,,,,,,,,,,,,,
Board,Class 12th,English,Maths,Vector Algebra,10,<p>Q. Find the projection of the vector \(\vec{a} = 2\hat{i} + 3\hat{j} + 2\hat{k}\) on the vector \(\vec{b} = \hat{i} + 2\hat{j} + \hat{k}\).</p>,Short Answer,3,2019,,,,,,,,,,,,,,,,
Board,Class 12th,English,Maths,Applications of Derivatives,6,<p>Q. The radius of an air bubble is increasing at the rate \( \frac{1}{2} \) cm per second. At what rate is the volume of the bubble increasing when the radius is 1 cm?</p>,Short Answer,3,2019,,,,,,,,,,,,,,,,
Board,Class 12th,English,Maths,Applications of Derivatives,6,"<p>Q. Find the slope of the normal to the curve \( x = 1 - a \sin \theta \), \( y = b \cos^2 \theta \) at \( \theta = \frac{\pi}{2} \).</p>",Short Answer,3,2019,,,,,,,,,,,,,,,,
Board,Class 12th,English,Maths,Applications of Derivatives,6,<p>Q. For what value of \( x \) is \( y = x(5 - x) \) maximum or minimum?</p>,Very Short Answer,2,2019,,,,,,,,,,,,,,,,
Board,Class 12th,English,Maths,Differential Equations,9,<p>Q. Use differentials to find the value of \(\sqrt{49.5}\).</p>,Very Short Answer,2,2019,,,,,,,,,,,,,,,,
Board,Class 12th,English,Maths,Vector Algebra,10,"<p>Q. If \(\vec{a} + \vec{b} + \vec{c} = \vec{0}\), then prove that \(\vec{a} \times \vec{b} = \vec{b} \times \vec{c} = \vec{c} \times \vec{a}\).</p>",Short Answer,3,2019,,,,,,,,,,,,,,,,
Board,Class 12th,English,Maths,Vector Algebra,10,<p>Q. Find the area of Parallelogram whose adjacent sides are given by the vectors \(\vec{a} = 3\hat{i} + \hat{j} + 4\hat{k}\) and \(\vec{b} = \hat{i} - \hat{j} + \hat{k}\).</p>,Short Answer,3,2019,,,,,,,,,,,,,,,,
Board,Class 12th,English,Maths,Three Dimensional Geometry,11,<p>Q. Find the minimum distance between the line \( \mathbf{l}_1 \) and \( \mathbf{l}_2 \) given by \( \mathbf{r} = \mathbf{i} + 2\mathbf{j} - 4\mathbf{k} + \lambda(2\mathbf{i} + 3\mathbf{j} + 6\mathbf{k}) \) and \( \mathbf{r} = 3\mathbf{i} + 3\mathbf{j} - 5\mathbf{k} + \mu(2\mathbf{i} + 3\mathbf{j} + 6\mathbf{k}) \).</p>,Short Answer,3,2019,,,,,,,,,,,,,,,,
Board,Class 12th,English,Maths,Relations and Functions,1,"<p>Q. Show that relation ""is Equal to"" in sets is an Equivalence relation.</p>",Very Short Answer,2,2019,,,,,,,,,,,,,,,,
Board,Class 12th,English,Maths,Relations and Functions,1,"<p>Q. If \( f(x)=x^2 \) and \( g(x)=x+3 \), \( x\in\mathbb{R} \), then find the value of \( (g\circ f)(x) \), \( (f\circ g)(x) \), \( (f\circ g)(2) \).</p>",Very Short Answer,2,2019,,,,,,,,,,,,,,,,
Board,Class 12th,English,Maths,Inverse Trigonometric Functions,2,<p>Q. Show that \(\sin^{-1}\left(\frac{3}{5}\right) - \sin^{-1}\left(\frac{8}{17}\right) = \cos^{-1}\left(\frac{84}{85}\right)\)</p>,Very Short Answer,2,2019,,,,,,,,,,,,,,,,
Board,Class 12th,English,Maths,Inverse Trigonometric Functions,2,<p>Q. Prove that \(\cos^{-1} x = 2 \cos^{-1} \sqrt{\frac{1+x}{2}}\)</p>,Very Short Answer,2,2019,,,,,,,,,,,,,,,,
Board,Class 12th,English,Maths,Determinants,4,<p>Q. Prove that \(\left| \begin{bmatrix} b+c & a & a \\ b & c+a & b \\ c & c & a+b \end{bmatrix} \right| = 4abc\)</p>,Short Answer,3,2019,,,,,,,,,,,,,,,,
Board,Class 12th,English,Maths,Determinants,4,"<p>Q. Find the area of the triangle whose vertices are \((3, 8)\), \((-4, 2)\) and \((5, 1)\).</p>",Short Answer,3,2019,,,,,,,,,,,,,,,,
Board,Class 12th,English,Maths,Three Dimensional Geometry,11,<p>Q. Show that the angle between any two diagonals of a cube is \(\cos^{-1}\left(\frac{1}{3}\right)\).</p>,Short Answer,3,2019,,,,,,,,,,,,,,,,
Board,Class 12th,English,Maths,Linear Programming,12,<p>Q. Draw the graph of the Inequation \(3x + 2y \leq 6\).</p>,Very Short Answer,2,2019,,,,,,,,,,,,,,,,
Board,Class 12th,English,Maths,Linear Programming,12,"<p>Q. Find the minimum value of \( P=2x+4y \), subject to constraints: \( 4x+3y \leq 12 \), \( x+2y \geq 4 \), \( x,y \geq 0 \).</p>",Long Answer,5,2019,,,,,,,,,,,,,,,,
Board,Class 12th,English,Maths,Probability,13,"<p>Q. If \( P(A)=\frac{1}{2} \), \( P(B)=\frac{1}{4} \) and \( P(A \cap B)=\frac{1}{4} \), then find the following: (i) \( P(A|B) \) and (ii) \( P(B|A) \)</p>",Very Short Answer,2,2019,,,,,,,,,,,,,,,,
Board,Class 12th,English,Maths,Probability,13,<p>Q. In four throws of two dice what is the probability of getting same figure on both dice?</p>,Short Answer,3,2019,,,,,,,,,,,,,,,,
Board,Class 12th,English,Maths,Probability,13,<p>Q. A family has two children. What is the probability that both the children are boys given that at least one of them is a boy ?</p>,Short Answer,3,2019,,,,,,,,,,,,,,,,
Board,Class 12th,English,Maths,Probability,13,<p>Q. Find the probability distribution of numbers of doublets in three throws of a pair of dice.</p>,Short Answer,3,2019,,,,,,,,,,,,,,,,
Board,Class 12th,English,Maths,Matrices,3,"<p>Q. If \( A=\begin{bmatrix} \cos \alpha & \sin \alpha \\ -\sin \alpha & \cos \alpha \end{bmatrix} \), then prove that \( A' \cdot A=I \).</p>",Short Answer,3,2019,,,,,,,,,,,,,,,,
Board,Class 12th,English,Maths,Matrices,3,"<p>Q. If \( A=\begin{bmatrix} 3 & \sqrt{3} & 2 \\ 4 & 2 & 0 \end{bmatrix} \) and \( B=\begin{bmatrix} 2 & -1 & 2 \\ 1 & 2 & 4 \end{bmatrix} \), then verify that (i) \( (A')'=A \) (ii) \( (A+B)'=A'+B' \)</p>",Very Short Answer,2,2019,,,,,,,,,,,,,,,,
Board,Class 12th,English,Maths,Continuity and Differentiability,5,"<p>Q. Discuss the continuity of the following function : \( f(x) = \begin{cases} x \cdot \sin\left(\frac{1}{x}\right), & x \neq 0 \\ 0, & x = 0 \end{cases} \)</p>",Very Short Answer,2,2019,,,,,,,,,,,,,,,,
Board,Class 12th,English,Maths,Continuity and Differentiability,5,"<p>Q. Prove that the function \( f(x) = \begin{cases} x^2 - 1, & \text{when } x \geq 1 \\ 1 - x, & \text{when } x < 1 \end{cases} \) is not differentiable at \( x = 1 \).</p>",Short Answer,3,2019,,,,,,,,,,,,,,,,
Board,Class 12th,English,Maths,Integrals,7,"<p>Q. Evaluate \(\int \frac{xe^x}{(1+x)^2} \, dx\)</p>",Short Answer,3,2019,,,,,,,,,,,,,,,,
Board,Class 12th,English,Maths,Integrals,7,"<p>Q. Evaluate \(\int_{0}^{1} \frac{\tan^{-1} x}{1+x^2} \, dx\)</p>",Short Answer,3,2019,,,,,,,,,,,,,,,,
Board,Class 12th,English,Maths,Applications of Integrals,8,<p>Q. Find the area enclosed by circle \(x^2+y^2=a^2\).</p>,Very Short Answer,2,2019,,,,,,,,,,,,,,,,
Board,Class 12th,English,Maths,Applications of Integrals,8,<p>Q. Find the area of region bounded by the curves \( y_1 = \sin x \) and \( y_2 = \cos x \) between \( x = 0 \) and \( x = \frac{\pi}{4} \).</p>,Short Answer,3,2019,,,,,,,,,,,,,,,,
Board,Class 12th,English,Maths,Differential Equations,9,"<p>Q. Verify that the function \( y = a \cos x + b \sin x \), where \( a, b \in \mathbb{R} \) is a solution of the differential equation \( \frac{d^2y}{dx^2} + y = 0 \).</p>",Very Short Answer,2,2019,,,,,,,,,,,,,,,,
Board,Class 12th,English,Maths,Differential Equations,9,<p>Q. Solve the differential equation \(\frac{dy}{dx} = x \cdot \log x\).</p>,Short Answer,3,2019,,,,,,,,,,,,,,,,
Board,Class 12th,English,Maths,Applications of Derivatives,6,<p>Q. The max. value of \( x^{\frac{1}{x}} \) is</p>,Very Short Answer,2,2019,,,,,,,,,,,,,,,,
Board,Class 12th,English,Maths,Applications of Derivatives,6,"<p>Q. Rate of change in area of a circle having radius \( r \), when \( r=5 \, \text{cm} \).</p>",Very Short Answer,2,2019,,,,,,,,,,,,,,,,
Board,Class 12th,English,Maths,Applications of Derivatives,6,<p>Q. The slope of the normal to the curve \( y=2x^{2}+3\sin x \) at \( x=0 \)</p>,Very Short Answer,2,2019,,,,,,,,,,,,,,,,
Board,Class 12th,English,Maths,Applications of Derivatives,6,<p>Q. The minimum value of \(3\sin\theta + 4\cos\theta\) is</p>,Very Short Answer,2,2019,,,,,,,,,,,,,,,,
Board,Class 12th,English,Maths,Relations and Functions,1,"<p>Q. Let \( A=\{1,2,3\} \), then number of relations containing \( (1,2) \) and \( (1,3) \) which are reflexive and symmetric but not transitive is - (a) 1 (b) 2 (c) 3 (d) 4</p>",Multiple Choice Question,1,2020,,,,,,,,,,,,,,,,
Board,Class 12th,English,Maths,Inverse Trigonometric Functions,2,<p>Q. \(\tan^{-1} \sqrt{3} - \sec^{-1}(-2)\) is equal to - (a) \(\pi\) (b) \(-\frac{\pi}{3}\) (c) \(\frac{\pi}{3}\) (d) \(\frac{2 \pi}{3}\)</p>,Multiple Choice Question,1,2020,,,,,,,,,,,,,,,,
Board,Class 12th,English,Maths,Matrices,3,<p>Q. The number of all possible matrices of order \(3 \times 3\) with each entry 0 or 1 is - (a) 27 (b) 18 (c) 81 (d) 512</p>,Multiple Choice Question,1,2020,,,,,,,,,,,,,,,,
Board,Class 12th,English,Maths,Determinants,4,"<p>Q. If \( A \) is an invertible matrix of order 2, then \( \operatorname{det}\left(A^{-1}\right) \) is equal to - (a) \( \operatorname{det}(A) \) (b) \( \frac{1}{\operatorname{det}(A)} \) (c) 1 (d) 0</p>",Multiple Choice Question,1,2020,,,,,,,,,,,,,,,,
Board,Class 12th,English,Maths,Applications of Integrals,8,"<p>Q. If \( f(x)=\int_{0}^{x} t \sin t \, dt \), then \( f^{\prime}(x) \) is - (a) \( \cos x+x \sin x \) (b) \( x \sin x \) (c) \( x \cos x \) (d) \( \sin x+x \cos x \)</p>",Multiple Choice Question,1,2020,,,,,,,,,,,,,,,,
Board,Class 12th,English,Maths,Applications of Integrals,8,"<p>Q. What is the rate of change of the area of a circle with respect to its radius \( r \) at \( r=6 \, \mathrm{cm} \) ?</p>",Very Short Answer,2,2020,,,,,,,,,,,,,,,,
Board,Class 12th,English,Maths,Applications of Derivatives,6,<p>Q. Write the equation of the normal to the curve \( x^{2}=4 y \) which passes through the point ( 12 ).</p>,Short Answer,3,2020,,,,,,,,,,,,,,,,
Board,Class 12th,English,Maths,Applications of Derivatives,6,"<p>Q. If \( f(x)=3 x^{2}+15 x+5 \), then find the approximate value of \( f(3.02) \).</p>",Short Answer,3,2020,,,,,,,,,,,,,,,,
Board,Class 12th,English,Maths,Applications of Derivatives,6,<p>Q. Write the slope of the normal to the curve \(y=2 x^{2}+3 \sin x\) at \(x=0\).</p>,Very Short Answer,2,2020,,,,,,,,,,,,,,,,
Board,Class 12th,English,Maths,Applications of Derivatives,6,"<p>Q. The total revenue in Rupees received from the sale of \( x \) units of a product is given by \( R(x)=3 x^{2}+36 x+5 \). Write the marginal revenue, when \( x=15 \).</p>",Short Answer,3,2020,,,,,,,,,,,,,,,,
Board,Class 12th,English,Maths,Continuity and Differentiability,5,<p>Q. Every differentiable function is _______.</p>,Fill in the Blanks,1,2020,,,,,,,,,,,,,,,,
Board,Class 12th,English,Maths,Applications of Integrals,8,<p>Q. Area lying in the first quadrant and bounded by the circle \(x^{2}+y^{2}=4\) and the lines \(x=0\) and \(y=2\) is _______.</p>,Fill in the Blanks,1,2020,,,,,,,,,,,,,,,,
Board,Class 12th,English,Maths,Differential Equations,9,<p>Q. The number of arbitrary constants in the general solution of a differential equation of fourth order are _______.</p>,Fill in the Blanks,1,2020,,,,,,,,,,,,,,,,
Board,Class 12th,English,Maths,Vector Algebra,10,<p>Q. The length of the perpendicular from origin 0 to the plane \(\vec{r} \cdot \vec{N}=d\) is _______.</p>,Fill in the Blanks,1,2020,,,,,,,,,,,,,,,,
Board,Class 12th,English,Maths,Linear Programming,12,"<p>Q. The common region determined by all the constraints including the non-negtative constraints \(x \geq 0, y \geq 0\) of a linear programming problem is called _______ for the problem.</p>",Fill in the Blanks,1,2020,,,,,,,,,,,,,,,,
Board,Class 12th,English,Maths,Probability,13,"<p>Q. If \( A \) and \( B \) are two events such that \( P(A) \neq 0 \) and \( P(B \mid A)=1 \), then \( A \subset B \).</p>",Very Short Answer,2,2020,,,,,,,,,,,,,,,,
Board,Class 12th,English,Maths,Probability,13,"<p>Q. Probability that A speaks truth is \(\frac{4}{5}\). A coin is tossed, A reports that a head appears. The probability that actually there was head is \(\frac{4}{5}\).</p>",Very Short Answer,2,2020,,,,,,,,,,,,,,,,
Board,Class 12th,English,Maths,Linear Programming,12,<p>Q. Any point outside the feasible region is the feasible solution.</p>,Very Short Answer,2,2020,,,,,,,,,,,,,,,,
Board,Class 12th,English,Maths,Three Dimensional Geometry,11,"<p>Q. If \( l, m, n \) are the direction cosines of a line, then \( l^{2}+m^{2}+n^{2}=0 \).</p>",Very Short Answer,2,2020,,,,,,,,,,,,,,,,
Board,Class 12th,English,Maths,Vector Algebra,10,<p>Q. The vector sum of the three sides of a triangle taken in order is \(\overrightarrow{0}\).</p>,Very Short Answer,2,2020,,,,,,,,,,,,,,,,
Board,Class 12th,English,Maths,Matrices,3,"<p>Q. Find \(X\) and \(Y\), if \(X+Y=\left[\begin{array}{ll}7 & 0 \\ 2 & 5\end{array}\right]\) and \(X-Y=\left[\begin{array}{ll}3 & 0 \\ 0 & 3\end{array}\right]\)</p>",Short Answer,3,2020,,,,,,,,,,,,,,,,
Board,Class 12th,English,Maths,Matrices,3,<p>Q. Compute the indicated product : \[\begin{bmatrix} 1 \\ 2 \\ 3 \end{bmatrix} \begin{bmatrix} 2 & 3 & 4 \end{bmatrix}\]</p>,Very Short Answer,2,2020,,,,,,,,,,,,,,,,
Board,Class 12th,English,Maths,Continuity and Differentiability,5,<p>Q. Examine whether the function \( f \) given by \( f(x)=x^{2} \) is continuous at \( x=0 \).</p>,Very Short Answer,2,2020,,,,,,,,,,,,,,,,
Board,Class 12th,English,Maths,Differential Equations,9,"<p>Q. Find \(\frac{d y}{d x}\), if \(x - y = \pi\)</p>",Very Short Answer,2,2020,,,,,,,,,,,,,,,,
Board,Class 12th,English,Maths,Integrals,7,<p>Q. Evaluate : \(\int \frac{\sin \left(\tan ^{-1} x\right)}{1+x^{2}} d x\)</p>,Short Answer,3,2020,,,,,,,,,,,,,,,,
Board,Class 12th,English,Maths,Integrals,7,"<p>Q. Evaluate : \(\int(1-x) \sqrt{x} \, dx\)</p>",Very Short Answer,2,2020,,,,,,,,,,,,,,,,
Board,Class 12th,English,Maths,Vector Algebra,10,<p>Q. Find the angle between two vectors \(\vec{a}\) and \(\vec{b}\) with magnitudes 1 and 2 respectively and when \(\vec{a} \cdot \vec{b}=1\).</p>,Very Short Answer,2,2020,,,,,,,,,,,,,,,,
Board,Class 12th,English,Maths,Vector Algebra,10,<p>Q. Find a vector in the direction of vector \(\vec{a}=\hat{i}-2 \hat{j}\) that has magnitude 7 units.</p>,Short Answer,3,2020,,,,,,,,,,,,,,,,
Board,Class 12th,English,Maths,Three Dimensional Geometry,11,"<p>Q. Find the direction cosines of \(x\), \(y\), and \(z\)-axis.</p>",Very Short Answer,2,2020,,,,,,,,,,,,,,,,
Board,Class 12th,English,Maths,Vector Algebra,10,"<p>Q. Find the equation of the line which passes through the point \((1,2,3)\) and is parallel to the vector \(3 \hat{i}+2 \hat{j}-2 \hat{k}\).</p>",Short Answer,3,2020,,,,,,,,,,,,,,,,
Board,Class 12th,English,Maths,Applications of Derivatives,6,"<p>Q. A stone is dropped into a quiet lake and waves move in circles at a speed of 4 cm per second. At the instant, when the radius of the circular wave is 10 cm, how fast is the enclosed area increasing?</p>",Short Answer,3,2020,,,,,,,,,,,,,,,,
Board,Class 12th,English,Maths,Applications of Derivatives,6,<p>Q. Use differential to approximate \(\sqrt{36.6}\)</p>,Very Short Answer,2,2020,,,,,,,,,,,,,,,,
Board,Class 12th,English,Maths,Applications of Derivatives,6,<p>Q. Find two positive numbers whose sum is 15 and the sum of whose squares is minimum.</p>,Very Short Answer,2,2020,,,,,,,,,,,,,,,,
Board,Class 12th,English,Maths,Three Dimensional Geometry,11,"<p>Q. Find a unit vector perpendicular to each of the vectors \((\vec{a}+\vec{b})\) and \((\vec{a}-\vec{b})\) ， where \(\vec{a}=\hat{i}+\hat{j}+\hat{k}, \vec{b}=\hat{i}+2 \hat{j}+3 \hat{k}\) ．</p>",Very Short Answer,2,2020,,,,,,,,,,,,,,,,
Board,Class 12th,English,Maths,Three Dimensional Geometry,11,"<p>Q. Show that point \( A(-2 \hat{i}+3 \hat{j}+5 \hat{k}), B(\hat{i}+2 \hat{j}+3 \hat{k}) \) and \( C(7 \hat{i}-\hat{k}) \) are collinears.</p>",Very Short Answer,2,2020,,,,,,,,,,,,,,,,
Board,Class 12th,English,Maths,Three Dimensional Geometry,11,<p>Q. Find the angle between the line \(\frac{x+1}{2}=\frac{y}{3}=\frac{z-3}{6}\) and the plane \(10 x+2 y-11 z=3\) .</p>,Very Short Answer,2,2020,,,,,,,,,,,,,,,,
Board,Class 12th,English,Maths,Three Dimensional Geometry,11,<p>Q. Show that the lines \(\frac{x+3}{-3}=\frac{y-1}{1}=\frac{z-5}{5}\) and \(\frac{x+1}{-1}=\frac{y-2}{2}=\frac{z-5}{5}\) are coplanar.</p>,Very Short Answer,2,2020,,,,,,,,,,,,,,,,
Board,Class 12th,English,Maths,Relations and Functions,1,"<p>Q. Check whether the relation \( R \) defined in the set \( \{1,2,3,4,5,6\} \) as \( R=\{(a, b): b=a+1\} \) is reflexive, symmetric or transitive.</p>",Very Short Answer,2,2020,,,,,,,,,,,,,,,,
Board,Class 12th,English,Maths,Relations and Functions,1,<p>Q. Show that \( *: \mathbb{R} \times \mathbb{R} \rightarrow \mathbb{R} \) defined by \( a * b = a + 2b \) is neither commutative nor associative.</p>,Very Short Answer,2,2020,,,,,,,,,,,,,,,,
Board,Class 12th,English,Maths,Inverse Trigonometric Functions,2,"<p>Q. Express \(\tan ^{-1}\left(\frac{\cos x}{1-\sin x}\right),-\frac{3 \pi}{2}<x<\frac{\pi}{2}\) in the simplest form.</p>",Very Short Answer,2,2020,,,,,,,,,,,,,,,,
Board,Class 12th,English,Maths,Inverse Trigonometric Functions,2,<p>Q. Show that \(\sin^{-1} \frac{3}{5} - \sin^{-1} \frac{8}{17} = \cos^{-1} \frac{84}{85}\)</p>,Very Short Answer,2,2020,,,,,,,,,,,,,,,,
Board,Class 12th,English,Maths,Matrices,3,"<p>Q. If \( A=\begin{bmatrix}2 & 3 \\ 1 & -4\end{bmatrix} \) and \( B=\begin{bmatrix}1 & -2 \\ -1 & 3\end{bmatrix} \), then verify that \( (A B)^{-1}=B^{-1} A^{-1} \).</p>",Short Answer,3,2020,,,,,,,,,,,,,,,,
Board,Class 12th,English,Maths,Determinants,4,<p>Q. Prove that \(\left|\begin{array}{ccc}y+k & y & y \\ y & y+k & y \\ y & y & y+k\end{array}\right|=k^{2}(3 y+k)\)</p>,Short Answer,3,2020,,,,,,,,,,,,,,,,
Board,Class 12th,English,Maths,Three Dimensional Geometry,11,"<p>Q. Find the vector and Cartesian equations of the plane which passes through the point \((5,2,-4)\) and perpendicular to the line with direction ratios \(2, 3, -1\).</p>",Short Answer,3,2020,,,,,,,,,,,,,,,,
Board,Class 12th,English,Maths,Linear Programming,12,"<p>Q. Solve the following linear programming problem graphically : Maximum : \( Z=4 x+y \) Subject to the constraints : \( x+y \leq 50 \), \( 3 x+y \leq 90 \), \( x \geq 0, y \geq 0 \)</p>",Long Answer,5,2020,,,,,,,,,,,,,,,,
Board,Class 12th,English,Maths,Linear Programming,12,"<p>Q. A cooperative society of farmers has 50 hectares of land to grow two crops \(X\) and \(Y\). The profit from crops \(X\) and \(Y\) per hectare are estimated as Rs. 10,500 and Rs. 9,000 respectively. To control weeds, a liquid herbicide has to be used for crops \(X\) and \(Y\) at rates of 20 litres and 10 litres per hectare. Further, no more than 800 litres of herbicides should be used in order to protect fish and wildlife using a pond which collects drainage from this land. How much land should be allocated to each crop so as to maximise the total profit of the society?</p>",Long Answer,5,2020,,,,,,,,,,,,,,,,
Board,Class 12th,English,Maths,Probability,13,"<p>Q. Of the students in a college, it is known that \(60\%\) reside in hostel and \(40\%\) are day scholars (not residing in hostel). Previous year results report that \(30\%\) of all students who reside in hostel attain A grade and \(20\%\) of day scholars attain A grade in their annual examination. At the end of the year, one student is chosen at random from the college and he has an A grade, what is the probability that the student is a hostier?</p>",Very Short Answer,2,2020,,,,,,,,,,,,,,,,
Board,Class 12th,English,Maths,Probability,13,"<p>Q. An unbiased die is thrown twice. Let the event \( A \) be ""Odd number on the first throw"" and \( B \) the event ""Odd number on the second throw"". Check the independence of the events \( A \) and \( B \).</p>",Very Short Answer,2,2020,,,,,,,,,,,,,,,,
Board,Class 12th,English,Maths,Relations and Functions,1,"<p>Q. If \( f(x)=8 x^{3} \) and \( g(x)=\frac{1}{x^{3}} \), then the value of \( g \circ f \) is : (A) \( 8 x^{3} \) (B) \( 512 x^{3} \) (C) \( \frac{1}{512 x^{9}} \) (D) \( 2 x \)</p>",Multiple Choice Question,1,2022,,,,,,,,,,,,,,,,
Board,Class 12th,English,Maths,Inverse Trigonometric Functions,2,"<p>Q. If \(\sin^{-1} x = y\), then : (A) \(0 \leq y \leq \pi\) (B) \(-\frac{\pi}{2} \leq y \leq \frac{\pi}{2}\) (C) \(0 < y < \pi\) (D) \(-\frac{\pi}{2} < y < \frac{\pi}{2}\)</p>",Multiple Choice Question,1,2022,,,,,,,,,,,,,,,,
Board,Class 12th,English,Maths,Matrices,3,<p>Q. The number of all possible matrices of order \(3 \times 3\) which each entry 0 or 1 is : (A) 27 (B) 18 (C) 81 (D) 512</p>,Multiple Choice Question,1,2022,,,,,,,,,,,,,,,,
Board,Class 12th,English,Maths,Applications of Derivatives,6,"<p>Q. If \( x = a t^{2} \) and \( y = 2 a t \), then the value of \( \frac{d y}{d x} \) is : (A) \( t \) (B) \( t^{2} \) (C) \( \frac{1}{t} \) (D) \( \frac{1}{t^{2}} \)</p>",Multiple Choice Question,1,2022,,,,,,,,,,,,,,,,
Board,Class 12th,English,Maths,Differential Equations,9,<p>Q. Integrating factor of differential equation \( x \frac{d y}{d x}-y=2 x^{2} \) is : (A) \( e^{-x} \) (B) \( e^{-y} \) (C) \( \frac{1}{x} \) (D) \( x \)</p>,Multiple Choice Question,1,2022,,,,,,,,,,,,,,,,
Board,Class 12th,English,Maths,Matrices,3,"<p>Q. Let \( A \) be a square matrix of order \( 3 \times 3 \), then \( |K A| \) is equal to: (A) \( K|A| \) (B) \( K^{3}|A| \) (C) \( K^{2}|A| \) (D) \( 3 K|A| \)</p>",Multiple Choice Question,1,2022,,,,,,,,,,,,,,,,
Board,Class 12th,English,Maths,Relations and Functions,1,"<p>Q. In set \( A=\{4,5,6\} \), number of equivalence relations containing \( (4,5) \) is _____.</p>",Fill in the Blanks,1,2022,,,,,,,,,,,,,,,,
Board,Class 12th,English,Maths,Inverse Trigonometric Functions,2,<p>Q. \(\sin^{-1} x + \cos^{-1} x =\) _____</p>,Fill in the Blanks,1,2022,,,,,,,,,,,,,,,,
Board,Class 12th,English,Maths,Probability,13,"<p>Q. If \( A \) and \( B \) are independent events, then \( P(A \cap B) = \) _____</p>",Fill in the Blanks,1,2022,,,,,,,,,,,,,,,,
Board,Class 12th,English,Maths,Linear Programming,12,<p>Q. The graph of \(x \geq 0\) is situated at _____ quadrant.</p>,Fill in the Blanks,1,2022,,,,,,,,,,,,,,,,
Board,Class 12th,English,Maths,Determinants,4,<p>Q. Value of determinant \(\left|\begin{array}{cc}1 & \omega \\ \omega & -\omega\end{array}\right|\) is _____.</p>,Fill in the Blanks,1,2022,,,,,,,,,,,,,,,,
Board,Class 12th,English,Maths,Continuity and Differentiability,5,"<p>Q. If \( y = x + \log_{e} x \), then \( \frac{d y}{d x} = \) _____</p>",Fill in the Blanks,1,2022,,,,,,,,,,,,,,,,
Board,Class 12th,English,Maths,Three Dimensional Geometry,11,<p>Q. Difference between two planes \(2 x+3 y+4 z=4\) and \(4 x+6 y+8 z=12\) is _____.</p>,Fill in the Blanks,1,2022,,,,,,,,,,,,,,,,
Board,Class 12th,English,Maths,Applications of Derivatives,6,"<p>Q. Find the rate of change of the area of a circle with respect to its radius \( r=3 \, \mathrm{cm} \).</p>",Very Short Answer,2,2022,,,,,,,,,,,,,,,,
Board,Class 12th,English,Maths,Probability,13,"<p>Q. If \( P(B)=0.5 \) and \( P(A \cap B)=0.25 \), then compute \( P\left(\frac{A}{B}\right) \).</p>",Very Short Answer,2,2022,,,,,,,,,,,,,,,,
Board,Class 12th,English,Maths,Probability,13,"<p>Q. If \( P(A) = \frac{3}{5} \) and \( P(B) = \frac{1}{5} \), calculate \( P(A \cap B) \) if \( A \) and \( B \) are independent events.</p>",Very Short Answer,2,2022,,,,,,,,,,,,,,,,
Board,Class 12th,English,Maths,Three Dimensional Geometry,11,<p>Q. Find the direction cosines of a line which makes equal angles with the coordinate axes.</p>,Very Short Answer,2,2022,,,,,,,,,,,,,,,,
Board,Class 12th,English,Maths,Three Dimensional Geometry,11,<p>Q. Find the angle between pair of lines \(\frac{x}{2}=\frac{y}{2}=\frac{z}{1}\) and \(\frac{x-5}{4}=\frac{y-2}{1}=\frac{z-3}{8}\)</p>,Short Answer,3,2022,,,,,,,,,,,,,,,,
Board,Class 12th,English,Maths,Three Dimensional Geometry,11,<p>Q. Find the least distance between the lines given by \(\bar{r}=\hat{i}+2 \hat{j}-4 \hat{k}+\lambda(2 \hat{i}+3 \hat{j}+6 \hat{k})\) and \(\bar{r}=3 \hat{i}+3 \hat{j}-5 \hat{k}+\mu(2 \hat{i}+3 \hat{j}+6 \hat{k})\).</p>,Long Answer,5,2022,,,,,,,,,,,,,,,,
Board,Class 12th,English,Maths,Three Dimensional Geometry,11,"<p>Q. Find the unit vector in the direction of vector \( \overline{P Q} \), where \( P \) and \( Q \) are the points \( (1,2,3) \) and \( (4,-5,6) \) respectively.</p>",Very Short Answer,2,2022,,,,,,,,,,,,,,,,
Board,Class 12th,English,Maths,Three Dimensional Geometry,11,"<p>Q. Find the position vector of the mid point of the vector joining the points \( P(2,3,4) \) and \( Q(4,1,-2) \).</p>",Very Short Answer,2,2022,,,,,,,,,,,,,,,,
Board,Class 12th,English,Maths,Integrals,7,"<p>Q. Calculate the value of \(\int \cos ^{2} x \, dx\).</p>",Very Short Answer,2,2022,,,,,,,,,,,,,,,,
Board,Class 12th,English,Maths,Integrals,7,"<p>Q. Calculate the value of \( I=\int e^{x} \cdot \sin x \, dx \).</p>",Short Answer,3,2022,,,,,,,,,,,,,,,,
Board,Class 12th,English,Maths,Integrals,7,<p>Q. Find the value of Integral \(\int_{2}^{3} x^{5} \cdot d x\).</p>,Very Short Answer,2,2022,,,,,,,,,,,,,,,,
Board,Class 12th,English,Maths,Integrals,7,<p>Q. Find the value of Integral \(\int_{0}^{\frac{\pi}{2}} \frac{\sqrt{\sin x}}{\sqrt{\sin x}+\sqrt{\cos x}} \cdot d x\).</p>,Short Answer,3,2022,,,,,,,,,,,,,,,,
Board,Class 12th,English,Maths,Relations and Functions,1,"<p>Q. Examine that the relation \( R \) in the set \( \{1,2,3\} \) given by \( R=\{(1,1),(2,2),(3,3),(1,2),(2,3)\} \) is reflexive but neither symmetric nor transitive.</p>",Very Short Answer,2,2022,,,,,,,,,,,,,,,,
Board,Class 12th,English,Maths,Relations and Functions,1,"<p>Q. Show that the function \( f: \mathbb{R} \rightarrow \mathbb{R} \) defined as \( f(x) = x^{2} \), is neither one-one nor onto.</p>",Very Short Answer,2,2022,,,,,,,,,,,,,,,,
Board,Class 12th,English,Maths,Matrices,3,"<p>Q. Find \( A B \), if \( A=\begin{bmatrix}0 & -1 \\ 0 & 2\end{bmatrix} \) and \( B=\begin{bmatrix}3 & 5 \\ 0 & 0\end{bmatrix} \).</p>",Very Short Answer,2,2022,,,,,,,,,,,,,,,,
Board,Class 12th,English,Maths,Matrices,3,"<p>Q. If \( A=\begin{bmatrix} 3 & \sqrt{3} & 2 \\ 4 & 2 & 0 \end{bmatrix} \), then show that \( (A^{\prime})^{\prime}=A \).</p>",Very Short Answer,2,2022,,,,,,,,,,,,,,,,
Board,Class 12th,English,Maths,Continuity and Differentiability,5,"<p>Q. Differentiate \( a^{x} \) with respect to \( x \), where \( a \) is a positive integer.</p>",Very Short Answer,2,2022,,,,,,,,,,,,,,,,
Board,Class 12th,English,Maths,Continuity and Differentiability,5,<p>Q. Differentiate \((\log x)^{\cos x}\) with respect to \(x\).</p>,Very Short Answer,2,2022,,,,,,,,,,,,,,,,
Board,Class 12th,English,Maths,Inverse Trigonometric Functions,2,"<p>Q. Write the function \(\tan ^{-1}\left(\sqrt{\frac{1-\cos x}{1+\cos x}}\right), 0<x<\pi\) in the simplest form.</p>",Very Short Answer,2,2022,,,,,,,,,,,,,,,,
Board,Class 12th,English,Maths,Inverse Trigonometric Functions,2,<p>Q. Prove that \(\sin^{-1} \frac{3}{5} - \sin^{-1} \frac{8}{17} = \sin^{-1} \frac{13}{85}\).</p>,Very Short Answer,2,2022,,,,,,,,,,,,,,,,
Board,Class 12th,English,Maths,Matrices,3,<p>Q. Express the matrix \( B=\begin{bmatrix} 2 & -2 & -4 \\ -1 & 3 & 4 \\ 1 & -2 & -3 \end{bmatrix} \) as a symmetric matrix.</p>,Very Short Answer,2,2022,,,,,,,,,,,,,,,,
Board,Class 12th,English,Maths,Matrices,3,<p>Q. Find the values of \(x\) and \(y\) from the following equation : \(2\left[\begin{bmatrix}x & 5 \\ 7 & y-3\end{bmatrix}\right]+\left[\begin{bmatrix}3 & -4 \\ 1 & 2\end{bmatrix}\right]=\left[\begin{bmatrix}7 & 6 \\ 15 & 14\end{bmatrix}\right]\)</p>,Very Short Answer,2,2022,,,,,,,,,,,,,,,,
Board,Class 12th,English,Maths,Applications of Derivatives,6,<p>Q. Find two numbers whose sum is 24 and whose product is as large as possible.</p>,Very Short Answer,2,2022,,,,,,,,,,,,,,,,
Board,Class 12th,English,Maths,Applications of Derivatives,6,"<p>Q. Find the equation of the tangent and normal to the curve \(x^{\frac{2}{3}} + y^{\frac{2}{3}} = 2\) at \((1,1)\).</p>",Very Short Answer,2,2022,,,,,,,,,,,,,,,,
Board,Class 12th,English,Maths,Linear Programming,12,"<p>Q. Solve the following linear programming problem graphically : Minimise \( Z=200 x+500 y \) Subject to the constraints : \( x+2 y \geq 10 \), \( 3 x+4 y \leq 24 \), \( x \geq 0, y \geq 0 \)</p>",Very Short Answer,2,2022,,,,,,,,,,,,,,,,
Board,Class 12th,English,Maths,Linear Programming,12,"<p>Q. Solve the following linear programming problem graphically : Maximize \(Z=4 x+y\) Subject to the constraints : \(x+y \leq 50\), \(3 x+y \leq 90\), \(x \geq 0, y \geq 0\)</p>",Very Short Answer,2,2022,,,,,,,,,,,,,,,,
Board,Class 12th,English,Maths,Determinants,4,<p>Q. Solve the following determinant \(\left|\begin{array}{ccc}x+1 & 3 & 5 \\ 2 & x+2 & 5 \\ 2 & 3 & x+4\end{array}\right|=0\)</p>,Very Short Answer,2,2022,,,,,,,,,,,,,,,,
Board,Class 12th,English,Maths,Determinants,4,<p>Q. Prove that : \[\left|\begin{bmatrix}-a^{2} & a b & a c \\ a b & -b^{2} & b c \\ a c & b c & -c^{2}\end{bmatrix}\right|=4 a^{2} b^{2} c^{2}\]</p>,Very Short Answer,2,2022,,,,,,,,,,,,,,,,
Board,Class 12th,English,Maths,Continuity and Differentiability,5,"<p>Q. Discuss the continuity of the function \( f \) given by \( f(x)=\left\{\begin{array}{ll}\frac{1-\cos x}{x^{2}} ; & x \neq 0 \\ \frac{1}{2}, & x=0\end{array}\right. \) at \( x=0 \).</p>",Very Short Answer,2,2022,,,,,,,,,,,,,,,,
Board,Class 12th,English,Maths,Continuity and Differentiability,5,"<p>Q. Find the value of \(\frac{d y}{d x}\), if \(x=a(t+\sin t), y=a(1-\cos t)\).</p>",Very Short Answer,2,2022,,,,,,,,,,,,,,,,
Board,Class 12th,English,Maths,Applications of Integrals,8,<p>Q. Find the area of the circle \(x^{2}+y^{2}=a^{2}\).</p>,Very Short Answer,2,2022,,,,,,,,,,,,,,,,
Board,Class 12th,English,Maths,Applications of Integrals,8,<p>Q. Find the area enclosed by the ellipse \(\frac{x^{2}}{a^{2}}+\frac{y^{2}}{b^{2}}=1\).</p>,Very Short Answer,2,2022,,,,,,,,,,,,,,,,
Board,Class 12th,English,Maths,Differential Equations,9,<p>Q. Solve the differential equation \(\frac{d y}{d x}=e^{x-y}+x \cdot e^{-y}\).</p>,Very Short Answer,2,2022,,,,,,,,,,,,,,,,
Board,Class 12th,English,Maths,Differential Equations,9,<p>Q. Solve the differential equation \(\frac{d y}{d x}=\frac{\sqrt{1-y^{2}}}{\sqrt{1-x^{2}}}\).</p>,Very Short Answer,2,2022,,,,,,,,,,,,,,,,
Board,Class 12th,English,Maths,Linear Programming,12,<p>Q. What is the optimal value function ?</p>,Very Short Answer,2,2022,,,,,,,,,,,,,,,,
Board,Class 12th,English,Maths,Probability,13,<p>Q. What is the chance that leap year will contain 53 Friday?</p>,Very Short Answer,2,2022,,,,,,,,,,,,,,,,
Board,Class 12th,English,Maths,Integrals,7,"<p>Q. What is the value of \(\int_{0}^{\pi / 2} \cos x \, dx\) ?</p>",Very Short Answer,2,2022,,,,,,,,,,,,,,,,
Board,Class 12th,English,Maths,Integrals,7,"<p>Q. What is the value of \(\int \log x \, dx\) ?</p>",Very Short Answer,2,2022,,,,,,,,,,,,,,,,
Board,Class 12th,English,Maths,Relations and Functions,1,<p>Q. Write definition of Empty relation.</p>,Very Short Answer,2,2022,,,,,,,,,,,,,,,,
Board,Class 12th,English,Maths,Three Dimensional Geometry,11,"<p>Q. Write direction cosines of \(x, y\) and \(z\)-axes.</p>",Very Short Answer,2,2022,,,,,,,,,,,,,,,,
Board,Class 12th,English,Maths,Probability,13,"<p>Q. If \( P(A)=2, P(A \cap B)=1 \), then what is the value of \( P(B | A) \) ?</p>",Very Short Answer,2,2022,,,,,,,,,,,,,,,,
Board,Class 12th,English,Maths,Continuity and Differentiability,5,<p>Q. The value of \(\frac{d}{d x} \tan x\) is \(\sec x \tan x\).</p>,Very Short Answer,2,2022,,,,,,,,,,,,,,,,
Board,Class 12th,English,Maths,Vector Algebra,10,<p>Q. Equation of a plane in normal form is \( l x + m y + n z = d \).</p>,Very Short Answer,2,2022,,,,,,,,,,,,,,,,
Board,Class 12th,English,Maths,Three Dimensional Geometry,11,<p>Q. The planes \(2 x - y + 4 z = 5\) and \(5 x - 2.5 y + 10 z = 6\) are parallel.</p>,Very Short Answer,2,2022,,,,,,,,,,,,,,,,
Board,Class 12th,English,Maths,Vector Algebra,10,"<p>Q. For any two vectors \(\vec{a}\) and \(\vec{b}\), we always have \(|\vec{a} \cdot \vec{b}| \geq|\vec{a}||\vec{b}|\).</p>",Very Short Answer,2,2022,,,,,,,,,,,,,,,,
Board,Class 12th,English,Maths,Vector Algebra,10,<p>Q. The vector product is commutative.</p>,Very Short Answer,2,2022,,,,,,,,,,,,,,,,
Board,Class 12th,English,Maths,Vector Algebra,10,<p>Q. The value of \(\hat{i} \cdot(\hat{j} \times \hat{k})+\hat{j} \cdot(\hat{i} \times \hat{k})+\hat{k} \cdot(\hat{i} \times \hat{j})\) is 1.</p>,Very Short Answer,2,2022,,,,,,,,,,,,,,,,
Board,Class 12th,English,Maths,Relations and Functions,1,"<p>Q. In the function \( f: \mathbb{R} \rightarrow \mathbb{R} \), given by \( f(x)=5 x \) (a) \( f \) is one-one onto (b) \( f \) is many-one onto (c) \( f \) is one-one but not onto (d) \( f \) is neither one-one nor onto</p>",Multiple Choice Question,1,2023,,,,,,,,,,,,,,,,
Board,Class 12th,English,Maths,Inverse Trigonometric Functions,2,<p>Q. \(\tan ^{-1} \sqrt{3}-\sec ^{-1}(-2)\) is equal to (a) \(\pi\) (b) \(-\frac{\pi}{3}\) (c) \(\frac{\pi}{3}\) (d) \(\frac{2 \pi}{3}\)</p>,Multiple Choice Question,1,2023,,,,,,,,,,,,,,,,
Board,Class 12th,English,Maths,Matrices,3,"<p>Q. If \( A=\begin{bmatrix}\cos \alpha & -\sin \alpha \\ \sin \alpha & \cos \alpha\end{bmatrix} \) and \( A+A^{\prime}=I \), then the value of \( \alpha \) is (a) \( \frac{\pi}{6} \) (b) \( \frac{\pi}{3} \) (c) \( \pi \) (d) \( \frac{3 \pi}{2} \)</p>",Multiple Choice Question,1,2023,,,,,,,,,,,,,,,,
Board,Class 12th,English,Maths,Matrices,3,"<p>Q. If \( A \) is a square matrix of order \( 2 \times 2 \), then \( |5 A| \) is equal to (a) \( 5|A| \) (b) \( 25|A| \) (c) \( 125|A| \) (d) \( 15|A| \)</p>",Multiple Choice Question,1,2023,,,,,,,,,,,,,,,,
Board,Class 12th,English,Maths,Probability,13,"<p>Q. If \( P(A)=0.5, P(B)=0 \), then \( P(A \mid B) \) is (a) 0 (b) 0.5 (c) not defined (d) 1</p>",Multiple Choice Question,1,2023,,,,,,,,,,,,,,,,
Board,Class 12th,English,Maths,Determinants,4,"<p>Q. If \(\left|\begin{array}{cc}x & 2 \\ 18 & x\end{array}\right|=0\), then \(x\) is equal to (a) 6 (b) \(\pm 6\) (c) -6 (d) 0</p>",Multiple Choice Question,1,2023,,,,,,,,,,,,,,,,
Board,Class 12th,English,Maths,Integrals,7,<p>Q. \(\int e^{x}\left[f(x)+f^{\prime}(x)\right] d x =\) _____</p>,Fill in the Blanks,1,2023,,,,,,,,,,,,,,,,
Board,Class 12th,English,Maths,Continuity and Differentiability,5,"<p>Q. If \( y=\sqrt{e^{\sqrt{x}}}, x>0 \) then \( \frac{d y}{d x}=\) _____</p>",Fill in the Blanks,1,2023,,,,,,,,,,,,,,,,
Board,Class 12th,English,Maths,Applications of Derivatives,6,"<p>Q. Rate of change of area of circle per second with respect to its radius \( r \) when \( r=5 \, \mathrm{cm} \) will be _____</p>",Fill in the Blanks,1,2023,,,,,,,,,,,,,,,,
Board,Class 12th,English,Maths,Integrals,7,<p>Q. \(\int\left(\sin ^{-1} x+\cos ^{-1} x\right) d x=\) _____</p>,Fill in the Blanks,1,2023,,,,,,,,,,,,,,,,
Board,Class 12th,English,Maths,Differential Equations,9,<p>Q. The number of arbitrary constants in the particular solution of a differential equation of third order are _____</p>,Fill in the Blanks,1,2023,,,,,,,,,,,,,,,,
Board,Class 12th,English,Maths,Vector Algebra,10,<p>Q. The vector sum of the three sides of a triangle taken in order is _____</p>,Fill in the Blanks,1,2023,,,,,,,,,,,,,,,,
Board,Class 12th,English,Maths,Three Dimensional Geometry,11,"<p>Q. The direction cosines of \(x, y\) and \(z\)-axis are _____ respectively.</p>",Fill in the Blanks,1,2023,,,,,,,,,,,,,,,,
Board,Class 12th,English,Maths,Integrals,7,<p>Q. \(\int e^{x}\left[f(x)+f^{\prime}(x)\right] d x=\) _____</p>,Fill in the Blanks,1,2023,,,,,,,,,,,,,,,,
Board,Class 12th,English,Maths,Differential Equations,9,<p>Q. Order of differential equation \( x y \frac{d^{2} y}{d x^{2}} + x \left( \frac{d y}{d x} \right)^{2} - y \frac{d y}{d x} = 0 \) is 2.</p>,True False,1,2023,,,,,,,,,,,,,,,,
Board,Class 12th,English,Maths,Vector Algebra,10,<p>Q. Angle between vectors \(\vec{a}=\hat{i}+\hat{j}-\hat{k}\) and \(\vec{b}=\hat{i}-\hat{j}+\hat{k}\) is \(60^{\circ}\).</p>,True False,1,2023,,,,,,,,,,,,,,,,
Board,Class 12th,English,Maths,Differential Equations,9,<p>Q. Integrating factor of differential equation \(\frac{d y}{d x}-y=\cos x\) is \(e^{-x}\).</p>,True False,1,2023,,,,,,,,,,,,,,,,
Board,Class 12th,English,Maths,Relations and Functions,1,<p>Q. \( f: x \rightarrow y \) is onto function then range of \( f = y \).</p>,Very Short Answer,2,2023,,,,,,,,,,,,,,,,
Board,Class 12th,English,Maths,Inverse Trigonometric Functions,2,<p>Q. \(\tan^{-1} \frac{1}{2} + \tan^{-1} \frac{1}{3} = \tan^{-1} \frac{1}{5}\)</p>,True False,1,2023,,,,,,,,,,,,,,,,
Board,Class 12th,English,Maths,Matrices,3,<p>Q. If \( A=\left[a_{i j}\right]_{m \times n} \) and \( B=\left[b_{i j}\right]_{n \times p} \) then order of \( A B \) will be \( m \times p \).</p>,True False,1,2023,,,,,,,,,,,,,,,,
Board,Class 12th,English,Maths,Relations and Functions,1,<p>Q. What is trivial relation?</p>,Very Short Answer,2,2023,,,,,,,,,,,,,,,,
Board,Class 12th,English,Maths,Inverse Trigonometric Functions,2,<p>Q. Find the principal value of \(\sin^{-1}\left(\frac{1}{\sqrt{2}}\right)\).</p>,Very Short Answer,2,2023,,,,,,,,,,,,,,,,
Board,Class 12th,English,Maths,Matrices,3,<p>Q. What is column matrix?</p>,Very Short Answer,2,2023,,,,,,,,,,,,,,,,
Board,Class 12th,English,Maths,Vector Algebra,10,<p>Q. Find magnitude of the vector \(\hat{i}+\hat{j}+\hat{k}\).</p>,Very Short Answer,2,2023,,,,,,,,,,,,,,,,
Board,Class 12th,English,Maths,Probability,13,<p>Q. If \( A \) and \( B \) are two independent events with \( P(A)=0.3 \) and \( P(B)=0.4 \) then find \( P(B \mid A) \).</p>,Very Short Answer,2,2023,,,,,,,,,,,,,,,,
Board,Class 12th,English,Maths,Inverse Trigonometric Functions,2,"<p>Q. Find the value of \(\cos \left(\sec ^{-1} x+\operatorname{cosec}^{-1} x\right),|x| \geq 1\).</p>",Very Short Answer,2,2023,,,,,,,,,,,,,,,,
Board,Class 12th,English,Maths,Applications of Derivatives,6,<p>Q. The total revenue in Rupees received from the sale of \( x \) units of a product is given by \( R(x)=3 x^{2}+36 x+5 \). Find the marginal revenue when \( x=15 \).</p>,Very Short Answer,2,2023,,,,,,,,,,,,,,,,
Board,Class 12th,English,Maths,Relations and Functions,1,"<p>Q. If \( A=\{1,2,3\}, B=\{4,5,6,7\} \) and \( f=\{(1,4),(2,5),(3,6)\} \) be a function from \( A \) to \( B \), then show that \( f \) is one-one.</p>",Very Short Answer,2,2023,,,,,,,,,,,,,,,,
Board,Class 12th,English,Maths,Relations and Functions,1,"<p>Q. Examine that the relation \( R \) in the set \( \{1,2,3,4\} \) given by \( R=\{(1,2), (2,2),(1,1),(4,4),(1,3),(3,3),(3,2)\} \) is reflexive and transitive but not symmetric.</p>",Very Short Answer,2,2023,,,,,,,,,,,,,,,,
Board,Class 12th,English,Maths,Inverse Trigonometric Functions,2,"<p>Q. Prove that \(\sin ^{-1}(-x)=-\sin ^{-1} x ; x \in\left[-1, 1\right]\)</p>",Very Short Answer,2,2023,,,,,,,,,,,,,,,,
Board,Class 12th,English,Maths,Inverse Trigonometric Functions,2,"<p>Q. Prove that \(\sin^{-1} x + \cos^{-1} x = \frac{\pi}{2} ; x \in \left[-1, 1\right]\)</p>",Very Short Answer,2,2023,,,,,,,,,,,,,,,,
Board,Class 12th,English,Maths,Matrices,3,"<p>Q. If \( A=\begin{bmatrix}-2 & 3 \\ 1 & 2\end{bmatrix} \) and \( B=\begin{bmatrix}-1 & 0 \\ 1 & 2\end{bmatrix} \), then find \( (A+B)^{\prime} \).</p>",Very Short Answer,2,2023,,,,,,,,,,,,,,,,
Board,Class 12th,English,Maths,Matrices,3,"<p>Q. If \( A=\begin{bmatrix}1 \\ -4 \\ 3\end{bmatrix}, B=\begin{bmatrix}-1 & 2 & 1\end{bmatrix} \), then find \( A B \).</p>",Very Short Answer,2,2023,,,,,,,,,,,,,,,,
Board,Class 12th,English,Maths,Continuity and Differentiability,5,<p>Q. Differentiate \( X^{X} \) with respect to \( X \).</p>,Very Short Answer,2,2023,,,,,,,,,,,,,,,,
Board,Class 12th,English,Maths,Inverse Trigonometric Functions,2,<p>Q. If \( y=\sin ^{-1}\left(\frac{2 x}{1+x^{2}}\right) \) then find \( \frac{d y}{d x} \).</p>,Very Short Answer,2,2023,,,,,,,,,,,,,,,,
Board,Class 12th,English,Maths,Applications of Derivatives,6,<p>Q. Show that the function given by \( f(x) = 12x - 3 \) is increasing on \( \mathbb{R} \).</p>,Very Short Answer,2,2023,,,,,,,,,,,,,,,,
Board,Class 12th,English,Maths,Applications of Integrals,8,<p>Q. Show that the function given by \( f(x)=e^{3 x} \) is increasing on \( \mathbb{R} \).</p>,Very Short Answer,2,2023,,,,,,,,,,,,,,,,
Board,Class 12th,English,Maths,Integrals,7,"<p>Q. Evaluate \(\int_{-1}^{1} \sin ^{5} x \cos ^{4} x \, dx\)</p>",Very Short Answer,2,2023,,,,,,,,,,,,,,,,
Board,Class 12th,English,Maths,Integrals,7,<p>Q. Evaluate \(\int_{-1}^{2}\left|x^{3}-x\right| d x\)</p>,Very Short Answer,2,2023,,,,,,,,,,,,,,,,
Board,Class 12th,English,Maths,Vector Algebra,10,<p>Q. Find the Projection of vector \(\vec{a}=\hat{i}+2 \hat{j}+3 \hat{k}\) on the vector \(\vec{b}=2 \hat{i}+\hat{k}\).</p>,Very Short Answer,2,2023,,,,,,,,,,,,,,,,
Board,Class 12th,English,Maths,Vector Algebra,10,<p>Q. Find the area of a parallelogram whose adjacent sides are given by the vectors \(\vec{a}=\hat{i}-\hat{j}+3 \hat{k}\) and \(\vec{b}=2 \hat{i}-7 \hat{j}+\hat{k}\).</p>,Short Answer,3,2023,,,,,,,,,,,,,,,,
Board,Class 12th,English,Maths,Vector Algebra,10,<p>Q. Show that for any two vectors \(\vec{a}\) and \(\vec{b}\) always \(|\vec{a} \cdot \vec{b}| \leq|\vec{a}||\vec{b}|\).</p>,Short Answer,3,2023,,,,,,,,,,,,,,,,
Board,Class 12th,English,Maths,Vector Algebra,10,<p>Q. Find the value of \( x \) for which \( x(\hat{i}+\hat{j}+\hat{k}) \) is a unit vector.</p>,Very Short Answer,2,2023,,,,,,,,,,,,,,,,
Board,Class 12th,English,Maths,Three Dimensional Geometry,11,"<p>Q. If direction ratios of a line are \(-18, 12, -4\), then find its direction cosines.</p>",Very Short Answer,2,2023,,,,,,,,,,,,,,,,
Board,Class 12th,English,Maths,Vector Algebra,10,"<p>Q. Find the equation of the line which passes through the point \((1,2,3)\) and is parallel to the vector \(3 \hat{i}+2 \hat{j}-2 \hat{k}\).</p>",Short Answer,3,2023,,,,,,,,,,,,,,,,
Board,Class 12th,English,Maths,Applications of Derivatives,6,<p>Q. Find local maximum and local minimum values of the function \( f \) given by \( f(x)=3 x^{4}+4 x^{3}-12 x^{2}+12 \)</p>,Very Short Answer,2,2023,,,,,,,,,,,,,,,,
Board,Class 12th,English,Maths,Applications of Derivatives,6,<p>Q. Find interval in which the function given by \( f(x)=x^{2}-4 x+6 \) is decreasing.</p>,Very Short Answer,2,2023,,,,,,,,,,,,,,,,
Board,Class 12th,English,Maths,Applications of Integrals,8,<p>Q. Find the area of the region bounded by the curve \( y=x^{2} \) and the line \( y=4 \).</p>,Very Short Answer,2,2023,,,,,,,,,,,,,,,,
Board,Class 12th,English,Maths,Applications of Integrals,8,<p>Q. Find the area of the region bounded by the curve \( y^{2}=4 x \) and the line \( x=3 \).</p>,Short Answer,3,2023,,,,,,,,,,,,,,,,
Board,Class 12th,English,Maths,Differential Equations,9,<p>Q. Find general solution of differential equation \( x \frac{d y}{d x} + 2 y = x^{2} \quad (x \neq 0) \)</p>,Short Answer,3,2023,,,,,,,,,,,,,,,,
Board,Class 12th,English,Maths,Differential Equations,9,<p>Q. Find the general solution of the differential equation \(\frac{d y}{d x}=\frac{1+y^{2}}{1+x^{2}}\).</p>,Very Short Answer,2,2023,,,,,,,,,,,,,,,,
Board,Class 12th,English,Maths,Linear Programming,12,"<p>Q. Minimize \(Z=3 x+5 y\) subject to the constraints : \(x+3 y \geq 3\), \(x+y \geq 2\), \(x, y \geq 0\)</p>",Short Answer,3,2023,,,,,,,,,,,,,,,,
Board,Class 12th,English,Maths,Linear Programming,12,"<p>Q. Maximize \(Z=3 x+9 y\) subject to the constraints : \(x+3 y \leq 60\), \(x+y \geq 10\), \(x \leq y\), \(x \geq 0\), \(y \geq 0\)</p>",Short Answer,3,2023,,,,,,,,,,,,,,,,
Board,Class 12th,English,Maths,Probability,13,"<p>Q. Ten cards numbered 1 to 10 are placed in a box, mixed up thoroughly and then one card is drawn randomly. If it is known that the number on the drawn card is more than 3, what is the probability that it is an even number?</p>",Long Answer,5,2023,,,,,,,,,,,,,,,,
Board,Class 12th,English,Maths,Probability,13,<p>Q. An urn contains 10 black and 5 white balls. Two balls are drawn from the urn one after the other without replacement suppose that the probability of drawing each ball is same. What is the probability that both drawn balls are black?</p>,Long Answer,5,2023,,,,,,,,,,,,,,,,
Board,Class 12th,English,Maths,Determinants,4,<p>Q. Solve the equation \(\left|\begin{array}{ccc} x+a & x & x \\ x & x+a & x \\ x & x & x+a \end{array}\right|=0\) where \(a \neq 0\)</p>,Short Answer,3,2023,,,,,,,,,,,,,,,,
Board,Class 12th,English,Maths,Determinants,4,<p>Q. Prove that \(\left|\begin{array}{ccc} a-b-c & 2 a & 2 a \\ 2 b & b-c-a & 2 b \\ 2 c & 2 c & c-a-b \end{array}\right|=(a+b+c)^{3}\)</p>,Very Short Answer,2,2023,,,,,,,,,,,,,,,,
Board,Class 12th,English,Maths,Continuity and Differentiability,5,<p>Q. Prove that function \( f \) is differentiable at a point \( a \) then it is also continuous at that point.</p>,Long Answer,5,2023,,,,,,,,,,,,,,,,
Board,Class 12th,English,Maths,Continuity and Differentiability,5,<p>Q. Differentiate \(\sin \left(x^{2}\right)\) with respect to \(x^{2}\).</p>,Short Answer,3,2023,,,,,,,,,,,,,,,,
Board,Class 12th,English,Maths,Integrals,7,<p>Q. Evaluate \(\int_{0}^{\pi} \frac{x \sin x}{1+\cos ^{2} x} d x\)</p>,Short Answer,3,2023,,,,,,,,,,,,,,,,
Board,Class 12th,English,Maths,Integrals,7,<p>Q. Evaluate \(\int_{0}^{\pi / 2} \frac{\cos ^{5} x}{\sin x^{5}+\cos x^{5}} d x\)</p>,Short Answer,3,2023,,,,,,,,,,,,,,,,
Board,Class 12th,English,Maths,Differential Equations,9,<p>Q. Find the shortest distance between the lines \(\vec{r}=(1-t) \hat{i}+(t-2) \hat{j}+(3-2 t) \hat{k}\) and \(\vec{r}=(s+1) \hat{i}+(2 s-1) \hat{j}-(2 s+1) \hat{k}\).</p>,Short Answer,3,2023,,,,,,,,,,,,,,,,
Board,Class 12th,English,Maths,Three Dimensional Geometry,11,<p>Q. Find the shortest distance between parallel lines \(\vec{r}=\hat{i}+2 \hat{j}-4 \hat{k}+\lambda(2 \hat{i}+3 \hat{j}+6 \hat{k})\) and \(\vec{r}=3 \hat{i}+3 \hat{j}-5 \hat{k}+\mu(2 \hat{i}+3 \hat{j}+6 \hat{k})\).</p>,Short Answer,3,2023,,,,,,,,,,,,,,,,
Board,Class 12th,English,Maths,Relations and Functions,1,<p>Q. If \( f: \mathbb{R} \rightarrow \mathbb{R} \) be defined as \( f(x)=x^{2} \). then (a) \( f \) is one-one onto (b) \( f \) is many one onto (c) \( f \) is one-one but not onto (d) \( f \) is neither one-one nor onto</p>,Multiple Choice Question,1,2024,,,,,,,,,,,,,,,,
Board,Class 12th,English,Maths,Inverse Trigonometric Functions,2,<p>Q. The principal value of \(\sin ^{-1}\left(-\frac{1}{2}\right)\) is - (a) \(\frac{\pi}{6}\) (b) \(-\frac{\pi}{6}\) (c) \(\frac{4 \pi}{3}\) (d) \(\frac{2 \pi}{3}\)</p>,Multiple Choice Question,1,2024,,,,,,,,,,,,,,,,
Board,Class 12th,English,Maths,Matrices,3,<p>Q. The number of all possible matrices of order \(2 \times 2\) with entry 0 or 1 is - (a) 27 (b) 512 (c) 16 (d) 2</p>,Multiple Choice Question,1,2024,,,,,,,,,,,,,,,,
Board,Class 12th,English,Maths,Probability,13,<p>Q. The probability of obtaining an even prime number on each die when a pair of dice is rolled is - (a) 0 (b) \(\frac{1}{3}\) (c) \(\frac{1}{12}\) (d) \(\frac{1}{36}\)</p>,Multiple Choice Question,1,2024,,,,,,,,,,,,,,,,
Board,Class 12th,English,Maths,Determinants,4,<p>Q. If \( A \) is a nonsingular square matrix of order \( 3 \times 3 \) and \( |A|=2 \) then \( |\operatorname{adj} A| \) is equal to - (a) 4 (b) 2 (c) 8 (d) 0</p>,Multiple Choice Question,1,2024,,,,,,,,,,,,,,,,
Board,Class 12th,English,Maths,Vector Algebra,10,<p>Q. If \(\vec{a}\) and \(\vec{b}\) are two non-zero vectors then \(\vec{a} \cdot \vec{b}=-|\vec{a}||\vec{b}|\) if - (a) \(\quad \theta=\frac{\pi}{2}\) (b) \(\theta=0^{\circ}\) (c) \(\theta=\pi\) (d) \(\theta=\frac{3 \pi}{2}\)</p>,Multiple Choice Question,1,2024,,,,,,,,,,,,,,,,
Board,Class 12th,English,Maths,Relations and Functions,1,<p>Q. A Relation \( R \) in a set \( A \) is said to be _____ relation if \( R \) is reflexive symmetric and transitive.</p>,Fill in the Blanks,1,2024,,,,,,,,,,,,,,,,
Board,Class 12th,English,Maths,Inverse Trigonometric Functions,2,<p>Q. The value of an inverse trigonometric functions which lies in its principal value branch is called _____ value of that inverse trigonometric functions.</p>,Fill in the Blanks,1,2024,,,,,,,,,,,,,,,,
Board,Class 12th,English,Maths,Matrices,3,<p>Q. If \( A^{\prime}=A \) then \( A \) is called _____ matrix.</p>,Fill in the Blanks,1,2024,,,,,,,,,,,,,,,,
Board,Class 12th,English,Maths,Determinants,4,<p>Q. Value of \(\left|\begin{array}{cc}\cos \theta & -\sin \theta \\ \sin \theta & \cos \theta\end{array}\right|\) is ____.</p>,Fill in the Blanks,1,2024,,,,,,,,,,,,,,,,
Board,Class 12th,English,Maths,Continuity and Differentiability,5,<p>Q. Differential coefficient of \( e^{-x} \) is _____.</p>,Fill in the Blanks,1,2024,,,,,,,,,,,,,,,,
Board,Class 12th,English,Maths,Relations and Functions,1,<p>Q. A point C in the domain of a function \( f \) at which either \( f^{\prime}(C)=0 \) or \( f \) is not differentiable is called a _____ point of \( f \).</p>,Fill in the Blanks,1,2024,,,,,,,,,,,,,,,,
Board,Class 12th,English,Maths,Relations and Functions,1,<p>Q. A function \( f: X \rightarrow Y \) is one-one if \( f\left(x_{1}\right)=f\left(x_{2}\right) \Rightarrow x_{1} \neq x_{2} \forall x_{1} x_{2} \in X .\)</p>,True False,1,2024,,,,,,,,,,,,,,,,
Board,Class 12th,English,Maths,Inverse Trigonometric Functions,2,"<p>Q. The range of principal value branch of \(\cot^{-1}\) is \((0, \pi)\).</p>",True False,1,2024,,,,,,,,,,,,,,,,
Board,Class 12th,English,Maths,Matrices,3,<p>Q. Any square matrix can be represented as the sum of a symmetric and a skew symmetric matrix.</p>,True False,1,2024,,,,,,,,,,,,,,,,
Board,Class 12th,English,Maths,Matrices,3,<p>Q. Multiplication of diagonal matrices of same order will be commutative.</p>,True False,1,2024,,,,,,,,,,,,,,,,
Board,Class 12th,English,Maths,Differential Equations,9,<p>Q. The differential coefficient of \(\frac{1}{x}\) with respect to \(x\) is \(\log x\).</p>,True False,1,2024,,,,,,,,,,,,,,,,
Board,Class 12th,English,Maths,Probability,13,<p>Q. If \( l_{1} m_{1} n_{1}^{\prime} \) and \( l_{2} m_{2} n_{2} \) are the direction cosines of two lines and \( \theta \) is the acute angle between the two lines then \( \sin \theta=\left|l_{1} l_{2}+m_{1} m_{2}+n_{1} n_{2}\right| \).</p>,Very Short Answer,2,2024,,,,,,,,,,,,,,,,
Board,Class 12th,English,Maths,Applications of Derivatives,6,<p>Q. Write minimum value of the function \( f \) given by \( f(x) = x^{2} \) where \( x \in \mathbb{R} \).</p>,Very Short Answer,2,2024,,,,,,,,,,,,,,,,
Board,Class 12th,English,Maths,Probability,13,<p>Q. If \( A \) and \( B \) are two events such that \( A \subset B \) and \( P(A) \neq 0 \) then write value of \( P\left(\frac{B}{A}\right) \).</p>,Very Short Answer,2,2024,,,,,,,,,,,,,,,,
Board,Class 12th,English,Maths,Vector Algebra,10,<p>Q. If \( x \cdot(\hat{i}+\hat{j}+\hat{k}) \) is a unit vector write the value of \( x \).</p>,Very Short Answer,2,2024,,,,,,,,,,,,,,,,
Board,Class 12th,English,Maths,Vector Algebra,10,<p>Q. Write the value of \( \hat{i} \cdot(\hat{j} \times \hat{k})+\hat{j} \cdot(\hat{i} \times \hat{k})+\hat{k} \cdot(\hat{i} \times \hat{j}) \).</p>,Very Short Answer,2,2024,,,,,,,,,,,,,,,,
Board,Class 12th,English,Maths,Differential Equations,9,<p>Q. Write the degree of differential equation \( x y \frac{d^{2} y}{d x^{2}} + x \left( \frac{d y}{d x} \right)^{2} - y \frac{d y}{d x} = 0 \)</p>,Very Short Answer,2,2024,,,,,,,,,,,,,,,,
Board,Class 12th,English,Maths,Differential Equations,9,<p>Q. Write the integrating factor of differential equation \(\frac{d y}{d x}+2 y=\sin x\).</p>,Very Short Answer,2,2024,,,,,,,,,,,,,,,,
Board,Class 12th,English,Maths,Differential Equations,9,<p>Q. Write the number of arbitrary constants in the particular solution of a differential equation of third order.</p>,Very Short Answer,2,2024,,,,,,,,,,,,,,,,
Board,Class 12th,English,Maths,Relations and Functions,1,"<p>Q. Show that a one-one function \( f:\{1, 2, 3\} \rightarrow\{1, 2, 3\} \) must be onto.</p>",Very Short Answer,2,2024,,,,,,,,,,,,,,,,
Board,Class 12th,English,Maths,Relations and Functions,1,"<p>Q. Show that the relation \( R \) in the set \( \{1, 2, 3\} \) given by \( \{(1, 2), (2, 1), (2, 3), (3, 2)\} \) is symmetric but neither reflexive nor transitive.</p>",Very Short Answer,2,2024,,,,,,,,,,,,,,,,
Board,Class 12th,English,Maths,Inverse Trigonometric Functions,2,"<p>Q. Prove that \(\tan^{-1} \sqrt{x} = \frac{1}{2} \cos^{-1}\left(\frac{1-x}{1+x}\right)\) for \(x \in [0, 1]\).</p>",Very Short Answer,2,2024,,,,,,,,,,,,,,,,
Board,Class 12th,English,Maths,Inverse Trigonometric Functions,2,<p>Q. Find the value of \(\tan ^{-1}\left[2 \cos \left(2 \sin ^{-1} \frac{1}{2}\right)\right].</p>,Very Short Answer,2,2024,,,,,,,,,,,,,,,,
Board,Class 12th,English,Maths,Matrices,3,<p>Q. Solve the given equation for \(xyz\) and \(t\) if \(2\left[\begin{bmatrix}x & z \\ y & t\end{bmatrix}\right]+3\left[\begin{bmatrix}1 & -1 \\ 0 & 2\end{bmatrix}\right]=3\left[\begin{bmatrix}3 & 5 \\ 4 & 6\end{bmatrix}\right]\).</p>,Short Answer,3,2024,,,,,,,,,,,,,,,,
Board,Class 12th,English,Maths,Matrices,3,<p>Q. For the matrix \( A=\begin{bmatrix}1 & 5 \\ 6 & 7\end{bmatrix} \) verify that \( \left(A-A^{\prime}\right) \) is a skew symmetric matrix.</p>,Very Short Answer,2,2024,,,,,,,,,,,,,,,,
Board,Class 12th,English,Maths,Continuity and Differentiability,5,<p>Q. If \(2 x + 3 y = \sin x\) then find \(\frac{d y}{d x}\).</p>,Very Short Answer,2,2024,,,,,,,,,,,,,,,,
Board,Class 12th,English,Maths,Continuity and Differentiability,5,<p>Q. If \( x = a \cos \theta \) and \( y = a \sin \theta \) then find \( \frac{d y}{d x} \).</p>,Very Short Answer,2,2024,,,,,,,,,,,,,,,,
Board,Class 12th,English,Maths,Applications of Derivatives,6,<p>Q. Show that the function given by \( f(x)=3 x+17 \) is increasing on \( \mathbb{R} \).</p>,Very Short Answer,2,2024,,,,,,,,,,,,,,,,
Board,Class 12th,English,Maths,Applications of Derivatives,6,"<p>Q. Prove that the function given by \( f(x)=\cos x \) is decreasing in \( (0, \pi) \).</p>",Very Short Answer,2,2024,,,,,,,,,,,,,,,,
Board,Class 12th,English,Maths,Applications of Derivatives,6,"<p>Q. The radius of a circle is increasing at the rate of \(0.7 \, \mathrm{cm/s}\). What is the rate of increase of its circumference when \(r=4.9 \, \mathrm{cm}\) ?</p>",Very Short Answer,2,2024,,,,,,,,,,,,,,,,
Board,Class 12th,English,Maths,Applications of Derivatives,6,"<p>Q. The radius of a circle is increasing uniformly at the rate of \(3 \, \mathrm{cm/s}\). Find the rate at which the area of the circle is increasing when the radius is \(20 \, \mathrm{cm}\).</p>",Short Answer,3,2024,,,,,,,,,,,,,,,,
Board,Class 12th,English,Maths,Integrals,7,"<p>Q. Find the value of : \(\int x e^{x} \, dx\).</p>",Short Answer,3,2024,,,,,,,,,,,,,,,,
Board,Class 12th,English,Maths,Inverse Trigonometric Functions,2,<p>Q. Find the value of : \(\int \frac{2-3 \sin x}{\cos ^{2} x} d x\).</p>,Short Answer,3,2024,,,,,,,,,,,,,,,,
Board,Class 12th,English,Maths,Vector Algebra,10,<p>Q. Prove that \((\vec{a}+\vec{b}) \cdot(\vec{a}+\vec{b})=|\vec{a}|^{2}+|\vec{b}|^{2}\) if and only if \(\vec{a}\) and \(\vec{b}\) are perpendicular given \(\vec{a} \neq \overrightarrow{0}\) and \(\vec{b} \neq \overrightarrow{0}\).</p>,Short Answer,3,2024,,,,,,,,,,,,,,,,
Board,Class 12th,English,Maths,Vector Algebra,10,<p>Q. If \(\vec{a}=\hat{i}+\hat{j}+\hat{k}\) and \(\vec{b}=\hat{i}+2 \hat{j}+3 \hat{k}\) then find \((\vec{a}+\vec{b}) \times(\vec{a}-\vec{b})\).</p>,Short Answer,3,2024,,,,,,,,,,,,,,,,
Board,Class 12th,English,Maths,Vector Algebra,10,<p>Q. Find the angle between the vectors \((\hat{i}-2 \hat{j}+3 \hat{k})\) and \((3 \hat{i}-2 \hat{j}+\hat{k})\).</p>,Short Answer,3,2024,,,,,,,,,,,,,,,,
Board,Class 12th,English,Maths,Vector Algebra,10,<p>Q. Find the projection of the vector \(\hat{i}+3 \hat{j}+7 \hat{k}\) on the vector \(7 \hat{i}-\hat{j}+8 \hat{k}\).</p>,Short Answer,3,2024,,,,,,,,,,,,,,,,
Board,Class 12th,English,Maths,Three Dimensional Geometry,11,<p>Q. Find the equation of a line in vector form that passes through the point with position vector \(2 \hat{i}-\hat{j}+4 \hat{k}\) and is in the direction \(3 \hat{i}+2 \hat{j}-2 \hat{k}\).</p>,Short Answer,3,2024,,,,,,,,,,,,,,,,
Board,Class 12th,English,Maths,Three Dimensional Geometry,11,<p>Q. Show that the lines \(\frac{x+5}{7}=\frac{y+2}{-5}=\frac{z}{-1}\) and \(\frac{x}{-1}=\frac{y-1}{-2}=\frac{z+2}{3}\) are perpendicular to each other.</p>,Short Answer,3,2024,,,,,,,,,,,,,,,,
Board,Class 12th,English,Maths,Applications of Integrals,8,<p>Q. Using integration find the area enclosed by the circle \(x^{2}+y^{2}=a^{2}\).</p>,Short Answer,3,2024,,,,,,,,,,,,,,,,
Board,Class 12th,English,Maths,Applications of Integrals,8,<p>Q. Using integration find the area enclosed by the ellipse \(\frac{x^{2}}{a^{2}}+\frac{y^{2}}{b^{2}}=1\).</p>,Short Answer,3,2024,,,,,,,,,,,,,,,,
Board,Class 12th,English,Maths,Differential Equations,9,"<p>Q. Find the equation of the curve passing through the point \( (1, 1) \) whose differential equation is \( x \, dy = \left(2 x^{2}+1\right) \, dx \) \( (x \neq 0) \).</p>",Short Answer,3,2024,,,,,,,,,,,,,,,,
Board,Class 12th,English,Maths,Differential Equations,9,<p>Q. Find the general solution of differential equation \(\frac{d y}{d x}+\frac{y}{x}=x^{2}\).</p>,Short Answer,3,2024,,,,,,,,,,,,,,,,
Board,Class 12th,English,Maths,Linear Programming,12,<p>Q. Solve the following linear programming problem graphically : Maximise \( Z=4 x+y \) Subject to the constraints : \( x+y \leq 50 \) \( 3 x+y \leq 90 \quad x \geq 0 \quad y \geq 0 \)</p>,Short Answer,3,2024,,,,,,,,,,,,,,,,
Board,Class 12th,English,Maths,Linear Programming,12,"<p>Q. Maximize \(Z=3 x+2 y\) subject to the constraints: \(x+2 y \leq 103\), \(x+y \leq 15\), \(x y \geq 0\).</p>",Short Answer,3,2024,,,,,,,,,,,,,,,,
Board,Class 12th,English,Maths,Probability,13,"<p>Q. Two bags I and II are given. Bag I contains 3 red and 4 black balls, while another bag II contains 5 red and 6 black balls. One ball is drawn at random from one of the bags and it is found to be red. Find the probability that it was drawn from Bag II.</p>",Long Answer,5,2024,,,,,,,,,,,,,,,,
Board,Class 12th,English,Maths,Probability,13,<p>Q. Three cards are drawn successively without replacement from a pack of 52 well shuffled cards. What is the probability that first two cards are kings and the third card drawn is an ace?</p>,Short Answer,3,2024,,,,,,,,,,,,,,,,
Board,Class 12th,English,Maths,Matrices,3,<p>Q. If \( A=\begin{bmatrix} 2 & 3 \end{bmatrix} \)</p>,Short Answer,3,2024,,,,,,,,,,,,,,,,
Board,Class 12th,English,Biology,Ecosystem,12,<p>Q. The main source of energy in ecosystem is _____</p>,Fill in the Blanks,1,2016,,,,,,,,,,,,,,,,
Board,Class 12th,English,Biology,Organisms and Populations,11,<p>Q. The population _____ as a result of immigration.</p>,Fill in the Blanks,1,2016,,,,,,,,,,,,,,,,
Board,Class 12th,English,Biology,Human Reproduction,2,<p>Q. The study of physical abnormalities of embryo is called _____</p>,Fill in the Blanks,1,2016,,,,,,,,,,,,,,,,
Board,Class 12th,English,Biology,Human Health and Disease,7,<p>Q. The maturation of T-Lymphocytes occur in: (a) bone marrow (b) spleen (c) kidney (d) Thymus</p>,Multiple Choice Question,1,2016,,,,,,,,,,,,,,,,
Board,Class 12th,English,Biology,Organisms and Populations,11,<p>Q. Which one is the most suitable soil for the growth of plants: (a) Sandy soil (b) Loamy Soil (c) Silty soil (d) Clayey soil</p>,Multiple Choice Question,1,2016,,,,,,,,,,,,,,,,
Board,Class 12th,English,Biology,Organisms and Populations,11,<p>Q. Percentage ratio of natality over mortality is: (a) Vital Index (b) Population dynamics (c) Population density (d) Total count</p>,Multiple Choice Question,1,2016,,,,,,,,,,,,,,,,
Board,Class 12th,English,Biology,Sexual Reproduction in Flowering Plants,1,<p>Q. Write the definition and any one significance of Parthenogenesis.</p>,Short Answer,3,2016,,,,,,,,,,,,,,,,
Board,Class 12th,English,Biology,Human Reproduction,2,<p>Q. Why testis are found outside the abdominal cavity in males.</p>,Short Answer,3,2016,,,,,,,,,,,,,,,,
Board,Class 12th,English,Biology,Human Health and Disease,7,<p>Q. Write the difference between clinical death and biological death.</p>,Short Answer,3,2016,,,,,,,,,,,,,,,,
Board,Class 12th,English,Biology,Ecosystem,12,<p>Q. Write the name of four types of species.</p>,Very Short Answer,2,2016,,,,,,,,,,,,,,,,
Board,Class 12th,English,Biology,Ecosystem,12,<p>Q. Write the functions of decomposer.</p>,Short Answer,3,2016,,,,,,,,,,,,,,,,
Board,Class 12th,English,Biology,Human Reproduction,2,<p>Q. What are sex hormones? Describe any one male and one female sex hormones.</p>,Short Answer,3,2016,,,,,,,,,,,,,,,,
Board,Class 12th,English,Biology,Human Reproduction,2,<p>Q. Explain the process of spermatogenesis in humans with the help of ray diagram.</p>,Diagram based Answer,2,2016,,,,,,,,,,,,,,,,
Board,Class 12th,English,Biology,Sexual Reproduction in Flowering Plants,1,<p>Q. Explain the development of female gametophyte in angiosperm by well labelled diagram only.</p>,Diagram based Answer,2,2016,,,,,,,,,,,,,,,,
Board,Class 12th,English,Biology,Ecosystem,12,<p>Q. Explain the 10% law of Lindman.</p>,Short Answer,3,2016,,,,,,,,,,,,,,,,
Board,Class 12th,English,Biology,Biotechnology: Principles and Processes,9,<p>Q. Write any four importance of tissue culture.</p>,Short Answer,3,2016,,,,,,,,,,,,,,,,
Board,Class 12th,English,Biology,Reproductive Health,3,<p>Q. Write the name of any four sex related diseases and write any one symptom of each of them.</p>,Long Answer,5,2016,,,,,,,,,,,,,,,,
Board,Class 12th,English,Biology,Ecosystem,12,<p>Q. Explain any five stages of Hydrosere.</p>,Long Answer,5,2016,,,,,,,,,,,,,,,,
Board,Class 12th,English,Biology,Biotechnology and Its Applications,10,<p>Q. Write any three application of biotechnology in the field of agriculture.</p>,Short Answer,3,2016,,,,,,,,,,,,,,,,
Board,Class 12th,English,Biology,Biotechnology and Its Applications,10,<p>Q. What do you mean by Biopatent? Write its uses and abuses.</p>,Short Answer,3,2016,,,,,,,,,,,,,,,,
Board,Class 12th,English,Biology,Sexual Reproduction in Flowering Plants,1,<p>Q. Outer membrane of pollen grain is called _____</p>,Fill in the Blanks,1,2017,,,,,,,,,,,,,,,,
Board,Class 12th,English,Biology,Organisms and Populations,11,<p>Q. Lichen is an example of _____</p>,Fill in the Blanks,1,2017,,,,,,,,,,,,,,,,
Board,Class 12th,English,Biology,Organisms and Populations,11,<p>Q. Theory of population growth was given by _____</p>,Fill in the Blanks,1,2017,,,,,,,,,,,,,,,,
Board,Class 12th,English,Biology,Ecosystem,12,<p>Q. Pyramid of energy in a forest ecosystem is always - (1) Vertical (2) Conical (3) First vertical then conical (4) Elliptical</p>,Multiple Choice Question,1,2017,,,,,,,,,,,,,,,,
Board,Class 12th,English,Biology,Human Health and Disease,7,<p>Q. AIDS test is known as - (1) Australian antigen (2) Alisa (3) Thyro test (4) pH test</p>,Multiple Choice Question,1,2017,,,,,,,,,,,,,,,,
Board,Class 12th,English,Biology,Organisms and Populations,11,<p>Q. Name a total root parasitic plant.</p>,One Word Answer,1,2017,,,,,,,,,,,,,,,,
Board,Class 12th,English,Biology,Organisms and Populations,11,<p>Q. What is called scientific study of human population.</p>,One Word Answer,1,2017,,,,,,,,,,,,,,,,
Board,Class 12th,English,Biology,Sexual Reproduction in Flowering Plants,1,<p>Q. Write any two advantages and two disadvantages of self pollination.</p>,Short Answer,3,2017,,,,,,,,,,,,,,,,
Board,Class 12th,English,Biology,reproductive health,3,<p>Q. What is a test tube baby.</p>,Short Answer,3,2017,,,,,,,,,,,,,,,,
Board,Class 12th,English,Biology,Ecosystem,12,<p>Q. What is food chain.</p>,Short Answer,3,2017,,,,,,,,,,,,,,,,
Board,Class 12th,English,Biology,Organisms and Populations,11,<p>Q. Define the following - (1) Population (2) Mortality (3) Natality</p>,Long Answer,5,2017,,,,,,,,,,,,,,,,
Board,Class 12th,English,Biology,Human Health and Disease,7,<p>Q. What do you understand by Yogasana? Write it's two advantages.</p>,Short Answer,3,2017,,,,,,,,,,,,,,,,
Board,Class 12th,English,Biology,Microbes in Human Welfare,8,<p>Q. What are Biopesticides? Write its advantages & harmful effects one each.</p>,Short Answer,3,2017,,,,,,,,,,,,,,,,
Board,Class 12th,English,Biology,Human Health and Disease,7,<p>Q. What are interferons? Write their significance.</p>,Very Short Answer,2,2017,,,,,,,,,,,,,,,,
Board,Class 12th,English,Biology,Sexual Reproduction in Flowering Plants,1,<p>Q. Draw a labelled diagram of T. S. of plant ovule.</p>,Diagram based Answer,2,2017,,,,,,,,,,,,,,,,
Board,Class 12th,English,Biology,Organisms and Populations,11,<p>Q. What is mimicry? Write its types.</p>,Short Answer,3,2017,,,,,,,,,,,,,,,,
Board,Class 12th,English,Biology,Biodiversity and Conservation,13,<p>Q. What is Biodiversity? Write any three efforts of conservation of Biodiversity.</p>,Short Answer,3,2017,,,,,,,,,,,,,,,,
Board,Class 12th,English,Biology,Human Health and Disease,7,<p>Q. Explain any four common problems of Adolescence.</p>,Short Answer,3,2017,,,,,,,,,,,,,,,,
Board,Class 12th,English,Biology,Ecosystem,12,<p>Q. Explain any five factors influencing water absorption in plants.</p>,Long Answer,5,2017,,,,,,,,,,,,,,,,
Board,Class 12th,English,Biology,Organisms and Populations,11,<p>Q. What do you understand by ecological adaptations? Write any four adaptations in plants occurring due to lack of water.</p>,Long Answer,5,2017,,,,,,,,,,,,,,,,
Board,Class 12th,English,Biology,Ecosystem,12,<p>Q. Pyramid of energy is always- (a) Straight (b) Inverted (c) First straight then inverted (d) Oval</p>,Multiple Choice Question,1,2018,,,,,,,,,,,,,,,,
Board,Class 12th,English,Biology,Reproductive Health,3,<p>Q. A sexually transmitted disease is (a) AIDS (b) Haemophilia (c) Asthma (d) Myasthaenia gravis</p>,Multiple Choice Question,1,2018,,,,,,,,,,,,,,,,
Board,Class 12th,English,Biology,Organisms and Populations,11,<p>Q. Lichen is an example of ______.</p>,Fill in the Blanks,1,2018,,,,,,,,,,,,,,,,
Board,Class 12th,English,Biology,Organisms and Populations,11,<p>Q. Population ______ with time and place.</p>,Fill in the Blanks,1,2018,,,,,,,,,,,,,,,,
Board,Class 12th,English,Biology,Organisms and Populations,11,<p>Q. Name a partial root parasite plant.</p>,Very Short Answer,2,2018,,,,,,,,,,,,,,,,
Board,Class 12th,English,Biology,Organisms and Populations,11,<p>Q. Define zero population growth.</p>,Short Answer,3,2018,,,,,,,,,,,,,,,,
Board,Class 12th,English,Biology,Sexual Reproduction in Flowering Plants,1,<p>Q. What is endosperm?</p>,Short Answer,3,2018,,,,,,,,,,,,,,,,
Board,Class 12th,English,Biology,Sexual Reproduction in Flowering Plants,1,<p>Q. Write definition of Asexual reproduction.</p>,Short Answer,3,2018,,,,,,,,,,,,,,,,
Board,Class 12th,English,Biology,Human Reproduction,2,<p>Q. What is Placenta?</p>,Short Answer,3,2018,,,,,,,,,,,,,,,,
Board,Class 12th,English,Biology,reproductive health,3,<p>Q. What is Test Tube Baby?</p>,Short Answer,3,2018,,,,,,,,,,,,,,,,
Board,Class 12th,English,Biology,Ecosystem,12,<p>Q. Write any two differences between food chain and food web.</p>,Short Answer,3,2018,,,,,,,,,,,,,,,,
Board,Class 12th,English,Biology,Microbes in Human Welfare,8,<p>Q. What is Biological Oxygen Demand?</p>,Short Answer,3,2018,,,,,,,,,,,,,,,,
Board,Class 12th,English,Biology,Organisms and Populations,11,<p>Q. Define Population density</p>,Short Answer,3,2018,,,,,,,,,,,,,,,,
Board,Class 12th,English,Biology,Organisms and Populations,11,<p>Q. Define Sex ratio</p>,Short Answer,3,2018,,,,,,,,,,,,,,,,
Board,Class 12th,English,Biology,Organisms and Populations,11,<p>Q. Define Death rate</p>,Short Answer,3,2018,,,,,,,,,,,,,,,,
Board,Class 12th,English,Biology,Organisms and Populations,11,<p>Q. Describe briefly the three steps of Pranayam.</p>,Short Answer,3,2018,,,,,,,,,,,,,,,,
Board,Class 12th,English,Biology,Biotechnology: Principles and Processes,9,<p>Q. Write any three significance of Tissue Culture.</p>,Short Answer,3,2018,,,,,,,,,,,,,,,,
Board,Class 12th,English,Biology,Biotechnology and Its Applications,10,<p>Q. Write any three applications of biotechnology in agriculture.</p>,Short Answer,3,2018,,,,,,,,,,,,,,,,
Board,Class 12th,English,Biology,Human Reproduction,2,<p>Q. Write four differences between spermatogenesis and oogenesis.</p>,Long Answer,5,2018,,,,,,,,,,,,,,,,
Board,Class 12th,English,Biology,Human Health and Disease,7,<p>Q. Explain any four reasons of intoxicant addiction in youths.</p>,Long Answer,5,2018,,,,,,,,,,,,,,,,
Board,Class 12th,English,Biology,Ecosystem,12,<p>Q. Describe any five stages of Hydrosere.</p>,Long Answer,5,2018,,,,,,,,,,,,,,,,
Board,Class 12th,English,Biology,Sexual Reproduction in Flowering Plants,1,<p>Q. Enclosed within the integuments is a mass of cells is called - (i) Chalaza (ii) Nucellus (iii) Embryosac (iv) Ovule</p>,Multiple Choice Question,1,2019,,,,,,,,,,,,,,,,
Board,Class 12th,English,Biology,Principles of Inheritance and Variation,4,<p>Q. Down syndrome is the presence of an additional copy of which chromosome number? (i) 21st (ii) 18th (iii) 13th (iv) 19th</p>,Multiple Choice Question,1,2019,,,,,,,,,,,,,,,,
Board,Class 12th,English,Biology,Organisms and Populations,11,<p>Q. Fungi are known to form symbiotic associations with plant roots example is - (i) Lichen (ii) Mycorrhiza (iii) Phycorrhiza (iv) Cyanobacteria</p>,Multiple Choice Question,1,2019,,,,,,,,,,,,,,,,
Board,Class 12th,English,Biology,Biotechnology and Its Applications,10,<p>Q. How many polypeptide chain to form Insulin ? (i) 2 (ii) 4 (iii) 5 (iv) 3</p>,Multiple Choice Question,1,2019,,,,,,,,,,,,,,,,
Board,Class 12th,English,Biology,Microbes in Human Welfare,8,<p>Q. Free living bacteria responsible for the fixation of atmospheric nitrogen is - (i) Streptococcus (ii) Azotobacter (iii) Stephylococcus (iv) E. Coli</p>,Multiple Choice Question,1,2019,,,,,,,,,,,,,,,,
Board,Class 12th,English,Biology,Principles of Inheritance and Variation,4,<p>Q. By which chromosome sex determination takes place in Human being?</p>,One Word Answer,1,2019,,,,,,,,,,,,,,,,
Board,Class 12th,English,Biology,Microbes in Human Welfare,8,<p>Q. Which yeast is used for commercial production of ethanol ?</p>,One Word Answer,1,2019,,,,,,,,,,,,,,,,
Board,Class 12th,English,Biology,Biotechnology: Principles and Processes,9,<p>Q. Name the enzyme which is cutting of DNA at specific locations.</p>,One Word Answer,1,2019,,,,,,,,,,,,,,,,
Board,Class 12th,English,Biology,Ecosystem,12,<p>Q. How many % of energy loss in every energy level in Energy flow?</p>,One Word Answer,1,2019,,,,,,,,,,,,,,,,
Board,Class 12th,English,Biology,Principles of Inheritance and Variation,4,<p>Q. Drosophila melanogaster worked done by ____. </p>,Fill in the Blanks,1,2019,,,,,,,,,,,,,,,,
Board,Class 12th,English,Biology,Ecosystem,12,<p>Q. The green plant in the ecosystem are called ____. </p>,Fill in the Blanks,1,2019,,,,,,,,,,,,,,,,
Board,Class 12th,English,Biology,Human Health and Disease,7,<p>Q. Virus that infect bacteria is called ____. </p>,Fill in the Blanks,1,2019,,,,,,,,,,,,,,,,
Board,Class 12th,English,Biology,Sexual Reproduction in Flowering Plants,1,<p>Q. State any two differences between Self pollination and Cross-pollination.</p>,Very Short Answer,2,2019,,,,,,,,,,,,,,,,
Board,Class 12th,English,Biology,reproductive health,3,<p>Q. What is test tube baby?</p>,Very Short Answer,2,2019,,,,,,,,,,,,,,,,
Board,Class 12th,English,Biology,Human Health and Disease,7,<p>Q. What is antibiotic ?</p>,Very Short Answer,2,2019,,,,,,,,,,,,,,,,
Board,Class 12th,English,Biology,Microbes in Human Welfare,8,<p>Q. What is Biological Oxygen Demand ?</p>,Very Short Answer,2,2019,,,,,,,,,,,,,,,,
Board,Class 12th,English,Biology,Ecosystem,12,<p>Q. What is energy flow ?</p>,Very Short Answer,2,2019,,,,,,,,,,,,,,,,
Board,Class 12th,English,Biology,Human Reproduction,2,<p>Q. What is spermatogenesis? Name 2 hormones involved in regulation of spermatogenesis.</p>,Short Answer,3,2019,,,,,,,,,,,,,,,,
Board,Class 12th,English,Biology,Human Reproduction,2,<p>Q. What is oogenesis? Name 2 hormones which are involved in oogenesis.</p>,Short Answer,3,2019,,,,,,,,,,,,,,,,
Board,Class 12th,English,Biology,Biotechnology and Its Applications,10,<p>Q. Write any 3 applications of biotechnology in the field of Agriculture.</p>,Short Answer,3,2019,,,,,,,,,,,,,,,,
Board,Class 12th,English,Biology,Biotechnology: Principles and Processes,9,<p>Q. Write any 3 differences between Manure and Biofertilizers.</p>,Short Answer,3,2019,,,,,,,,,,,,,,,,
Board,Class 12th,English,Biology,Ecosystem,12,<p>Q. Write any 3 differences between Food web and Food chain.</p>,Short Answer,3,2019,,,,,,,,,,,,,,,,
Board,Class 12th,English,Biology,Ecosystem,12,<p>Q. What is Trophic level? Explain it.</p>,Long Answer,5,2019,,,,,,,,,,,,,,,,
Board,Class 12th,English,Biology,Molecular Basis of Inheritance,5,<p>Q. What is Genetic code? Write down any 4 salient feature of it.</p>,Long Answer,5,2019,,,,,,,,,,,,,,,,
Board,Class 12th,English,Biology,Molecular Basis of Inheritance,5,<p>Q. What is DNA replication? Write down its method.</p>,Long Answer,5,2019,,,,,,,,,,,,,,,,
Board,Class 12th,English,Biology,Evolution,6,<p>Q. Define Analogous and Homologous organs with example.</p>,Short Answer,3,2019,,,,,,,,,,,,,,,,
Board,Class 12th,English,Biology,Molecular Basis of Inheritance,5,<p>Q. Draw a labelled diagram of Urey and Miller experiment.</p>,Diagram based Answer,2,2019,,,,,,,,,,,,,,,,
Board,Class 12th,English,Biology,Human Health and Disease,7,<p>Q. Write any four differences between Innate immunity and Adaptive immunity.</p>,Long Answer,5,2019,,,,,,,,,,,,,,,,
Board,Class 12th,English,Biology,Human Health and Disease,7,<p>Q. What is Antigen? Write down general characteristics of it.</p>,Long Answer,5,2019,,,,,,,,,,,,,,,,
Board,Class 12th,English,Biology,Human Health and Disease,7,<p>Q. What is HIV? Write any 4 preventive methods of AIDS.</p>,Long Answer,5,2019,,,,,,,,,,,,,,,,
Board,Class 12th,English,Biology,Biotechnology: Principles and Processes,9,<p>Q. What is Gene cloning? Write its importance.</p>,Short Answer,3,2019,,,,,,,,,,,,,,,,
Board,Class 12th,English,Biology,Biotechnology: Principles and Processes,9,<p>Q. What is Plasmids? Write down its types.</p>,Short Answer,3,2019,,,,,,,,,,,,,,,,
Board,Class 12th,English,Biology,Human Reproduction,2,<p>Q. Draw a labelled diagram of Transverse section of Human testis.</p>,Diagram based Answer,2,2019,,,,,,,,,,,,,,,,
Board,Class 12th,English,Biology,Organisms and Populations,11,<p>Q. Draw a labelled diagram of longitudinal section of a typical flower.</p>,Diagram based Answer,2,2019,,,,,,,,,,,,,,,,
Board,Class 12th,English,Biology,Sexual Reproduction in Flowering Plants,1,<p>Q. Clarify the structure of double helix model of DNA.</p>,Long Answer,5,2019,,,,,,,,,,,,,,,,
Board,Class 12th,English,Biology,Principles of Inheritance and Variation,4,<p>Q. Explain Mendel law of independent assortment with the example of round seed yellow cotyledon and wrinkled seed green cotyledon with the help of checker board. And also explain Genotype and Phenotype ratio in \( F_2 \) generation.</p>,Long Answer,5,2019,,,,,,,,,,,,,,,,
Board,Class 12th,English,Biology,Ecosystem,12,<p>Q. What is Ecological Succession? Write its various steps.</p>,Long Answer,5,2019,,,,,,,,,,,,,,,,
Board,Class 12th,English,Biology,Ecosystem,12,<p>Q. What is Ecological Pyramid? How many are their types? Explain.</p>,Very Short Answer,2,2019,,,,,,,,,,,,,,,,
Board,Class 12th,English,Biology,Evolution,6,<p>Q. Which is the golden period of Dinosaurs or Reptiles ? (a) Mesozoic (b) Coenozoic (c) Azoic (d) Palaeozoic</p>,Multiple Choice Question,1,2020,,,,,,,,,,,,,,,,
Board,Class 12th,English,Biology,Human Health and Disease,7,<p>Q. Cirrhosis of liver is caused by : (a) Fat (b) Vitamins (c) Tobacco (d) Alcoholism</p>,Multiple Choice Question,1,2020,,,,,,,,,,,,,,,,
Board,Class 12th,English,Biology,Biotechnology and Its Applications,10,<p>Q. Bt toxin is produced by : (a) Brecikar Nepus (b) Bacillus Thuringiensis (c) Azola (d) Rizobium</p>,Multiple Choice Question,1,2020,,,,,,,,,,,,,,,,
Board,Class 12th,English,Biology,Sexual Reproduction in Flowering Plants,1,<p>Q. Which fruits develop without fertilisation are called _____.</p>,Fill in the Blanks,1,2020,,,,,,,,,,,,,,,,
Board,Class 12th,English,Biology,Principles of Inheritance and Variation,4,<p>Q. Chromosomal theory of inheritance is given by _____ and Theodore Boveri.</p>,Fill in the Blanks,1,2020,,,,,,,,,,,,,,,,
Board,Class 12th,English,Biology,Biotechnology and Its Applications,10,<p>Q. Capacity to generate a whole plant from any cell/explants is called _____.</p>,Fill in the Blanks,1,2020,,,,,,,,,,,,,,,,
Board,Class 12th,English,Biology,Biotechnology: Principles and Processes,9,<p>Q. Each restriction endonuclease recognises a specific _____ in the DNA.</p>,Fill in the Blanks,1,2020,,,,,,,,,,,,,,,,
Board,Class 12th,English,Biology,Biodiversity and Conservation,13,<p>Q. The Amazon rain forest is so huge that it is called the _____.</p>,Fill in the Blanks,1,2020,,,,,,,,,,,,,,,,
Board,Class 12th,English,Biology,Human Reproduction,2,<p>Q. Name the process of release of ovum from grafian follicle.</p>,Fill in the Blanks,1,2020,,,,,,,,,,,,,,,,
Board,Class 12th,English,Biology,Molecular Basis of Inheritance,5,<p>Q. The name of DNA segment which synthesized polypeptide chain.</p>,One Word Answer,1,2020,,,,,,,,,,,,,,,,
Board,Class 12th,English,Biology,Molecular Basis of Inheritance,5,<p>Q. Name the codon which codes for methionine.</p>,One Word Answer,1,2020,,,,,,,,,,,,,,,,
Board,Class 12th,English,Biology,Microbes in Human Welfare,8,<p>Q. Methods for controlling insects/weeds by microorganism called</p>,One Word Answer,1,2020,,,,,,,,,,,,,,,,
Board,Class 12th,English,Biology,Human Reproduction,2,<p>Q. Give the reason the human testes are situated outside the Abdominal Cavity.</p>,Short Answer,3,2020,,,,,,,,,,,,,,,,
Board,Class 12th,English,Biology,Reproductive Health,3,<p>Q. What is medical termination of pregnancy?</p>,Short Answer,3,2020,,,,,,,,,,,,,,,,
Board,Class 12th,English,Biology,Biotechnology and Its Applications,10,<p>Q. What is somatic hybridisation? Give an example.</p>,Short Answer,3,2020,,,,,,,,,,,,,,,,
Board,Class 12th,English,Biology,Biotechnology and Its Applications,10,<p>Q. What is Biomagnification?</p>,Very Short Answer,2,2020,,,,,,,,,,,,,,,,
Board,Class 12th,English,Biology,Biodiversity and Conservation,13,<p>Q. Write the names of levels of biological organisation of biodiversity.</p>,Very Short Answer,2,2020,,,,,,,,,,,,,,,,
Board,Class 12th,English,Biology,Human Reproduction,2,<p>Q. What is parturition? Write the name of hormone which induces parturition.</p>,Short Answer,3,2020,,,,,,,,,,,,,,,,
Board,Class 12th,English,Biology,Reproductive Health,3,<p>Q. Define amniocentesis process.</p>,Very Short Answer,2,2020,,,,,,,,,,,,,,,,
Board,Class 12th,English,Biology,Biotechnology and Its Applications,10,<p>Q. What is Genetically Modified Organism (GMO) ? Write its importance.</p>,Short Answer,3,2020,,,,,,,,,,,,,,,,
Board,Class 12th,English,Biology,Biotechnology and Its Applications,10,<p>Q. Write short note on Biopiracy.</p>,Short Answer,3,2020,,,,,,,,,,,,,,,,
Board,Class 12th,English,Biology,Biodiversity and Conservation,13,<p>Q. What is In-Situ conservation and Ex-situ conservation ?</p>,Short Answer,3,2020,,,,,,,,,,,,,,,,
Board,Class 12th,English,Biology,Molecular Basis of Inheritance,5,<p>Q. What is Operon model ? Describe structure of Lac Operon.</p>,Diagram based Answer,2,2020,,,,,,,,,,,,,,,,
Board,Class 12th,English,Biology,Molecular Basis of Inheritance,5,<p>Q. Describe the process of mRNA synthesis by DNA.</p>,Long Answer,5,2020,,,,,,,,,,,,,,,,
Board,Class 12th,English,Biology,Evolution,6,<p>Q. Differentiate between Homologous and Analogous organs.</p>,Short Answer,3,2020,,,,,,,,,,,,,,,,
Board,Class 12th,English,Biology,Evolution,6,<p>Q. Differentiate Lamarckism and Neo Lamarckism.</p>,Short Answer,3,2020,,,,,,,,,,,,,,,,
Board,Class 12th,English,Biology,Human Health and Disease,7,<p>Q. Write the life cycle of Plasmodium with diagram.</p>,Diagram based Answer,2,2020,,,,,,,,,,,,,,,,
Board,Class 12th,English,Biology,Human Health and Disease,7,<p>Q. Describe the structure of Antibody with labelled diagram.</p>,Diagram based Answer,2,2020,,,,,,,,,,,,,,,,
Board,Class 12th,English,Biology,Microbes in Human Welfare,8,<p>Q. What is Sewage? In which way can Sewage be harmful to us?</p>,Short Answer,3,2020,,,,,,,,,,,,,,,,
Board,Class 12th,English,Biology,Microbes in Human Welfare,8,<p>Q. What are the key differences between primary and secondary sewage treatment?</p>,Short Answer,3,2020,,,,,,,,,,,,,,,,
Board,Class 12th,English,Biology,Biotechnology and Its Applications,10,<p>Q. Describe briefly PCR with diagram.</p>,Diagram based Answer,2,2020,,,,,,,,,,,,,,,,
Board,Class 12th,English,Biology,Biotechnology: Principles and Processes,9,<p>Q. Describe briefly downstream processing with diagram.</p>,Diagram based Answer,2,2020,,,,,,,,,,,,,,,,
Board,Class 12th,English,Biology,Principles of Inheritance and Variation,4,<p>Q. Explain the law of dominance using a monohybrid cross.</p>,Long Answer,5,2020,,,,,,,,,,,,,,,,
Board,Class 12th,English,Biology,Principles of Inheritance and Variation,4,<p>Q. Explain the inheritance of haemophilia when diseased father and normal mother will produce children.</p>,Long Answer,5,2020,,,,,,,,,,,,,,,,
Board,Class 12th,English,Biology,Organisms and Populations,11,<p>Q. Write morphological adaptation in Xerophytes plants. (any 6)</p>,Long Answer,5,2020,,,,,,,,,,,,,,,,
Board,Class 12th,English,Biology,Ecosystem,12,<p>Q. Explain Food Chain.</p>,Long Answer,5,2020,,,,,,,,,,,,,,,,
Board,Class 12th,English,Biology,Sexual Reproduction in Flowering Plants,1,<p>Q. The development of an egg without fertilization is called- a) apomixes b) Agamospermy c) parthenogenesis d) Parthenocarpy</p>,Multiple Choice Question,1,2022,,,,,,,,,,,,,,,,
Board,Class 12th,English,Biology,Biotechnology and Its Applications,10,<p>Q. Humulin is a) enzymes b) Carbohydrate c) fat d) hormones</p>,Multiple Choice Question,1,2022,,,,,,,,,,,,,,,,
Board,Class 12th,English,Biology,Human Reproduction,2,<p>Q. Human is a) oviparous b) Viviparous c) ovulation d) Ovoviviparous</p>,Multiple Choice Question,1,2022,,,,,,,,,,,,,,,,
Board,Class 12th,English,Biology,Reproductive Health,3,<p>Q. Which chromosome is responsible for sex determination in human beings.</p>,One Word Answer,1,2022,,,,,,,,,,,,,,,,
Board,Class 12th,English,Biology,Microbes in Human Welfare,8,<p>Q. Full form of BOD is</p>,One Word Answer,1,2022,,,,,,,,,,,,,,,,
Board,Class 12th,English,Biology,Microbes in Human Welfare,8,<p>Q. write one name of cyanobacteria that used as a biofertilizer</p>,One Word Answer,1,2022,,,,,,,,,,,,,,,,
Board,Class 12th,English,Biology,Microbes in Human Welfare,8,<p>Q. Weed control method by micro-organisms is called.</p>,One Word Answer,1,2022,,,,,,,,,,,,,,,,
Board,Class 12th,English,Biology,Biotechnology and Its Applications,10,<p>Q. Human insulin is made up of how many polypeptide chains?</p>,One Word Answer,1,2022,,,,,,,,,,,,,,,,
Board,Class 12th,English,Biology,Organisms and Populations,11,<p>Q. Study of human population is known as</p>,One Word Answer,1,2022,,,,,,,,,,,,,,,,
Board,Class 12th,English,Biology,Molecular Basis of Inheritance,5,<p>Q. DNA fingerprint technique was developed by _____</p>,Fill in the Blanks,1,2022,,,,,,,,,,,,,,,,
Board,Class 12th,English,Biology,Sexual Reproduction in Flowering Plants,1,<p>Q. A typical angiosperm embryo sac has _____ nuclei.</p>,Fill in the Blanks,1,2022,,,,,,,,,,,,,,,,
Board,Class 12th,English,Biology,Organisms and Populations,11,<p>Q. Symbiotic relationship between fungus and algae is known as _____</p>,Fill in the Blanks,1,2022,,,,,,,,,,,,,,,,
Board,Class 12th,English,Biology,Human Health and Disease,7,<p>Q. Against diseases in a vaccine _____ is present.</p>,Fill in the Blanks,1,2022,,,,,,,,,,,,,,,,
Board,Class 12th,English,Biology,Human Health and Disease,7,<p>Q. The best bio technique to prevent disease is _____</p>,Fill in the Blanks,1,2022,,,,,,,,,,,,,,,,
Board,Class 12th,English,Biology,Human Health and Disease,7,<p>Q. Typhoid disease is identified by _____ test</p>,Fill in the Blanks,1,2022,,,,,,,,,,,,,,,,
Board,Class 12th,English,Biology,Molecular Basis of Inheritance,5,<p>Q. The segments of DNA are joined by _____ enzyme.</p>,Fill in the Blanks,1,2022,,,,,,,,,,,,,,,,
Board,Class 12th,English,Biology,Sexual Reproduction in Flowering Plants,1,<p>Q. Write any two difference between self pollination and cross pollination.</p>,Very Short Answer,2,2022,,,,,,,,,,,,,,,,
Board,Class 12th,English,Biology,Reproductive Health,3,<p>Q. What is diagnosed by Amniocentesis?</p>,One Word Answer,1,2022,,,,,,,,,,,,,,,,
Board,Class 12th,English,Biology,reproductive health,3,<p>Q. What is a Test Tube Baby?</p>,Very Short Answer,2,2022,,,,,,,,,,,,,,,,
Board,Class 12th,English,Biology,Reproductive Health,3,<p>Q. Write the full form of GIFT.</p>,One Word Answer,1,2022,,,,,,,,,,,,,,,,
Board,Class 12th,English,Biology,Reproductive Health,3,<p>Q. Write the full form of ZIFT.</p>,One Word Answer,1,2022,,,,,,,,,,,,,,,,
Board,Class 12th,English,Biology,Principles of Inheritance and Variation,4,<p>Q. What is called mutation?</p>,Very Short Answer,2,2022,,,,,,,,,,,,,,,,
Board,Class 12th,English,Biology,Principles of Inheritance and Variation,4,<p>Q. what is called Linkage?</p>,Very Short Answer,2,2022,,,,,,,,,,,,,,,,
Board,Class 12th,English,Biology,Molecular Basis of Inheritance,5,<p>Q. What is codon.</p>,Very Short Answer,2,2022,,,,,,,,,,,,,,,,
Board,Class 12th,English,Biology,Molecular Basis of Inheritance,5,<p>Q. What is cistron.</p>,Very Short Answer,2,2022,,,,,,,,,,,,,,,,
Board,Class 12th,English,Biology,Principles of Inheritance and Variation,4,<p>Q. Who give chromosomal theory of inheritance (a) Robert Hook (b) Greger John Mendel (c) Sutton and Boveri (d) M. H. Swaminathan</p>,Multiple Choice Question,1,2023,,,,,,,,,,,,,,,,
Board,Class 12th,English,Biology,Biotechnology and Its Applications,10,<p>Q. Bt poison is formed by - (a) Bacillus thurigiensis (b) Dhatura (c) Bacillus notatum (d) Opium poppy</p>,Multiple Choice Question,1,2023,,,,,,,,,,,,,,,,
Board,Class 12th,English,Biology,Human Reproduction,2,<p>Q. Inactive state of embryo is - (a) Dormancy (b) Morulla (c) Excited state (d) None of these</p>,Multiple Choice Question,1,2023,,,,,,,,,,,,,,,,
Board,Class 12th,English,Biology,Microbes in Human Welfare,8,<p>Q. Which bacteria converts milk into curd? (a) Saccharomyces cerevisiae (b) Lactobacillus (c) Aspergillus niger (d) Clostridium butilicum</p>,Multiple Choice Question,1,2023,,,,,,,,,,,,,,,,
Board,Class 12th,English,Biology,Sexual Reproduction in Flowering Plants,1,<p>Q. Which of the following gives nutrition to developing pollen grains is - (a) Ectodermis (b) Middle layer (c) Tapetum (d) Filament</p>,Multiple Choice Question,1,2023,,,,,,,,,,,,,,,,
Board,Class 12th,English,Biology,Ecosystem,12,<p>Q. All the animals depend on plants directly or indirectly for their food is called - (a) Producers (b) Consumers (c) Saprophytes (d) Decomposers</p>,Multiple Choice Question,1,2023,,,,,,,,,,,,,,,,
Board,Class 12th,English,Biology,Human Reproduction,2,<p>Q. Inner mass group of cells which have ability (potency) to produce tissue and organs are - (a) Spermatocytes (b) Ectodermal cell (c) Stem cells (d) Sertoli cell</p>,Multiple Choice Question,1,2023,,,,,,,,,,,,,,,,
Board,Class 12th,English,Biology,Human Health and Disease,7,<p>Q. Write name of any one autoimmune disease.</p>,Very Short Answer,2,2023,,,,,,,,,,,,,,,,
Board,Class 12th,English,Biology,Human Health and Disease,7,<p>Q. What is the conformities test of Typhoid?</p>,One Word Answer,1,2023,,,,,,,,,,,,,,,,
Board,Class 12th,English,Biology,Organisms and Populations,11,<p>Q. The number of deaths in the population during the given period. What does it called?</p>,One Word Answer,1,2023,,,,,,,,,,,,,,,,
Board,Class 12th,English,Biology,Biodiversity and Conservation,13,<p>Q. Write the name of one 'Hotspot' of India.</p>,One Word Answer,1,2023,,,,,,,,,,,,,,,,
Board,Class 12th,English,Biology,Biotechnology: Principles and Processes,9,<p>Q. What is molecular scissors?</p>,One Word Answer,1,2023,,,,,,,,,,,,,,,,
Board,Class 12th,English,Biology,Biotechnology and Its Applications,10,<p>Q. Write the name of first transgenic cow.</p>,One Word Answer,1,2023,,,,,,,,,,,,,,,,
Board,Class 12th,English,Biology,Molecular Basis of Inheritance,5,<p>Q. What is the name of the process of copying genetic information of one strand of DNA to RNA?</p>,One Word Answer,1,2023,,,,,,,,,,,,,,,,
Board,Class 12th,English,Biology,Sexual Reproduction in Flowering Plants,1,<p>Q. Apple is an example of _____ fruit.</p>,Fill in the Blanks,1,2023,,,,,,,,,,,,,,,,
Board,Class 12th,English,Biology,Sexual Reproduction in Flowering Plants,1,<p>Q. Occurrence of more than one embryos in a seed called _____.</p>,Fill in the Blanks,1,2023,,,,,,,,,,,,,,,,
Board,Class 12th,English,Biology,Human Reproduction,2,<p>Q. The inner glandular layer of uterus is called _____.</p>,Fill in the Blanks,1,2023,,,,,,,,,,,,,,,,
Board,Class 12th,English,Biology,Human Reproduction,2,<p>Q. Fertilization is taken place in ____.</p>,Fill in the Blanks,1,2023,,,,,,,,,,,,,,,,
Board,Class 12th,English,Biology,Principles of Inheritance and Variation,4,<p>Q. _____ conducted hybridization experiments on garden peas for seven years.</p>,Fill in the Blanks,1,2023,,,,,,,,,,,,,,,,
Board,Class 12th,English,Biology,Human Health and Disease,7,<p>Q. Natural _____ are obtained from the inflorescences of the plant Cannabis sativa.</p>,Fill in the Blanks,1,2023,,,,,,,,,,,,,,,,
Board,Class 12th,English,Biology,Ecosystem,12,<p>Q. Pyramid of energy is always ____.</p>,Fill in the Blanks,1,2023,,,,,,,,,,,,,,,,
Board,Class 12th,English,Biology,Sexual Reproduction in Flowering Plants,1,<p>Q. What do you understand by Triple fusion?</p>,Fill in the Blanks,1,2023,,,,,,,,,,,,,,,,
Board,Class 12th,English,Biology,,#N/A,<p>Q. What is emasculation?</p>,Very Short Answer,2,2023,,,,,,,,,,,,,,,,
Board,Class 12th,English,Biology,Sexual Reproduction in Flowering Plants,1,<p>Q. What is parturition?</p>,Very Short Answer,2,2023,,,,,,,,,,,,,,,,
Board,Class 12th,English,Biology,Human Health and Disease,7,<p>Q. What is colostrum?</p>,Very Short Answer,2,2023,,,,,,,,,,,,,,,,
Board,Class 12th,English,Biology,Organisms and Populations,11,<p>Q. What is the suggested reasons for population explosion? (any two)</p>,Very Short Answer,2,2023,,,,,,,,,,,,,,,,
Board,Class 12th,English,Biology,Reproductive Health,3,<p>Q. Write 2 names of sexually transmitted diseases.</p>,Very Short Answer,2,2023,,,,,,,,,,,,,,,,
Board,Class 12th,English,Biology,Microbes in Human Welfare,8,<p>Q. What is BOD?</p>,Very Short Answer,2,2023,,,,,,,,,,,,,,,,
Board,Class 12th,English,Biology,Microbes in Human Welfare,8,<p>Q. What is Ganga action plan?</p>,Very Short Answer,2,2023,,,,,,,,,,,,,,,,
Board,Class 12th,English,Biology,Biotechnology: Principles and Processes,9,<p>Q. What is Cloning?</p>,Short Answer,3,2023,,,,,,,,,,,,,,,,
Board,Class 12th,English,Biology,Biotechnology and Its Applications,10,<p>Q. What is cry gene?</p>,Very Short Answer,2,2023,,,,,,,,,,,,,,,,
Board,Class 12th,English,Biology,Human Health and Disease,7,<p>Q. Write down the causes of AIDS. (any two)</p>,Very Short Answer,2,2023,,,,,,,,,,,,,,,,
Board,Class 12th,English,Biology,Human Health and Disease,7,<p>Q. Write down the treatments of cancer.</p>,Short Answer,3,2023,,,,,,,,,,,,,,,,
Board,Class 12th,English,Biology,Molecular Basis of Inheritance,5,<p>Q. What is Histone?</p>,Very Short Answer,2,2023,,,,,,,,,,,,,,,,
Board,Class 12th,English,Biology,Molecular Basis of Inheritance,5,<p>Q. Which nitrogenous bases are found in RNA?</p>,Very Short Answer,2,2023,,,,,,,,,,,,,,,,
Board,Class 12th,English,Biology,Principles of Inheritance and Variation,4,<p>Q. What is Pedigree analysis?</p>,Short Answer,3,2023,,,,,,,,,,,,,,,,
Board,Class 12th,English,Biology,Principles of Inheritance and Variation,4,<p>Q. Write down differences between homozygous and heterozygous.</p>,Short Answer,3,2023,,,,,,,,,,,,,,,,
Board,Class 12th,English,Biology,Human Reproduction,2,<p>Q. Draw schematic representation of Oogenesis.</p>,Diagram based Answer,2,2023,,,,,,,,,,,,,,,,
Board,Class 12th,English,Biology,Reproductive Health,3,<p>Q. What is amniocentesis? Write its uses.</p>,Short Answer,3,2023,,,,,,,,,,,,,,,,
Board,Class 12th,English,Biology,Principles of Inheritance and Variation,4,<p>Q. What is test-cross? Show diagrammatic representation of it.</p>,Diagram based Answer,2,2023,,,,,,,,,,,,,,,,
Board,Class 12th,English,Biology,Molecular Basis of Inheritance,5,<p>Q. Draw well labelled diagram of Miller's experiment.</p>,Diagram based Answer,2,2023,,,,,,,,,,,,,,,,
Board,Class 12th,English,Biology,Human Health and Disease,7,<p>Q. Write measures which is useful for prevention and control of alcohol and drug uses in adolescence.</p>,Short Answer,3,2023,,,,,,,,,,,,,,,,
Board,Class 12th,English,Biology,Microbes in Human Welfare,8,<p>Q. How microorganism is act like a biofertilizer?</p>,Short Answer,3,2023,,,,,,,,,,,,,,,,
Board,Class 12th,English,Biology,Organisms and Populations,11,<p>Q. Write down about any 3 main abiotic factors of environment.</p>,Very Short Answer,2,2023,,,,,,,,,,,,,,,,
Board,Class 12th,English,Biology,Ecosystem,12,<p>Q. What is decomposition?</p>,Short Answer,3,2023,,,,,,,,,,,,,,,,
Board,Class 12th,English,Biology,Sexual Reproduction in Flowering Plants,1,<p>Q. How many chromosomes are present in endosperm (Angiosperm)? (a) \( n \) (Haploid) (b) \( 2n \) (Diploid) (c) \( 3n \) (Triploid) (d) \( 4n \) (Tetraploid)</p>,Multiple Choice Question,1,2024,,,,,,,,,,,,,,,,
Board,Class 12th,English,Biology,Sexual Reproduction in Flowering Plants,1,<p>Q. Persistent nucellus in the seed is known as : (a) Hilum (b) Tegmen (c) Chalaza (d) Perisperm</p>,Multiple Choice Question,1,2024,,,,,,,,,,,,,,,,
Board,Class 12th,English,Biology,Molecular Basis of Inheritance,5,<p>Q. In sickle cell anaemia glutamic acid is replaced by valine. Which one of the following triplet code is for valine? (a) GGG (b) AAG (c) GAA (d) GUG</p>,Multiple Choice Question,1,2024,,,,,,,,,,,,,,,,
Board,Class 12th,English,Biology,Human Health and Disease,7,<p>Q. In malaria the product released by mosquito into blood that causes chill and fever: (a) Haematin (b) Schuffiner's dots (c) Haemozoin (d) Ilacmotoxin</p>,Multiple Choice Question,1,2024,,,,,,,,,,,,,,,,
Board,Class 12th,English,Biology,Biotechnology and Its Applications,10,<p>Q. In agarose gel electrophoresis. INA molecules are reparted on the basis of their: (a) charge only (b) size only (c) volume only (d) charge and shape</p>,Multiple Choice Question,1,2024,,,,,,,,,,,,,,,,
Board,Class 12th,English,Biology,Organisms and Populations,11,<p>Q. Mycorrhiza is an example of : (a) Parasitism (b) Commensalism (c) Mutualism (d) Decomposer</p>,Multiple Choice Question,1,2024,,,,,,,,,,,,,,,,
Board,Class 12th,English,Biology,Human Reproduction,2,<p>Q. The process of release of ovum from a mature follicle is called _____.</p>,Fill in the Blanks,1,2024,,,,,,,,,,,,,,,,
Board,Class 12th,English,Biology,Molecular Basis of Inheritance,5,<p>Q. DNA finger printing involves identifying differences in some specific regions in DNA sequence called as _____.</p>,Fill in the Blanks,1,2024,,,,,,,,,,,,,,,,
Board,Class 12th,English,Biology,Microbes in Human Welfare,8,<p>Q. Lactic acid bacteria convert milk into _____.</p>,Fill in the Blanks,1,2024,,,,,,,,,,,,,,,,
Board,Class 12th,English,Biology,Biotechnology and Its Applications,10,<p>Q. Proinsulin contains _____ which is not found in mature insulin.</p>,Fill in the Blanks,1,2024,,,,,,,,,,,,,,,,
Board,Class 12th,English,Biology,Biotechnology and Its Applications,10,<p>Q. _____ is caused by mutation in gene related to the adenosine deaminase enzyme.</p>,Fill in the Blanks,1,2024,,,,,,,,,,,,,,,,
Board,Class 12th,English,Biology,Ecosystem,12,<p>Q. The green plant in the ecosystem are called _____.</p>,Fill in the Blanks,1,2024,,,,,,,,,,,,,,,,
Board,Class 12th,English,Biology,Human Reproduction,2,<p>Q. Humans are oviparous.</p>,True False,1,2024,,,,,,,,,,,,,,,,
Board,Class 12th,English,Biology,Reproductive Health,3,<p>Q. Syphilis is a sexually transmitted disease.</p>,True False,1,2024,,,,,,,,,,,,,,,,
Board,Class 12th,English,Biology,Evolution,6,<p>Q. Lichens cannot be used as industrial pollution indicators.</p>,True False,1,2024,,,,,,,,,,,,,,,,
Board,Class 12th,English,Biology,Human Health and Disease,7,<p>Q. Genes that cause cancer are called oncogenes.</p>,True False,1,2024,,,,,,,,,,,,,,,,
Board,Class 12th,English,Biology,Human Health and Disease,7,<p>Q. Each interferon has its own speciality.</p>,True False,1,2024,,,,,,,,,,,,,,,,
Board,Class 12th,English,Biology,Biodiversity and Conservation,13,<p>Q. Clarias gariepinus for aquaculture purposes is posing a threat to the indigenous catfishes in our rivers.</p>,True False,1,2024,,,,,,,,,,,,,,,,
Board,Class 12th,English,Biology,Sexual Reproduction in Flowering Plants,1,<p>Q. Persistent nucellus in the seed is known as : (a) Hilum (b) Tegmen (c) Chalaza (d) Perisperm</p>,Multiple Choice Question,1,2024,,,,,,,,,,,,,,,,
Board,Class 12th,English,Biology,Molecular Basis of Inheritance,5,<p>Q. In sickle cell anaemia glutamic acid is replaced by valine. Which one of the following triplet code is for valine? (a) GGG (b) AAG (c) GAA (d) GUG</p>,Multiple Choice Question,1,2024,,,,,,,,,,,,,,,,
Board,Class 12th,English,Biology,Human Health and Disease,7,<p>Q. In malaria the product released by mosquito into blood that causes chill and fever: (a) Haematin (b) Schuffiner's dots (c) Haemozoin (d) Ilacmotoxin</p>,Multiple Choice Question,1,2024,,,,,,,,,,,,,,,,
Board,Class 12th,English,Biology,Biotechnology and Its Applications,10,<p>Q. In agarose gel electrophoresis. INA molecules are reparted on the basis of their: (a) charge only (b) size only (c) volume only (d) charge and shape</p>,Multiple Choice Question,1,2024,,,,,,,,,,,,,,,,
Board,Class 12th,English,Biology,Organisms and Populations,11,<p>Q. Mycorrhiza is an example of : (a) Parasitism (b) Commensalism (c) Mutualism (d) Decomposer</p>,Multiple Choice Question,1,2024,,,,,,,,,,,,,,,,
Board,Class 12th,English,Biology,Reproductive Health,3,<p>Q. Write the full form of ZIFT.</p>,Very Short Answer,2,2024,,,,,,,,,,,,,,,,
Board,Class 12th,English,Biology,Molecular Basis of Inheritance,5,<p>Q. What substances did Miller take in his experiments?</p>,One Word Answer,1,2024,,,,,,,,,,,,,,,,
Board,Class 12th,English,Biology,Human Health and Disease,7,<p>Q. How do cytokine barriers provide innate immunity in humans?</p>,Very Short Answer,2,2024,,,,,,,,,,,,,,,,
Board,Class 12th,English,Biology,Biotechnology and Its Applications,10,<p>Q. Write down the name of bacterium which produces ' Bt ' toxin.</p>,One Word Answer,1,2024,,,,,,,,,,,,,,,,
Board,Class 12th,English,Biology,,#N/A,<p>Q. What is called 'lungs of the earth'?</p>,One Word Answer,1,2024,,,,,,,,,,,,,,,,
Board,Class 12th,English,Biology,Reproductive Health,3,<p>Q. What is amniocentesis? Give its significance.</p>,Short Answer,3,2024,,,,,,,,,,,,,,,,
Board,Class 12th,English,Biology,Reproductive Health,3,<p>Q. What is MTP? Write its safety periods.</p>,Short Answer,3,2024,,,,,,,,,,,,,,,,
Board,Class 12th,English,Biology,Principles of Inheritance and Variation,4,<p>Q. What is point mutation? Give an example.</p>,Short Answer,3,2024,,,,,,,,,,,,,,,,
Board,Class 12th,English,Biology,Principles of Inheritance and Variation,4,<p>Q. The human male never passes on gene for haemophilia to his son. Why?</p>,Short Answer,3,2024,,,,,,,,,,,,,,,,
Board,Class 12th,English,Biology,Evolution,6,<p>Q. What is adaptive radiation? Give an example.</p>,Short Answer,3,2024,,,,,,,,,,,,,,,,
Board,Class 12th,English,Biology,Evolution,6,<p>Q. Write Hardy-Weinberg principle.</p>,Short Answer,3,2024,,,,,,,,,,,,,,,,
Board,Class 12th,English,Biology,Microbes in Human Welfare,8,<p>Q. Why are cyanobacteria considered useful in paddy fields?</p>,Short Answer,3,2024,,,,,,,,,,,,,,,,
Board,Class 12th,English,Biology,Microbes in Human Welfare,8,<p>Q. Why does Swiss cheese have big holes?</p>,Short Answer,3,2024,,,,,,,,,,,,,,,,
Board,Class 12th,English,Biology,Biotechnology and Its Applications,10,<p>Q. What is biopatent?</p>,Short Answer,3,2024,,,,,,,,,,,,,,,,
Board,Class 12th,English,Biology,Biotechnology and Its Applications,10,<p>Q. What is golden rice? Write about it.</p>,Short Answer,3,2024,,,,,,,,,,,,,,,,
Board,Class 12th,English,Biology,Organisms and Populations,11,<p>Q. What do you understand by population density?</p>,Short Answer,3,2024,,,,,,,,,,,,,,,,
Board,Class 12th,English,Biology,Organisms and Populations,11,<p>Q. Define camouflage and write an example.</p>,Short Answer,3,2024,,,,,,,,,,,,,,,,
Board,Class 12th,English,Biology,Human Reproduction,2,<p>Q. Why are the human testis located outside the abdominal cavity? Write the name of pouch in which they are present.</p>,Short Answer,3,2024,,,,,,,,,,,,,,,,
Board,Class 12th,English,Biology,Biodiversity and Conservation,13,<p>Q. Draw neat and clean labelled diagrammatic sectional view of the female reproductive system.</p>,Diagram based Answer,2,2024,,,,,,,,,,,,,,,,
Board,Class 12th,English,Biology,Principles of Inheritance and Variation,4,<p>Q. What is monohybrid cross? Explain with the help of line diagram.</p>,Diagram based Answer,2,2024,,,,,,,,,,,,,,,,
Board,Class 12th,English,Biology,Organisms and Populations,11,<p>Q. What is codominance? Explain with example.</p>,Short Answer,3,2024,,,,,,,,,,,,,,,,
Board,Class 12th,English,Biology,Microbes in Human Welfare,8,<p>Q. Write three differences between Biopesticides and Chemical pesticides.</p>,Short Answer,3,2024,,,,,,,,,,,,,,,,
Board,Class 12th,English,Biology,Microbes in Human Welfare,8,<p>Q. Draw neat and clean labelled diagram of Bio gas plant.</p>,Diagram based Answer,2,2024,,,,,,,,,,,,,,,,
Board,Class 12th,English,Biology,Microbes in Human Welfare,8,<p>Q. Why pyramid of energy is always upright? Explain it.</p>,Long Answer,5,2024,,,,,,,,,,,,,,,,
Board,Class 12th,English,Biology,Ecosystem,12,<p>Q. Describe the interrelationship between productivity gross primary productivity and net productivity.</p>,Short Answer,3,2024,,,,,,,,,,,,,,,,
Board,Class 12th,English,Biology,Sexual Reproduction in Flowering Plants,1,<p>Q. Differentiate between microsporogenesis and megasporogenesis. Which type of cell division occurs during these events? Name the structures formed at the end of these two events.</p>,Long Answer,5,2024,,,,,,,,,,,,,,,,
Board,Class 12th,English,Biology,Sexual Reproduction in Flowering Plants,1,<p>Q. Draw neat and clean labelled diagram of a typical angiosperm ovule.</p>,Long Answer,5,2024,,,,,,,,,,,,,,,,
Board,Class 12th,English,Biology,Molecular Basis of Inheritance,5,<p>Q. How did Hershey and chase differentiate between DNA and protein in their experiment while proving that DNA is the genetic material?</p>,Short Answer,3,2024,,,,,,,,,,,,,,,,
Board,Class 12th,English,Biology,Molecular Basis of Inheritance,5,<p>Q. What is DNA finger printing? Write its mechanism and application.</p>,Long Answer,5,2024,,,,,,,,,,,,,,,,
Board,Class 12th,English,Biology,Human Health and Disease,7,<p>Q. Draw a diagrammatic representation of the life cycle of the malaria parasite.</p>,Long Answer,5,2024,,,,,,,,,,,,,,,,
Board,Class 12th,English,Biology,Human Health and Disease,7,<p>Q. Describe AIDS disease on the basis of the following points: (i) Full name of AIDS (ii) Name of AIDS pathogen (iii) Any four measures to prevent AIDS</p>,Long Answer,5,2024,,,,,,,,,,,,,,,,
Board,Class 12th,English,Biology,Molecular Basis of Inheritance,5,<p>Q. Describe the polymerase chain reaction with diagram.</p>,Diagram based Answer,2,2024,,,,,,,,,,,,,,,,
Board,Class 12th,English,Biology,Biotechnology: Principles and Processes,9,<p>Q. Describe the Restriction enzyme on the basis of the following points : (i) Definition of Restriction enzyme. (ii) Name the first Restriction endonuclease (iii) Types of cleavage produced by Restriction enzyme.</p>,Long Answer,5,2024,,,,,,,,,,,,,,,,
Board,Class 12th,English,Biology,Ecosystem,12,<p>Q. Primary consumers are - (a) Herbivorous (b) Carnivorous (c) Omnivorous (d) Sanguivorous</p>,Multiple Choice Question,1,2025,,,,,,,,,,,,,,,,
Board,Class 12th,English,Biology,Human Health and Disease,7,<p>Q. First antibiotic is obtained from which micro organism? (a) Penicillium (b) Streptococcus (c) Salmonella typhimurium (d) Vibrio cholerae</p>,Multiple Choice Question,1,2025,,,,,,,,,,,,,,,,
Board,Class 12th,English,Biology,Human Health and Disease,7,<p>Q. What is the age duration of adolescence? (a) 0-11 years (b) 12-18 years (c) 19-45 years (d) 45-70 years</p>,Multiple Choice Question,1,2025,,,,,,,,,,,,,,,,
Board,Class 12th,English,Biology,Molecular Basis of Inheritance,5,<p>Q. How many parts of the transcription unit in DNA? (a) The two region (b) The three region (c) The four region (d) The five region</p>,Multiple Choice Question,1,2025,,,,,,,,,,,,,,,,
Board,Class 12th,English,Biology,Human Reproduction,2,<p>Q. The process of ovulation induced by the hormone is - (a) LH (b) TSH (c) ACTH (d) STH</p>,Multiple Choice Question,1,2025,,,,,,,,,,,,,,,,
Board,Class 12th,English,Biology,Sexual Reproduction in Flowering Plants,1,<p>Q. Which part of the ovule is attached to the funicle? (a) Micropyle (b) Hilum (c) Integuments (d) Chalaza</p>,Multiple Choice Question,1,2025,,,,,,,,,,,,,,,,
Board,Class 12th,English,Biology,Molecular Basis of Inheritance,5,"<p>Q. When human ""need"" is turned to ""greed"", it leads to _____ of natural resources.</p>",Fill in the Blanks,1,2025,,,,,,,,,,,,,,,,
Board,Class 12th,English,Biology,Molecular Basis of Inheritance,5,"<p>Q. If any protein encoding gene is expressed in a Heterozygous host, it is called _____.</p>",Fill in the Blanks,1,2025,,,,,,,,,,,,,,,,
Board,Class 12th,English,Biology,Molecular Basis of Inheritance,5,<p>Q. DNA is _____ charged molecules.</p>,Fill in the Blanks,1,2025,,,,,,,,,,,,,,,,
Board,Class 12th,English,Biology,Microbes in Human Welfare,8,<p>Q. Cyclosporin-A is produced by the fungus _____.</p>,Fill in the Blanks,1,2025,,,,,,,,,,,,,,,,
Board,Class 12th,English,Biology,Evolution,6,<p>Q. Placental wolf and Tasmania wolf similar to a corresponding _____.</p>,Fill in the Blanks,1,2025,,,,,,,,,,,,,,,,
Board,Class 12th,English,Biology,Human Health and Disease,7,"<p>Q. Physical, emotional, behavioural and social well being refers to ____.</p>",Fill in the Blanks,1,2025,,,,,,,,,,,,,,,,
Board,Class 12th,English,Biology,Human Reproduction,2,<p>Q. Carpus luteum is found in Testis.</p>,True False,1,2025,,,,,,,,,,,,,,,,
Board,Class 12th,English,Biology,Molecular Basis of Inheritance,5,<p>Q. Nucleic acid are long polymers of nucleotides.</p>,True False,1,2025,,,,,,,,,,,,,,,,
Board,Class 12th,English,Biology,Human Health and Disease,7,<p>Q. All microbes are not pathogenic.</p>,True False,1,2025,,,,,,,,,,,,,,,,
Board,Class 12th,English,Biology,Biotechnology and Its Applications,10,<p>Q. ADA deficiency can be cured by Lymphocytes.</p>,True False,1,2025,,,,,,,,,,,,,,,,
Board,Class 12th,English,Biology,Human Health and Disease,7,<p>Q. Malaria disease is caused by Plasmodium in human.</p>,True False,1,2025,,,,,,,,,,,,,,,,
Board,Class 12th,English,Biology,Organisms and Populations,11,<p>Q. Lichen represent an intimate parasitic relationship between a fungus and a cyanobacteria.</p>,True False,1,2025,,,,,,,,,,,,,,,,
Board,Class 12th,English,Biology,Sexual Reproduction in Flowering Plants,1,<p>Q. Which part of the flower forms the fruit?</p>,Very Short Answer,2,2025,,,,,,,,,,,,,,,,
Board,Class 12th,English,Biology,Human Health and Disease,7,<p>Q. What is Colostrum?</p>,Short Answer,3,2025,,,,,,,,,,,,,,,,
Board,Class 12th,English,Biology,Biotechnology: Principles and Processes,9,<p>Q. Write any one Mendalian disorder.</p>,Very Short Answer,2,2025,,,,,,,,,,,,,,,,
Board,Class 12th,English,Biology,Biotechnology: Principles and Processes,9,<p>Q. What is restriction enzyme?</p>,Short Answer,3,2025,,,,,,,,,,,,,,,,
Board,Class 12th,English,Biology,Biodiversity and Conservation,13,<p>Q. How many Biodiversity Hot spots are there in the world?</p>,Numerical Answer,3,2025,,,,,,,,,,,,,,,,
Board,Class 12th,English,Biology,Sexual Reproduction in Flowering Plants,1,<p>Q. Write any two parts of an anther.</p>,Very Short Answer,2,2025,,,,,,,,,,,,,,,,
Board,Class 12th,English,Biology,Human Reproduction,2,<p>Q. Write any two parts of a mature ovum.</p>,Very Short Answer,2,2025,,,,,,,,,,,,,,,,
Board,Class 12th,English,Biology,Principles of Inheritance and Variation,4,<p>Q. Define Monohybrid cross and Dihybrid cross.</p>,Short Answer,3,2025,,,,,,,,,,,,,,,,
Board,Class 12th,English,Biology,Principles of Inheritance and Variation,4,<p>Q. Define Dominant gene and Recessive gene.</p>,Very Short Answer,2,2025,,,,,,,,,,,,,,,,
Board,Class 12th,English,Biology,Molecular Basis of Inheritance,5,<p>Q. Define DNA.</p>,Very Short Answer,2,2025,,,,,,,,,,,,,,,,
Board,Class 12th,English,Biology,Molecular Basis of Inheritance,5,<p>Q. Define RNA.</p>,Very Short Answer,2,2025,,,,,,,,,,,,,,,,
Board,Class 12th,English,Biology,Human Health and Disease,7,<p>Q. Write the name of Pathogens of the following diseases : (1) Typhoid (2) Pneumonia</p>,Multiple Choice Question,1,2025,,,,,,,,,,,,,,,,
Board,Class 12th,English,Biology,Human Health and Disease,7,<p>Q. Name a species of fungus which is used in the production of the antibiotics. Who discovered it?</p>,Very Short Answer,2,2025,,,,,,,,,,,,,,,,
Board,Class 12th,English,Biology,Biotechnology and Its Applications,10,<p>Q. Write two advantages of Tissue culture.</p>,Very Short Answer,2,2025,,,,,,,,,,,,,,,,
Board,Class 12th,English,Biology,Ecosystem,12,<p>Q. Write two components of Ecosystem.</p>,Very Short Answer,2,2025,,,,,,,,,,,,,,,,
Board,Class 12th,English,Biology,Biotechnology and Its Applications,10,<p>Q. Write two advantages of Genetic Modified Organism.</p>,Very Short Answer,2,2025,,,,,,,,,,,,,,,,
Board,Class 12th,English,Biology,Organism and population,#N/A,<p>Q. Explain commensalism with one example.</p>,Long Answer,5,2025,,,,,,,,,,,,,,,,
Board,Class 12th,English,Biology,Ecosystem,12,<p>Q. Draw linear representation of trophic levels of an ecosystem.</p>,Diagram based Answer,2,2025,,,,,,,,,,,,,,,,
Board,Class 12th,English,Biology,Organism and population,#N/A,<p>Q. Explain Ex-situ conservation with one example.</p>,Long Answer,5,2025,,,,,,,,,,,,,,,,
Board,Class 12th,English,Biology,Sexual Reproduction in Flowering Plants,1,<p>Q. Draw a diagram of longitydinal section of an embryo of grass with three labelling : (1) Scutellum (2) Coleoptile (3) Radicle</p>,Diagram based Answer,2,2025,,,,,,,,,,,,,,,,
Board,Class 12th,English,Biology,,#N/A,<p>Q. Write one function of the following: (1) Corpus luteum (2) Acrosome (3) Tapetum</p>,Multiple Choice Question,1,2025,,,,,,,,,,,,,,,,
Board,Class 12th,English,Biology,Principles of Inheritance and Variation,4,<p>Q. Write the definition of the following : (1) Heterozygous (2) Linkage (3) Test cross</p>,Multiple Choice Question,1,2025,,,,,,,,,,,,,,,,
Board,Class 12th,English,Biology,Principles of Inheritance and Variation,4,<p>Q. What is Pedigree? Draw linear diagram with the symbol used in the human pedigree.</p>,Diagram based Answer,2,2025,,,,,,,,,,,,,,,,
Board,Class 12th,English,Biology,Human Health and Disease,7,<p>Q. Draw a labelled diagram of Antibody molecule.</p>,Diagram based Answer,2,2025,,,,,,,,,,,,,,,,
Board,Class 12th,English,Biology,Human Health and Disease,7,<p>Q. Write the name of drugs obtained from following plants and write one adverse effect of drugs on the body : (1) Papaver somniferum (2) Cannabis sativa (3) Erythroxylum coca</p>,Multiple Choice Question,1,2025,,,,,,,,,,,,,,,,
Board,Class 12th,English,Biology,Ecosystem,12,<p>Q. Draw an Ideal Pyramid of Energy in a ecosystem.</p>,Diagram based Answer,2,2025,,,,,,,,,,,,,,,,
Board,Class 12th,English,Biology,Biodiversity and Conservation,13,<p>Q. What are sacred groves? What is their roles in conservation?</p>,Short Answer,3,2025,,,,,,,,,,,,,,,,
Board,Class 12th,English,Biology,Human Reproduction,2,<p>Q. Write differences between Oogenesis and Spermatogenesis. (Any four)</p>,Long Answer,5,2025,,,,,,,,,,,,,,,,
Board,Class 12th,English,Biology,Human Reproduction,2,<p>Q. Draw a labelled diagrammatic sectional view of a seminiferous tubules (enlarged).</p>,Diagram based Answer,2,2025,,,,,,,,,,,,,,,,
Board,Class 12th,English,Biology,Principles of Inheritance and Variation,4,<p>Q. Explain Mendel's law of independent assortment with the help of checker board.</p>,Diagram based Answer,2,2025,,,,,,,,,,,,,,,,
Board,Class 12th,English,Biology,Molecular Basis of Inheritance,5,<p>Q. Explain process of transcription in bacteria with the help of labelled linear diagram.</p>,Diagram based Answer,2,2025,,,,,,,,,,,,,,,,
Board,Class 12th,English,Biology,Human Health and Disease,7,<p>Q. Write notes on the following : (i) Vaccination (ii) Allergy</p>,Long Answer,5,2025,,,,,,,,,,,,,,,,
Board,Class 12th,English,Biology,Human Health and Disease,7,<p>Q. Describe Cancer disease on the basis of following points : (i) Tumour (ii) Detection (iii) Causes (iv) Treatment</p>,Long Answer,5,2025,,,,,,,,,,,,,,,,
Board,Class 12th,English,Biology,Biotechnology: Principles and Processes,9,<p>Q. Explain Recombinant DNA Technology with proper diagram.</p>,Long Answer,5,2025,,,,,,,,,,,,,,,,
Board,Class 12th,English,Biology,Biotechnology and Its Applications,10,<p>Q. Write the four biotechnical applications in medicine.</p>,Long Answer,5,2025,,,,,,,,,,,,,,,,
Board,Class 12th,Hindi,Physics,Electrostatic Potential and Capacitance,2,<p>Q. दो बिन्दु आवेश \( q \) एक-दूसरे से \( 2a \) दूरी पर रखे हैं। इनके ठीक मध्य बिन्दु पर विद्युत् विभव होगा- (i) शून्य (ii) \( \frac{q}{2\pi \varepsilon_0 a} \) (iii) \( \frac{q}{8\pi \varepsilon_0 a} \) (iv) \( \frac{q}{2\pi \varepsilon_0 a^2} \)</p>,Multiple Choice Question,1,2016,,,,,,,,,,,,,,,,
Board,Class 12th,Hindi,Physics,Current Electricity,3,<p>Q. विशिष्ट प्रतिरोध का मात्रक है- (i) ओम (ii) ओम⁻¹ (iii) ओम-मीटर (iv) ओम-मीटर⁻¹</p>,Multiple Choice Question,1,2016,,,,,,,,,,,,,,,,
Board,Class 12th,Hindi,Physics,Current Electricity,3,<p>Q. किसी परिपथ में धारा का मापन करने के लिए लगाते हैं- (i) वोल्टमीटर (ii) अमीटर (iii) धारामापी (iv) वोल्टामीटर</p>,Multiple Choice Question,1,2016,,,,,,,,,,,,,,,,
Board,Class 12th,Hindi,Physics,Alternating Current,7,<p>Q. यांत्रिक ऊर्जा को विद्युत् ऊर्जा में बदलने की युक्ति है- (i) D.C. मोटर (ii) A.C. डायनमो (iii) ट्रान्सफॉर्मर (iv) स्टार्टर</p>,Multiple Choice Question,1,2016,,,,,,,,,,,,,,,,
Board,Class 12th,Hindi,Physics,Electromagnetic Waves,8,<p>Q. ओजोनमण्डल अवशोषित करता है- (i) दृश्य प्रकाश (ii) माइक्रो तरंगें (iii) अवरक्त किरणें (iv) पराबैंगनी विकिरण</p>,Multiple Choice Question,1,2016,,,,,,,,,,,,,,,,
Board,Class 12th,Hindi,Physics,Ray Optics and Optical Instruments,9,<p>Q. गोलीय दर्पण के ध्रुव से फोकस तक की दूरी को उस दर्पण की _____ कहते हैं।</p>,Fill in the Blanks,1,2016,,,,,,,,,,,,,,,,
Board,Class 12th,Hindi,Physics,Wave Optics,10,<p>Q. एक स्वस्थ नेत्र की विभेदन सीमा _____ होती है।</p>,Fill in the Blanks,1,2016,,,,,,,,,,,,,,,,
Board,Class 12th,Hindi,Physics,Dual Nature of Radiation and Matter,11,<p>Q. 1 eV = _____ जूल।</p>,Fill in the Blanks,1,2016,,,,,,,,,,,,,,,,
Board,Class 12th,Hindi,Physics,"Semiconductor Electronics: Materials, Devices and Simple Circuits",14,<p>Q. जेनर डायोड का उपयोग _____ होता है।</p>,Fill in the Blanks,1,2016,,,,,,,,,,,,,,,,
Board,Class 12th,Hindi,Physics,Wave Optics,10,<p>Q. प्रकाश तरंगों की आवृत्ति _____ कोटि की होती है।</p>,Fill in the Blanks,1,2016,,,,,,,,,,,,,,,,
Board,Class 12th,Hindi,Physics,Atoms,12,<p>Q. इलेक्ट्रॉन का विशिष्ट आवेश कितना होता है?</p>,One Word Answer,1,2016,,,,,,,,,,,,,,,,
Board,Class 12th,Hindi,Physics,"Semiconductor Electronics: Materials, Devices and Simple Circuits",14,<p>Q. P-प्रकार के अर्द्धचालक कैसे बनाते हैं?</p>,Very Short Answer,2,2016,,,,,,,,,,,,,,,,
Board,Class 12th,Hindi,Physics,"Semiconductor Electronics: Materials, Devices and Simple Circuits",14,<p>Q. प्रवर्धक संबंधी \( \alpha \) और \( \beta \) में संबंध लिखिए।</p>,One Word Answer,1,2016,,,,,,,,,,,,,,,,
Board,Class 12th,Hindi,Physics,Electromagnetic Waves,8,<p>Q. टेलीविजन प्रसारण का आविष्कार किसने किया?</p>,One Word Answer,1,2016,,,,,,,,,,,,,,,,
Board,Class 12th,Hindi,Physics,Electrostatic Potential and Capacitance,2,<p>Q. धारिता S.I. का मात्रक लिखिए।</p>,One Word Answer,1,2016,,,,,,,,,,,,,,,,
Board,Class 12th,Hindi,Physics,Atoms,12,<p>Q. What is the value of specific charge of an electron?</p>,One Word Answer,1,2016,,,,,,,,,,,,,,,,
Board,Class 12th,Hindi,Physics,Ray Optics and Optical Instruments,9,<p>Q. परावर्तन किसे कहते हैं? परावर्तन के नियम लिखिए।</p>,Short Answer,3,2016,,,,,,,,,,,,,,,,
Board,Class 12th,Hindi,Physics,Ray Optics and Optical Instruments,9,<p>Q. लेंस के आवर्धन से क्या अभिप्राय है? इसका सूत्र लिखिए।</p>,Very Short Answer,2,2016,,,,,,,,,,,,,,,,
Board,Class 12th,Hindi,Physics,Dual Nature of Radiation and Matter,11,<p>Q. प्रकाश विद्युत् प्रभाव क्या है?</p>,Very Short Answer,2,2016,,,,,,,,,,,,,,,,
Board,Class 12th,Hindi,Physics,Dual Nature of Radiation and Matter,11,<p>Q. डी-ब्रॉग्ली तरंगें क्या हैं? डी-ब्रॉग्ली तरंग समीकरण लिखिए।</p>,Very Short Answer,2,2016,,,,,,,,,,,,,,,,
Board,Class 12th,Hindi,Physics,Wave Optics,10,<p>Q. लेसर (LASER) से क्या अभिप्राय है? इसके दो उपयोग लिखिए।</p>,Very Short Answer,2,2016,,,,,,,,,,,,,,,,
Board,Class 12th,Hindi,Physics,Moving Charges and Magnetism,4,"<p>Q. बायो-सेवर्ट का नियम लिखिए।</p>
<p>Q. धारा के मात्रक की परिभाषा दीजिए।</p>",Short Answer,3,2016,,,,,,,,,,,,,,,,
Board,Class 12th,Hindi,Physics,Moving Charges and Magnetism,4,<p>Q. एक लघु दण्ड चुम्बक के कारण अक्षीय स्थिति में चुम्बकीय क्षेत्र की तीव्रता का सूत्र निगमित कीजिए।</p>,Very Short Answer,2,2016,,,,,,,,,,,,,,,,
Board,Class 12th,Hindi,Physics,Electromagnetic Induction,6,<p>Q. एक परिनालिका के स्वप्रेरकत्व का व्यंजक निगमित कीजिए तथा बताओ कि इसके मान को कौन-कौन से कारक प्रभावित करते हैं?</p>,Very Short Answer,2,2016,,,,,,,,,,,,,,,,
Board,Class 12th,Hindi,Physics,Alternating Current,7,<p>Q. ए. सी. परिपथ के लिए निम्न व्यंजक प्राप्त कीजिए- \( P_{\text{av}} = V_{\text{rms}} \times I_{\text{rms}} \cos \phi \)</p>,Very Short Answer,2,2016,,,,,,,,,,,,,,,,
Board,Class 12th,Hindi,Physics,Wave Optics,10,<p>Q. प्रकाश के व्यतिकरण और विवर्तन में कोई चार अन्तर लिखिए।</p>,Long Answer,5,2016,,,,,,,,,,,,,,,,
Board,Class 12th,Hindi,Physics,Ray Optics and Optical Instruments,9,<p>Q. खगोलीय दूरदर्शी का वर्णन निम्न बिन्दुओं के आधार पर कीजिए- (i) नामांकित रेखाचित्र। (ii) आवर्धन क्षमता के लिए सूत्र का निगमन जब अन्तिम प्रतिबिम्ब स्पष्ट दृष्टि की न्यूनतम दूरी पर बने।</p>,Long Answer,5,2016,,,,,,,,,,,,,,,,
Board,Class 12th,Hindi,Physics,Ray Optics and Optical Instruments,9,<p>Q. संयुक्त सूक्ष्मदर्शी का वर्णन निम्नलिखित शीर्षकों के आधार पर कीजिए- (i) प्रतिबिम्ब बनने का नामांकित रेखाचित्र। (ii) आवर्धन क्षमता जब अन्तिम प्रतिबिम्ब स्पष्ट दृष्टि की न्यूनतम दूरी पर बने।</p>,Long Answer,5,2016,,,,,,,,,,,,,,,,
Board,Class 12th,Hindi,Physics,"Semiconductor Electronics: Materials, Devices and Simple Circuits",14,<p>Q. प्रकाश उत्सर्जक डायोड (LED) क्या है? इसका कार्य सिद्धान्त समझाइए तथा बताओ कि उत्सर्जक प्रकाश का रंग किस पर निर्भर करता है?</p>,Long Answer,5,2016,,,,,,,,,,,,,,,,
Board,Class 12th,Hindi,Physics,Electrostatic Potential and Capacitance,2,<p>Q. वान डी ग्राफ जनित्र का वर्णन निम्नलिखित शीर्षकों के अन्तर्गत कीजिए- (i) नामांकित चित्र (ii) सिद्धान्त (iii) उपयोग (कोई दो) (iv) दोष</p>,Long Answer,5,2016,,,,,,,,,,,,,,,,
Board,Class 12th,Hindi,Physics,Electric Charges and Fields,1,<p>Q. सिद्ध कीजिए कि विद्युत्-द्विध्रुव के कारण निरक्षीय स्थिति में किसी बिन्दु पर विद्युत् विभव शून्य होता है।</p>,Short Answer,3,2016,,,,,,,,,,,,,,,,
Board,Class 12th,Hindi,Physics,Electromagnetic Induction,6,<p>Q. दो कुण्डलियों P व S के स्वप्रेरकत्व क्रमशः \( L_1 \) व \( L_2 \) हैं। यदि इनके मध्य आदर्श फ्लक्स युग्मन है तो सिद्ध कीजिए कि इन कुण्डलियों के मध्य अन्योन्य प्रेरकत्व \( M=\sqrt{L_1 L_2} \) होगा।</p>,Short Answer,3,2016,,,,,,,,,,,,,,,,
Board,Class 12th,Hindi,Physics,Alternating Current,7,<p>Q. प्रत्यावर्ती L-R परिपथ के लिए परिणामी विभवान्तर प्रतिबाधा तथा धारा के व्यंजक निगमित कीजिए तथा धारा व विभवान्तर के बीच कलान्तर दर्शाने वाला ग्राफ खींचिए।</p>,Short Answer,3,2016,,,,,,,,,,,,,,,,
Board,Class 12th,Hindi,Physics,"Semiconductor Electronics: Materials, Devices and Simple Circuits",14,<p>Q. पूर्ण तरंग दिष्टकारी के रूप में P-N संधि डायोड के उपयोग का वर्णन निम्न शीर्षकों के अन्तर्गत कीजिए- (i) परिपथ का नामांकित चित्र (ii) कार्यविधि (iii) निवेशी विभव व निर्गत विभव का समय के साथ परिवर्तन आरेख।</p>,Long Answer,5,2016,,,,,,,,,,,,,,,,
Board,Class 12th,Hindi,Physics,"Semiconductor Electronics: Materials, Devices and Simple Circuits",14,<p>Q. NAND या NOR गेट्स से आप OR AND गेट कैसे प्राप्त करोगे? संकेत बुलियन सूत्र तथा सत्यता सारणी लिखिए।</p>,Long Answer,5,2016,,,,,,,,,,,,,,,,
Board,Class 12th,Hindi,Physics,Current Electricity,3,<p>Q. विभवमापी की सहायता से दो सेलों के विद्युत् वाहक बलों की तुलना करने के प्रयोग का वर्णन निम्नलिखित शीर्षकों के अन्तर्गत कीजिए- (i) परिपथ का रेखाचित्र (ii) सूत्र (iii) प्रेक्षण सारणी (iv) दो सावधानियाँ।</p>,Long Answer,5,2016,,,,,,,,,,,,,,,,
Board,Class 12th,Hindi,Physics,Current Electricity,3,<p>Q. किरचॉफ के नियम की सहायता से व्हीटस्टोन सेतु का सिद्धान्त समझाइए।</p>,Long Answer,5,2016,,,,,,,,,,,,,,,,
Board,Class 12th,Hindi,Physics,Ray Optics and Optical Instruments,9,<p>Q. पतले लेंस के लिए अपवर्तन का सूत्र स्थापित कीजिए \( \frac{1}{f} = (\mu - 1)\left(\frac{1}{R_1} - \frac{1}{R_2}\right) \)</p>,Short Answer,3,2016,,,,,,,,,,,,,,,,
Board,Class 12th,Hindi,Physics,Ray Optics and Optical Instruments,9,<p>Q. विस्थापन विधि द्वारा किसी उत्तल लेंस की फोकस दूरी ज्ञात करने के प्रयोग का वर्णन निम्न शीर्षकों के आधार पर कीजिए- (i) किरण आरेख (ii) सूत्र स्थापना (iii) दोनों पिनों के बीच की दूरी लेंस की फोकस दूरी के चार गुने से अधिक क्यों रखी जाती है?</p>,Long Answer,5,2016,,,,,,,,,,,,,,,,
Board,Class 12th,Hindi,Physics,"Semiconductor Electronics: Materials, Devices and Simple Circuits",14,<p>Q. प्रकाशीय संसूचक है - (i) डायोड़ लेसर (ii) लेसर (iii) एल. ई. डी. (iv) फोटो डायोड़</p>,Multiple Choice Question,1,2017,,,,,,,,,,,,,,,,
Board,Class 12th,Hindi,Physics,"Semiconductor Electronics: Materials, Devices and Simple Circuits",14,<p>Q. धारा लाभ \( \beta \) का मान है - (i) \( \frac{\Delta I_b}{\Delta I_c} \) (ii) \( \frac{I_b}{I_c} \) (iii) \( \frac{\Delta I_c}{\Delta I_b} \) (iv) \( \frac{I_c}{I_b} \)</p>,Multiple Choice Question,1,2017,,,,,,,,,,,,,,,,
Board,Class 12th,Hindi,Physics,Dual Nature of Radiation and Matter,11,<p>Q. एक फोटॉन का तरंग दैर्घ्य 5000 Å है। इसका संवेग होगा - (i) \(1.32 \times 10^{-27}\) कि.ग्रा.×मीटर/सैकेंड (ii) \(1.5 \times 10^{-27}\) कि.ग्रा.×मीटर/सैकेंड (iii) \(2.32 \times 10^{-27}\) कि.ग्रा.×मीटर/सैकेंड (iv) \(5 \times 10^{-27}\) कि.ग्रा.×मीटर/सैकेंड</p>,Multiple Choice Question,1,2017,,,,,,,,,,,,,,,,
Board,Class 12th,Hindi,Physics,"Semiconductor Electronics: Materials, Devices and Simple Circuits",14,<p>Q. शून्य कैल्विन पर जर्मेनियम है - (i) अतिचालक (ii) सुचालक (iii) कुचालक (iv) अर्धचालक</p>,Multiple Choice Question,1,2017,,,,,,,,,,,,,,,,
Board,Class 12th,Hindi,Physics,Electrostatic Potential and Capacitance,2,<p>Q. 1 माइक्रोफैरेड धारिता के गोलीय चालक की त्रिज्या होगी- (i) 90 किमी. (ii) 9 किमी. (iii) 9000 किमी. (iv) \(9 \times 10^{5}\) मीटर</p>,Multiple Choice Question,1,2017,,,,,,,,,,,,,,,,
Board,Class 12th,Hindi,Physics,Electric Charges and Fields,1,<p>Q. 1 कूलाम आवेश से गुजरने वाली विद्युत बल रेखाओं की संख्या _____ होती है।</p>,Fill in the Blanks,1,2017,,,,,,,,,,,,,,,,
Board,Class 12th,Hindi,Physics,Atoms,12,<p>Q. इलेक्ट्रॉन का विराम द्रव्यमान _____ होता है।</p>,Fill in the Blanks,1,2017,,,,,,,,,,,,,,,,
Board,Class 12th,Hindi,Physics,Wave Optics,10,<p>Q. दिष्ट धारा की आवृत्ति _____ होती है।</p>,Fill in the Blanks,1,2017,,,,,,,,,,,,,,,,
Board,Class 12th,Hindi,Physics,Electrostatic Potential and Capacitance,2,<p>Q. पृथ्वी का विद्युत विभव _____ माना जाता है।</p>,Fill in the Blanks,1,2017,,,,,,,,,,,,,,,,
Board,Class 12th,Hindi,Physics,"Semiconductor Electronics: Materials, Devices and Simple Circuits",14,<p>Q. अर्धचालक का प्रतिरोध ताप गुणांक _____ होता है।</p>,Fill in the Blanks,1,2017,,,,,,,,,,,,,,,,
Board,Class 12th,Hindi,Physics,Atoms,12,<p>Q. निऑन लैंप का वर्णक्रम कैसा होता है।</p>,Very Short Answer,2,2017,,,,,,,,,,,,,,,,
Board,Class 12th,Hindi,Physics,"Semiconductor Electronics: Materials, Devices and Simple Circuits",14,<p>Q. बूलियन पद \( y=\overline{A}+\overline{B} \) द्वारा किस लॉजिक गेट को दर्शाते हैं।</p>,Very Short Answer,2,2017,,,,,,,,,,,,,,,,
Board,Class 12th,Hindi,Physics,Alternating Current,7,<p>Q. ट्रांसफार्मर में कोर पटलित होता है। क्यों?</p>,Short Answer,3,2017,,,,,,,,,,,,,,,,
Board,Class 12th,Hindi,Physics,Ray Optics and Optical Instruments,9,<p>Q. सूक्ष्मदर्शी का नाम जो रीडिंग लैंस के रूप में उपयोगी है।</p>,One Word Answer,1,2017,,,,,,,,,,,,,,,,
Board,Class 12th,Hindi,Physics,Wave Optics,10,<p>Q. प्रकाश के तरंग दैर्घ्य पर सूक्ष्मदर्शी की विभेदन क्षमता किस प्रकार निर्भर करती है।</p>,Short Answer,3,2017,,,,,,,,,,,,,,,,
Board,Class 12th,Hindi,Physics,Wave Optics,10,<p>Q. दो प्रकाश स्त्रोतों के कला संबंध्द स्त्रोत होने की दो शर्तें लिखिये।</p>,Very Short Answer,2,2017,,,,,,,,,,,,,,,,
Board,Class 12th,Hindi,Physics,Ray Optics and Optical Instruments,9,<p>Q. संयुग्मी फोकस को परिभाषित करिये।</p>,Very Short Answer,2,2017,,,,,,,,,,,,,,,,
Board,Class 12th,Hindi,Physics,Dual Nature of Radiation and Matter,11,<p>Q. प्रकाश वैद्युत प्रभाव के दो नियम लिखिये।</p>,Very Short Answer,2,2017,,,,,,,,,,,,,,,,
Board,Class 12th,Hindi,Physics,Electrostatic Potential and Capacitance,2,<p>Q. संस्तब्ध विभव क्या है।</p>,Very Short Answer,2,2017,,,,,,,,,,,,,,,,
Board,Class 12th,Hindi,Physics,Wave Optics,10,<p>Q. लेसर किरणों की दो विशेषतायें दीजिये।</p>,Very Short Answer,2,2017,,,,,,,,,,,,,,,,
Board,Class 12th,Hindi,Physics,"Semiconductor Electronics: Materials, Devices and Simple Circuits",14,<p>Q. थर्मिस्टर क्या है उपयोग सहित लिखिये।</p>,Very Short Answer,2,2017,,,,,,,,,,,,,,,,
Board,Class 12th,Hindi,Physics,"Semiconductor Electronics: Materials, Devices and Simple Circuits",14,<p>Q. अति चालकता क्या है? उपयोग सहित लिखिये।</p>,Very Short Answer,2,2017,,,,,,,,,,,,,,,,
Board,Class 12th,Hindi,Physics,Ray Optics and Optical Instruments,9,<p>Q. क्रांतिक कोण तथा माध्यम के अपवर्तनांक में संबंध स्थापित कीजिये।</p>,Short Answer,3,2017,,,,,,,,,,,,,,,,
Board,Class 12th,Hindi,Physics,Ray Optics and Optical Instruments,9,<p>Q. तारे टिमटिमाते हैं कारण लिखिये।</p>,Very Short Answer,2,2017,,,,,,,,,,,,,,,,
Board,Class 12th,Hindi,Physics,Current Electricity,3,<p>Q. विद्युत धारा एवं अनुगमन वेग में संबंध स्थापित कीजिये।</p>,Short Answer,3,2017,,,,,,,,,,,,,,,,
Board,Class 12th,Hindi,Physics,Current Electricity,3,<p>Q. यदि किसी चालक तार की लम्बाई खींचकर दो गुनी कर दी जाये तब उसका प्रतिरोध कितने गुना बढ़ जाता है? गणना कीजिये।</p>,Numerical Answer,3,2017,,,,,,,,,,,,,,,,
Board,Class 12th,Hindi,Physics,Ray Optics and Optical Instruments,9,<p>Q. प्रिज्म के पदार्थ के अपवर्तनांक हेतु सूत्र निगमित करिये।</p>,Short Answer,3,2017,,,,,,,,,,,,,,,,
Board,Class 12th,Hindi,Physics,Ray Optics and Optical Instruments,9,<p>Q. कारण दीजिये कि लेंस को द्रव में डुबोने पर उसकी फोकस दूरी बढ़ जाती है। क्यों?</p>,Short Answer,3,2017,,,,,,,,,,,,,,,,
Board,Class 12th,Hindi,Physics,Moving Charges and Magnetism,4,<p>Q. बायो सेवर्ट के नियम की सहायता से एक लम्बे सीधे धारावाही चालक के कारण किसी बिंदु पर उत्पन्न चुम्बकीय क्षेत्र की तीव्रता का व्यंजक व्युत्पन्न कीजिये।</p>,Short Answer,3,2017,,,,,,,,,,,,,,,,
Board,Class 12th,Hindi,Physics,Magnetism and Matter,5,<p>Q. एक छोटे दंड चुम्बक के दोनो ध्रुवों से बराबर दूरी पर स्थित किसी बिंदु पर चुम्बकीय क्षेत्र की परिणामी तीव्रता का व्यंजक व्युत्पन्न कीजिये।</p>,Short Answer,3,2017,,,,,,,,,,,,,,,,
Board,Class 12th,Hindi,Physics,Alternating Current,7,<p>Q. सिध्द करिये कि \( I_{\text{rms}} = \frac{I_0}{\sqrt{2}} \) जहाँ \( I_{\text{rms}} \) एवं \( I_0 \) के सामान्य अर्थ हैं।</p>,Short Answer,3,2017,,,,,,,,,,,,,,,,
Board,Class 12th,Hindi,Physics,Electromagnetic Waves,8,<p>Q. विद्युत चुम्बकीय तरंगे किन्हें कहते हैं? इनकी विशेषतायें लिखिये (कोई छ:)</p>,Long Answer,5,2017,,,,,,,,,,,,,,,,
Board,Class 12th,Hindi,Physics,Wave Optics,10,<p>Q. परिभाषित करो : (अ) कम्पन तल (ब) ध्रुवण तल</p>,Short Answer,3,2017,,,,,,,,,,,,,,,,
Board,Class 12th,Hindi,Physics,Ray Optics and Optical Instruments,9,<p>Q. पार्थिव दूरदर्शी की आवर्धन क्षमता हेतु व्यंजक निकालिये जबकि अंतिम प्रतिबिम्ब स्पष्ट दृष्टि की न्यूनतम दूरी पर बने।</p>,Long Answer,5,2017,,,,,,,,,,,,,,,,
Board,Class 12th,Hindi,Physics,Ray Optics and Optical Instruments,9,<p>Q. सरल सूक्ष्मदर्शी की आवर्धन क्षमता हेतु व्यंजक निकालिये जबकि प्रतिबिम्ब स्पष्ट दृष्टि की न्यूनतम दूरी पर बने।</p>,Long Answer,5,2017,,,,,,,,,,,,,,,,
Board,Class 12th,Hindi,Physics,Ray Optics and Optical Instruments,9,<p>Q. प्रकाशिक तंतु क्या है? इसके मुख्य भाग कौन-कौन हैं। समझाइये।</p>,Long Answer,5,2017,,,,,,,,,,,,,,,,
Board,Class 12th,Hindi,Physics,"Semiconductor Electronics: Materials, Devices and Simple Circuits",14,<p>Q. OR गेट तथा AND गेट को निम्नांकित बिंदुओं के आधार पर समझाइये। (i) प्रतीक (ii) सत्यसारणी (iii) बूलियन पद</p>,Long Answer,5,2017,,,,,,,,,,,,,,,,
Board,Class 12th,Hindi,Physics,"Semiconductor Electronics: Materials, Devices and Simple Circuits",14,<p>Q. P-N संधि डायोड़ में धारा का प्रवाह अग्र अभिनति के रूप में समझाइये।</p>,Long Answer,5,2017,,,,,,,,,,,,,,,,
Board,Class 12th,Hindi,Physics,Alternating Current,7,<p>Q. RC प्रत्यावर्ती धारा परिफ्थ को निम्नांकित बिंदुओं के आधार पर समझाइये। (i) परिणामी विभवान्तर (ii) परिपथ की प्रतिबाधा (iii) परिणामी वोल्टेज और धारा के बीच कलांतर</p>,Long Answer,5,2017,,,,,,,,,,,,,,,,
Board,Class 12th,Hindi,Physics,Alternating Current,7,<p>Q. ट्रांसफार्मर में ऊर्जा ह्वास कितने प्रकार का होता है। समझाइये।</p>,Long Answer,5,2017,,,,,,,,,,,,,,,,
Board,Class 12th,Hindi,Physics,Electrostatic Potential and Capacitance,2,<p>Q. किसी बिंदु आवेश के कारण किसी बिंदु पर विभव के लिये व्यंजक प्राप्त कीजिए।</p>,Short Answer,3,2017,,,,,,,,,,,,,,,,
Board,Class 12th,Hindi,Physics,Electric Charges and Fields,1,<p>Q. गॉस प्रमेय लिखिये एवं सिध्द कीजिए।</p>,Long Answer,5,2017,,,,,,,,,,,,,,,,
Board,Class 12th,Hindi,Physics,Electric Charges and Fields,1,<p>Q. बिन्दु आवेश Q के कारण r दूरी पर विद्युत क्षेत्र की तीव्रता E : (i) \( E \propto r \) (ii) \( E \propto \frac{1}{r} \) (iii) \( E \propto \frac{1}{r^2} \) (iv) \( E \propto \frac{1}{r^3} \)</p>,Multiple Choice Question,1,2018,,,,,,,,,,,,,,,,
Board,Class 12th,Hindi,Physics,Current Electricity,3,<p>Q. एक आदर्श अमीटर का प्रतिरोध होना चाहिए : (i) बहुत अधिक (ii) बहुत कम (iii) शून्य (iv) अनन्त</p>,Multiple Choice Question,1,2018,,,,,,,,,,,,,,,,
Board,Class 12th,Hindi,Physics,Electromagnetic Waves,8,<p>Q. अवरक्त किरणें निम्नलिखित क्षेत्रों के मध्य स्थित है : (i) गामा किरणें एवं पराबैंगनी क्षेत्र के बीच (ii) सूक्ष्म तरंगों एवं दृश्य प्रकाश के बीच (iii) दृश्य प्रकाश एवं पराबैंगनी क्षेत्र के बीच (iv) पराबैंगनी एवं X-किरणों के बीच</p>,Multiple Choice Question,1,2018,,,,,,,,,,,,,,,,
Board,Class 12th,Hindi,Physics,"Semiconductor Electronics: Materials, Devices and Simple Circuits",14,<p>Q. P-प्रकार का अर्द्धचालक होता है : (i) धनावेशित (ii) ऋण आवेशित (iii) 0 K पर अनावेशित लेकिन उच्च ताप पर ऋण आवेशित (iv) अनावेशित</p>,Multiple Choice Question,1,2018,,,,,,,,,,,,,,,,
Board,Class 12th,Hindi,Physics,Electromagnetic Waves,8,<p>Q. गामा किरणों के दो उपयोग लिखिए।</p>,Very Short Answer,2,2018,,,,,,,,,,,,,,,,
Board,Class 12th,Hindi,Physics,Wave Optics,10,<p>Q. पोलेरॉइड क्या है ? कोई दो उपयोग लिखिए।</p>,Very Short Answer,2,2018,,,,,,,,,,,,,,,,
Board,Class 12th,Hindi,Physics,Ray Optics and Optical Instruments,9,<p>Q. परावर्तन किसे कहते है ? परावर्तन के नियम लिखिए।</p>,Short Answer,3,2018,,,,,,,,,,,,,,,,
Board,Class 12th,Hindi,Physics,Ray Optics and Optical Instruments,9,<p>Q. अवतल दर्पण के द्वारा प्रतिबिम्ब निर्माण का किरण पथ बनाइए यदि वस्तु ध्रुव और फोकस बिन्दु के बीच स्थित हो तथा निष्कर्ष लिखिये।</p>,Short Answer,3,2018,,,,,,,,,,,,,,,,
Board,Class 12th,Hindi,Physics,Dual Nature of Radiation and Matter,11,<p>Q. प्रकाश-विद्युत उत्सर्जन सम्बन्धी आइन्त्रीन \( \frac{1}{2}mu^2 = h\nu - h\nu_0 \) की स्थापना कीजिए।</p>,Short Answer,3,2018,,,,,,,,,,,,,,,,
Board,Class 12th,Hindi,Physics,Dual Nature of Radiation and Matter,11,"<p>Q. एक धातु का कार्यफलन \(0.1 \, \text{eV}\) है। प्रकाश-विद्युत उत्सर्जन के लिए देहली आवृत्ति ज्ञात कीजिए।</p>",Numerical Answer,3,2018,,,,,,,,,,,,,,,,
Board,Class 12th,Hindi,Physics,Current Electricity,3,<p>Q. धारा विद्युत के अन्तर्गत किरचौफ के नियमों को सचित्र समझाइए।</p>,Long Answer,5,2018,,,,,,,,,,,,,,,,
Board,Class 12th,Hindi,Physics,Current Electricity,3,"<p>Q. 2, 3 और 6Ω के प्रतिरोधों को किस प्रकार जोड़ें कि तुल्य प्रतिरोध 4Ω हो जाये ? एक चित्र भी बनाइए।</p>",Short Answer,3,2018,,,,,,,,,,,,,,,,
Board,Class 12th,Hindi,Physics,Current Electricity,3,"<p>Q. सेल के विद्युतवाहक बल, टर्मिनल विभवान्तर तथा आन्तरिक प्रतिरोध में सम्बन्ध स्थापित कीजिए।</p>",Short Answer,3,2018,,,,,,,,,,,,,,,,
Board,Class 12th,Hindi,Physics,Current Electricity,3,<p>Q. विभवमापी के तार की लम्बाई 280 सेमी पर एक लेक्लांशी सेल सन्तुलित होता है। जब इस सेल के श्रेणीक्रम में एक डेनियल सेल जोड़ दिया जाता है तो सन्तुलन बिंदु 480 सेमी की दूरी पर आता है। दोनों सेलों के विद्युतवाहक बलों की तुलना कीजिए।</p>,Numerical Answer,3,2018,,,,,,,,,,,,,,,,
Board,Class 12th,Hindi,Physics,Ray Optics and Optical Instruments,9,"<p>Q. जब दो पतले लेंस जिनकी फोकस दूरियाँ \( f_1 \) व \( f_2 \) है, परस्पर सम्पर्क में रखे हो, तब सिद्ध कीजिए इनके संयोग की फोकस दूरी \( f \) के लिए \( \frac{1}{f} = \frac{1}{f_1} + \frac{1}{f_2} \)</p>",Long Answer,5,2018,,,,,,,,,,,,,,,,
Board,Class 12th,Hindi,Physics,Ray Optics and Optical Instruments,9,<p>Q. शुद्ध वर्णक्रम (स्पेक्ट्रम) प्राप्त करने के लिए आवश्यक शर्ते लिखिए। (कोई तीन)</p>,Short Answer,3,2018,,,,,,,,,,,,,,,,
Board,Class 12th,Hindi,Physics,Ray Optics and Optical Instruments,9,<p>Q. अपवर्तन कोण 60° वाले प्रिज़्म से न्यूनतम विचलन कोण 30° है। गणना कीजिए : (i) आपतन कोण (ii) अपवर्तन कोण (iii) प्रिज़्म के पदार्थ का अपवर्तनांक</p>,Long Answer,5,2018,,,,,,,,,,,,,,,,
Board,Class 12th,Hindi,Physics,Moving Charges and Magnetism,4,<p>Q. किसी धारावाही वृत्तीय कुण्डली के अक्ष पर स्थित किसी बिन्दु पर चुम्बकीय क्षेत्र की तीव्रता का व्यंजक प्राप्त कीजिए।</p>,Short Answer,3,2018,,,,,,,,,,,,,,,,
Board,Class 12th,Hindi,Physics,Magnetism and Matter,5,"<p>Q. अनुचुम्बकीय, प्रतिचुम्बकीय तथा लोहचुम्बकीय पदार्थों में कोई चार अन्तर लिखिए।</p>",Long Answer,5,2018,,,,,,,,,,,,,,,,
Board,Class 12th,Hindi,Physics,Electromagnetic Induction,6,<p>Q. एक परिनालिक के स्वप्रेरकत्व के लिए व्यंजक व्युत्पन्न कीजिए। इसके मान को कौन-कौन से कारक प्रभावित करते हैं ?</p>,Short Answer,3,2018,,,,,,,,,,,,,,,,
Board,Class 12th,Hindi,Physics,Alternating Current,7,"<p>Q. चोक कुण्डली का सिद्धान्त क्या है ?</p>
<p>Q. चोक कुण्डली में बहने वाली धारा को वाटहीन धारा क्यों कहते है ?</p>
<p>Q. धारा नियंत्रण में इसका उपयोग लिखिए।</p>",Long Answer,5,2018,,,,,,,,,,,,,,,,
Board,Class 12th,Hindi,Physics,Electromagnetic Waves,8,<p>Q. पृथ्वी तल पर दूरी \( d \) तक टेलीविजन सिग्नल प्रसारित करने के लिए प्रेषित्र ऐण्टिना कीं आवश्यक ऊँचाई का व्यंजक निगमित कीजिए।</p>,Short Answer,3,2018,,,,,,,,,,,,,,,,
Board,Class 12th,Hindi,Physics,Wave Optics,10,<p>Q. व्यतिकरण व विवर्तन में चार अन्तर लिखिए।</p>,Long Answer,5,2018,,,,,,,,,,,,,,,,
Board,Class 12th,Hindi,Physics,Ray Optics and Optical Instruments,9,"<p>Q. संयुक्त सूक्ष्मदर्शी का नामांकित रेखाचित्र बनाइए तथा आवर्धन क्षमता का व्यंजक निगमित कीजिए, जबकि अंतिम प्रतिबिम्ब स्पष्ट दृष्टि की न्यूनतम दूरी \( D \) पर बने। इस स्थिति में सूक्ष्मदर्शी नली की लम्बाई क्या होगी ?</p>",Short Answer,3,2018,,,,,,,,,,,,,,,,
Board,Class 12th,Hindi,Physics,Ray Optics and Optical Instruments,9,"<p>Q. गैलीलियो दूरदर्शी का नामांकित रेखाचित्र बनाइए तथा आवर्धन क्षमता का व्यंजक निगमित कीजिए, जबकि अंतिम प्रतिबिम्ब स्पष्ट दृष्टि की न्यूनतम दूरी \( D \) पर बने। इस स्थिति में दूरदर्शी नली की लम्बाई क्या होगी?</p>",Long Answer,5,2018,,,,,,,,,,,,,,,,
Board,Class 12th,Hindi,Physics,"Semiconductor Electronics: Materials, Devices and Simple Circuits",14,<p>Q. अर्धचालक लेसर का सिद्धान्त क्या है ? इसके गुण एवं दोष लिखिए। (कोई दो-दो)।</p>,Long Answer,5,2018,,,,,,,,,,,,,,,,
Board,Class 12th,Hindi,Physics,Electrostatic Potential and Capacitance,2,<p>Q. समान्तर प्लेट सधारित्र की धारिता के लिए व्यजक उत्पन्न कीजिए। इसकी धारिता आप कैसे बढ़ा सकते है ?</p>,Long Answer,5,2018,,,,,,,,,,,,,,,,
Board,Class 12th,Hindi,Physics,Electric Charges and Fields,1,<p>Q. विद्युत-द्विध्रुव से क्या तात्पर्य है ? किसी विद्युत-द्विधुव के कारण अक्षीय स्थिति में किसी बिन्दु पर विद्युत क्षेत्र की तीव्रता का व्यंजक प्राप्त कीजिए।</p>,Long Answer,5,2018,,,,,,,,,,,,,,,,
Board,Class 12th,Hindi,Physics,Alternating Current,7,<p>Q. प्रत्यावर्ती L-C-R परिपथ में ज्ञात कीजिए - (i) परिणामी वोल्टेज (ii) परिपथ की प्रतिबाधा \( Z = \sqrt{R^2 + \left( X_L - X_C \right)^2} \) (iii) परिणामी वोल्टेज व धारा के मध्य कलान्तर \( \phi = \tan^{-1} \left( \frac{X_L - X_C}{R} \right) \)</p>,Long Answer,5,2018,,,,,,,,,,,,,,,,
Board,Class 12th,Hindi,Physics,Alternating Current,7,<p>Q. डायनामो किसे कहते हैं ? प्रत्यावर्ती धारा डायनामो का वर्णन निम्नांकित शीर्षकों के अन्तर्गत कीजिए : (i) सिद्धांत (ii) नामांकित रेखाचित्र (iii) कार्य विधि</p>,Long Answer,5,2018,,,,,,,,,,,,,,,,
Board,Class 12th,Hindi,Physics,"Semiconductor Electronics: Materials, Devices and Simple Circuits",14,<p>Q. विद्युत्त परिपथ खींधकर समझाइए कि उभयनिष्ठ उत्सर्जक विधा में PNP ट्रान्जिस्टर को प्रवर्धन की भाँति कैसे उपयोग में लाया जाता है ? धारा लाभ एवं विभव लाभ के व्यंजक भी निगमित कीजिए।</p>,Long Answer,5,2018,,,,,,,,,,,,,,,,
Board,Class 12th,Hindi,Physics,"Semiconductor Electronics: Materials, Devices and Simple Circuits",14,"<p>Q. NAND एवं NOT गेट्स से आप AND, OR और NOR गेट कैसे प्राप्त करेंगे ? संकेत, बूलियन सूत्र एवं सत्यता सारणी लिखिए।</p>",Long Answer,5,2018,,,,,,,,,,,,,,,,
Board,Class 12th,Hindi,Physics,Current Electricity,3,<p>Q. विभवमापी को एक _____ वॉल्टमीटर कहते है।</p>,Fill in the Blanks,1,2018,,,,,,,,,,,,,,,,
Board,Class 12th,Hindi,Physics,Ray Optics and Optical Instruments,9,<p>Q. सघन माध्यम में प्रकाश की चाल विरल माध्यम की अपेक्षा _____ होती है।</p>,Fill in the Blanks,1,2018,,,,,,,,,,,,,,,,
Board,Class 12th,Hindi,Physics,Ray Optics and Optical Instruments,9,<p>Q. गैलीलियो दूरदर्शी में नेत्रिका लेंस एक _____ लेंस होता है।</p>,Fill in the Blanks,1,2018,,,,,,,,,,,,,,,,
Board,Class 12th,Hindi,Physics,Dual Nature of Radiation and Matter,11,<p>Q. फोटान की अभिधाणा सबसे पहले _____ ने वी थी।</p>,Fill in the Blanks,1,2018,,,,,,,,,,,,,,,,
Board,Class 12th,Hindi,Physics,Electric Charges and Fields,1,<p>Q. इलेक्ट्रॉन पर आवेश = _____ लूँगॉम।</p>,Fill in the Blanks,1,2018,,,,,,,,,,,,,,,,
Board,Class 12th,Hindi,Physics,Current Electricity,3,<p>Q. इलेक्ट्रॉन का प्रवाह किस दिशा में होता है : कम विभव से अधिक विभव की ओर अथवा अधिक विभव से कम विभव की ओर ?</p>,Long Answer,5,2018,,,,,,,,,,,,,,,,
Board,Class 12th,Hindi,Physics,Wave Optics,10,<p>Q. प्रकाश के विवर्तन की घटना को कब देखा जा सकता है ?</p>,Short Answer,3,2018,,,,,,,,,,,,,,,,
Board,Class 12th,Hindi,Physics,Ray Optics and Optical Instruments,9,<p>Q. प्रकाश का पूर्ण आन्तरिक परावर्तन कब सम्भव है ?</p>,Short Answer,3,2018,,,,,,,,,,,,,,,,
Board,Class 12th,Hindi,Physics,"Semiconductor Electronics: Materials, Devices and Simple Circuits",14,<p>Q. किसी शुद्ध अर्ध-चालक का ताप बढ़ाने पर उसकी विद्युत चालकता पर क्या प्रभाव पड़ता है ?</p>,Short Answer,3,2018,,,,,,,,,,,,,,,,
Board,Class 12th,Hindi,Physics,Current Electricity,3,<p>Q. एक तार का विशिष्ट प्रतिरोध या प्रतिरोधकता निर्भर करता है : (i) लम्बाई पर (ii) व्यास पर (iii) द्रव्यमान पर (iv) पदार्थ पर</p>,Multiple Choice Question,1,2019,,,,,,,,,,,,,,,,
Board,Class 12th,Hindi,Physics,Atoms,12,<p>Q. परमाणु होता है : (i) धनावेशित (ii) ऋणावेशित (iii) अनावेशित (iv) निश्चित नहीं</p>,Multiple Choice Question,1,2019,,,,,,,,,,,,,,,,
Board,Class 12th,Hindi,Physics,Dual Nature of Radiation and Matter,11,<p>Q. 1 ग्राम पदार्थ के समतुल्य ऊर्जा होगी : (i) \(9 \times 10^{6}\) जूल (ii) \(3 \times 10^{13}\) जूल (iii) \(3 \times 10^{6}\) जूल (iv) \(9 \times 10^{13}\) जूल</p>,Multiple Choice Question,1,2019,,,,,,,,,,,,,,,,
Board,Class 12th,Hindi,Physics,"Semiconductor Electronics: Materials, Devices and Simple Circuits",14,<p>Q. P-N संधि डायोड में अवक्षय वर्त में होते हैं (i) इलेक्ट्रॉन (ii) प्रोटॉन (iii) निश्चल आयन (iv) गतिशील आयन</p>,Multiple Choice Question,1,2019,,,,,,,,,,,,,,,,
Board,Class 12th,Hindi,Physics,Electromagnetic Waves,8,"<p>Q. ध्वनि तरंगों को विद्युत तरंगों में बदलकर सीधे प्रेषित नहीं किया जा सकता है, क्योंकि : (i) वे ध्वनि की चाल से कर करती हैं । (ii) उनकी आवृत्ति नियत नहीं रहती हैं । (iii) उनके गमन के लिए अति उच्च लम्बाई का ऐण्टिना लेना होगा । (iv) उनकी ऊर्जा बहुत अधिक होती है ।</p>",Multiple Choice Question,1,2019,,,,,,,,,,,,,,,,
Board,Class 12th,Hindi,Physics,Electromagnetic Waves,8,<p>Q. विद्युत चुम्बकीय तरंगें ____ तरंगें होती हैं ।</p>,Fill in the Blanks,1,2019,,,,,,,,,,,,,,,,
Board,Class 12th,Hindi,Physics,Dual Nature of Radiation and Matter,11,<p>Q. प्रत्येक गतिमान कण के साथ एक ____ सम्बद्ध होती है ।</p>,Fill in the Blanks,1,2019,,,,,,,,,,,,,,,,
Board,Class 12th,Hindi,Physics,"Semiconductor Electronics: Materials, Devices and Simple Circuits",14,<p>Q. किसी अर्द्धचालक का प्रतिरोध अशुद्धि मिलाने पर ____ जाता है ।</p>,Fill in the Blanks,1,2019,,,,,,,,,,,,,,,,
Board,Class 12th,Hindi,Physics,"Semiconductor Electronics: Materials, Devices and Simple Circuits",14,<p>Q. N -प्रकार के अर्द्धचालक में बहुसंख्यक आवेशवाहक ____ होते हैं ।</p>,Fill in the Blanks,1,2019,,,,,,,,,,,,,,,,
Board,Class 12th,Hindi,Physics,Electromagnetic Induction,6,<p>Q. मूल आवेश का मान कितना होता है ?</p>,One Word Answer,1,2019,,,,,,,,,,,,,,,,
Board,Class 12th,Hindi,Physics,Magnetism and Matter,5,<p>Q. विद्युत चुम्बक किस पदार्थ के बनाए जाते हैं ?</p>,Very Short Answer,2,2019,,,,,,,,,,,,,,,,
Board,Class 12th,Hindi,Physics,Electromagnetic Induction,6,<p>Q. स्वप्रेरकत्व का मात्रक क्या है ?</p>,One Word Answer,1,2019,,,,,,,,,,,,,,,,
Board,Class 12th,Hindi,Physics,Wave Optics,10,<p>Q. दृश्य तरंगों का तरंगदैर्ध्य परास लिखिए ।</p>,Very Short Answer,2,2019,,,,,,,,,,,,,,,,
Board,Class 12th,Hindi,Physics,Electromagnetic Waves,8,<p>Q. एक्स किरणें किसे कहते हैं ? इनके दो उपयोग लिखिए ।</p>,Very Short Answer,2,2019,,,,,,,,,,,,,,,,
Board,Class 12th,Hindi,Physics,Electromagnetic Waves,8,<p>Q. विद्युत चुम्बकीय वर्णक्रम में उपस्थित तरंगों को उनके बढ़ते तरंगदैर्ध्य के क्रम में लिखिए ।</p>,Very Short Answer,2,2019,,,,,,,,,,,,,,,,
Board,Class 12th,Hindi,Physics,Dual Nature of Radiation and Matter,11,<p>Q. 6.0×10¹⁴ हर्ट्ज आवृत्ति का एकवर्णी प्रकाश किसी लेजर द्वारा उत्पन्न किया जाता है । इस प्रकाश किरण पुंज में किसी फोटॉन की ऊर्जा कितनी है ? (h=\(6.63 \times 10^{-34}\) JS)</p>,Numerical Answer,3,2019,,,,,,,,,,,,,,,,
Board,Class 12th,Hindi,Physics,Electromagnetic Waves,8,<p>Q. व्योम तरंग संचरण किसे कहते हैं ?</p>,Very Short Answer,2,2019,,,,,,,,,,,,,,,,
Board,Class 12th,Hindi,Physics,Current Electricity,3,"<p>Q. तीन प्रतिरोधों \( r_1, r_2 \) एवं \( r_3 \) को समान्तर क्रम में जोड़ा गया है । परिपथ आरेख खींचकर संयोजन के तुल्य प्रतिरोध का व्यंजक निगमित कीजिए ।</p>",Short Answer,3,2019,,,,,,,,,,,,,,,,
Board,Class 12th,Hindi,Physics,Current Electricity,3,<p>Q. सामर्थ्य 50 वॉट एवं 200 वॉट के दो बल्बों के प्रतिरोधों की तुलना कीजिए यदि इनकी वोल्टता समान है ।</p>,Numerical Answer,3,2019,,,,,,,,,,,,,,,,
Board,Class 12th,Hindi,Physics,Current Electricity,3,<p>Q. किसी सेल के लिए विद्युतवाहक बल विभवान्तर एवं आंतरिक प्रतिरोध में संबंध स्थापित कीजिए ।</p>,Short Answer,3,2019,,,,,,,,,,,,,,,,
Board,Class 12th,Hindi,Physics,Ray Optics and Optical Instruments,9,<p>Q. एक वस्तु 20 सेन्टीमीटर वक्रता त्रिज्या के अवतल दर्पण से 10 सेन्टीमीटर दूरी पर रखी है । प्रतिबिम्ब की स्थिति प्रकृति एवं आवर्धन परिकलित कीजिए ।</p>,Numerical Answer,3,2019,,,,,,,,,,,,,,,,
Board,Class 12th,Hindi,Physics,Ray Optics and Optical Instruments,9,<p>Q. किसी उभयोत्तल लेंस के दो फलकों की वक्रता त्रिज्याएँ क्रमशः 10 सेन्टीमीटर तथा 15 सेन्टीमीटर हैं तथा उसकी फोकस दूरी 12 सेन्टीमीटर है । लेंस के काँच का अपवर्तनांक ज्ञात कीजिए ।</p>,Numerical Answer,3,2019,,,,,,,,,,,,,,,,
Board,Class 12th,Hindi,Physics,Current Electricity,3,<p>Q. व्हीटस्टोन सेतु का सिद्धान्त लिखकर व्हीटस्टोन सेतु के संतुलन की आवश्यक शर्त निकालिए ।</p>,Long Answer,5,2019,,,,,,,,,,,,,,,,
Board,Class 12th,Hindi,Physics,Moving Charges and Magnetism,4,<p>Q. किसी धारावाही चालक के एक अल्पांश द्वारा उत्पन्न चुम्बकीय क्षेत्र के लिए बायो-सावार्ट के नियम को समझाइए तथा इसके आधार पर धारा के SI मात्रक ऐम्पियर की परिभाषा लिखिए ।</p>,Long Answer,5,2019,,,,,,,,,,,,,,,,
Board,Class 12th,Hindi,Physics,Magnetism and Matter,5,<p>Q. विद्युत चुम्बक एवं स्थायी चुम्बक में चार अंतर लिखिए ।</p>,Long Answer,5,2019,,,,,,,,,,,,,,,,
Board,Class 12th,Hindi,Physics,Electromagnetic Induction,6,<p>Q. विद्युत चुम्बकीय प्रेरण संबंधी लेंज का नियम लिखिए एवं समझाइए कि कैसे लेंज का नियम ऊर्जा संरक्षण नियम के अनुकूल है ।</p>,Short Answer,3,2019,,,,,,,,,,,,,,,,
Board,Class 12th,Hindi,Physics,Alternating Current,7,<p>Q. एक प्रत्यावर्ती धारा परिपथ में केवल एक संधारित्र लगा है । परिपथ आरेख बनाइए एवं धारा कलान्तर एवं धारितीय प्रतिघात ज्ञात कीजिए ।</p>,Long Answer,5,2019,,,,,,,,,,,,,,,,
Board,Class 12th,Hindi,Physics,Alternating Current,7,<p>Q. An alternating current circuit contains only a capacitor. Draw a circuit diagram and derive current phase difference and capacitive reactance.</p>,Long Answer,5,2019,,,,,,,,,,,,,,,,
Board,Class 12th,Hindi,Physics,Ray Optics and Optical Instruments,9,<p>Q. उत्तल लेंस के लिए सूत्र \( \frac{1}{f} = \frac{1}{v} - \frac{1}{u} \) की स्थापना कीजिए जहाँ प्रतीकों के सामान्य अर्थ हैं ।</p>,Long Answer,5,2019,,,,,,,,,,,,,,,,
Board,Class 12th,Hindi,Physics,Ray Optics and Optical Instruments,9,<p>Q. सरल सूक्ष्मदर्शी का नामांकित चित्र बनाइए तथा इसकी आवर्धन क्षमता के लिए सूत्र स्थापित कीजिए जबकि अंतिम प्रतिबिम्ब \( (i) \) अनन्त पर \( (ii) \) स्पष्ट द्रष्टि की न्यूनतम दूरी पर बनता है।</p>,Long Answer,5,2019,,,,,,,,,,,,,,,,
Board,Class 12th,Hindi,Physics,Wave Optics,10,<p>Q. हाइगेन का द्वितीयक तरंगिकाओं का सिद्धान्त समझाइए ।</p>,Short Answer,3,2019,,,,,,,,,,,,,,,,
Board,Class 12th,Hindi,Physics,Wave Optics,10,<p>Q. यंग के द्विस्लिट प्रयोग में फ्रिन्ज चौड़ाई का व्यंजक ज्ञात कीजिए ।</p>,Short Answer,3,2019,,,,,,,,,,,,,,,,
Board,Class 12th,Hindi,Physics,Atoms,12,<p>Q. बोर के परमाणु मॉडल की अभिकल्पनाएँ लिखिए ।</p>,Short Answer,3,2019,,,,,,,,,,,,,,,,
Board,Class 12th,Hindi,Physics,Nuclei,13,<p>Q. नाभिकीय संलयन किसे कहते हैं ? क्या कारण है कि नाभिकीय संलयन केवल उच्च ताप एवं उच्च दाब पर ही सम्भव है ?</p>,Short Answer,3,2019,,,,,,,,,,,,,,,,
Board,Class 12th,Hindi,Physics,Electrostatic Potential and Capacitance,2,<p>Q. संधारित्रों का श्रेणी क्रम एवं समान्तर क्रम संयोजन परिपथ आरेख बनाकर समझाइए तथा दोनों प्रकार के संयोजनों के लिए तुल्य धारिताओं के व्यंजक ज्ञात कीजिए ।</p>,Long Answer,5,2019,,,,,,,,,,,,,,,,
Board,Class 12th,Hindi,Physics,Electric Charges and Fields,1,<p>Q. किसी विद्युत क्षेत्र में स्थित किसी बन्द पृष्ठ के लिए गॉस का नियम लिखिए तथा इसे सिद्ध कीजिए ।</p>,Long Answer,5,2019,,,,,,,,,,,,,,,,
Board,Class 12th,Hindi,Physics,Electromagnetic Induction,6,<p>Q. एकसमान चुम्बकीय क्षेत्र में गतिमान किसी चालक छड़ के सिरों में प्रेरित विद्युतवाहक बल के लिए व्यंजक ज्ञात कीजिए ।</p>,Short Answer,3,2019,,,,,,,,,,,,,,,,
Board,Class 12th,Hindi,Physics,Alternating Current,7,<p>Q. निम्न बिन्दुओं के आधार पर ट्रान्सफॉर्मर की व्याख्या कीजिए : (i) नामांकित रेखाचित्र (ii) सिद्धान्त (iii) परिणमन अनुपात का सूत्र (iv) ट्रान्सफॉर्मर में ऊर्जा क्षय के कोई दो कारण</p>,Long Answer,5,2019,,,,,,,,,,,,,,,,
Board,Class 12th,Hindi,Physics,"Semiconductor Electronics: Materials, Devices and Simple Circuits",14,<p>Q. लॉजिक गेट किन्हे कहते हैं ? OR AND NOT एवं NAND गेट के संकेत एवं सत्यता सारणी बनाइए।</p>,Long Answer,5,2019,,,,,,,,,,,,,,,,
Board,Class 12th,Hindi,Physics,"Semiconductor Electronics: Materials, Devices and Simple Circuits",14,<p>Q. N एवं P प्रकार के अर्द्धचालकों को परिभाषित कीजिए । P-N संधि डायोड की कार्यविधि अग्र अभिनति एवं पश्च अभिनति में विद्युत आरेख खींचकर समझाइए ।</p>,Long Answer,5,2019,,,,,,,,,,,,,,,,
Board,Class 12th,Hindi,Physics,Electric Charges and Fields,1,<p>Q. विद्युत द्विध्रुव आघूर्ण का मात्रक है</p>,True False,1,2020,,,,,,,,,,,,,,,,
Board,Class 12th,Hindi,Physics,Wave Optics,10,<p>Q. तरंग सदिश को व्यक्त किया जाता है</p>,True False,1,2020,,,,,,,,,,,,,,,,
Board,Class 12th,Hindi,Physics,Ray Optics and Optical Instruments,9,<p>Q. शुद्ध जल के लिए निरपेक्ष अपवर्तनांक का मान होता है</p>,One Word Answer,1,2020,,,,,,,,,,,,,,,,
Board,Class 12th,Hindi,Physics,Atoms,12,<p>Q. परमाणु क्रमांक से तात्पर्य है</p>,Very Short Answer,2,2020,,,,,,,,,,,,,,,,
Board,Class 12th,Hindi,Physics,"Semiconductor Electronics: Materials, Devices and Simple Circuits",14,<p>Q. n प्रकार के अर्द्धचालकों में पाये जाते हैं</p>,One Word Answer,1,2020,,,,,,,,,,,,,,,,
Board,Class 12th,Hindi,Physics,Current Electricity,3,<p>Q. धारा घनत्व का S.I. पद्धति में मॉत्रक _____ है</p>,Fill in the Blanks,1,2020,,,,,,,,,,,,,,,,
Board,Class 12th,Hindi,Physics,Electrostatic Potential and Capacitance,2,<p>Q. इलेक्ट्रान के विशिष्ट आवेश का मान S.I. पद्धति में _____ कूलॉम / कि.ग्रा. होता है</p>,Fill in the Blanks,1,2020,,,,,,,,,,,,,,,,
Board,Class 12th,Hindi,Physics,Atoms,12,<p>Q. हाइड्रोजन परमाणु की निम्नतम अवस्था में इलेक्ट्रान की ऊर्जा _____ इलेक्ट्रान वोल्ट होती है</p>,Fill in the Blanks,1,2020,,,,,,,,,,,,,,,,
Board,Class 12th,Hindi,Physics,"Semiconductor Electronics: Materials, Devices and Simple Circuits",14,<p>Q. सिलीकॉन परमाणु की बाह्यतम कक्षा में _____ इलेक्ट्रान पाये जाते हैं</p>,Fill in the Blanks,1,2020,,,,,,,,,,,,,,,,
Board,Class 12th,Hindi,Physics,Moving Charges and Magnetism,4,<p>Q. चुम्बकीय क्षेत्र में गतिशील आवेशित कण पर लगने वाले बल को क्या कहते हैं?</p>,One Word Answer,1,2020,,,,,,,,,,,,,,,,
Board,Class 12th,Hindi,Physics,Ray Optics and Optical Instruments,9,<p>Q. संयुक्त सूक्ष्मदर्शी के अभिदृश्यक की आवर्धन क्षमता \(6\) तथा नेत्रिका की आवर्धन क्षमता \(5\) है । कुल आवर्धन क्षमता का मान बताइये</p>,Numerical Answer,3,2020,,,,,,,,,,,,,,,,
Board,Class 12th,Hindi,Physics,Dual Nature of Radiation and Matter,11,<p>Q. विकिरण की ऊर्जा तथा आवृत्ति में सम्बन्ध लिखिए</p>,Short Answer,3,2020,,,,,,,,,,,,,,,,
Board,Class 12th,Hindi,Physics,Atoms,12,<p>Q. बीटा कण पर उपस्थित आवेश का मान बताइये</p>,One Word Answer,1,2020,,,,,,,,,,,,,,,,
Board,Class 12th,Hindi,Physics,"Semiconductor Electronics: Materials, Devices and Simple Circuits",14,<p>Q. धातुओं के लिए ऊर्जा अंतराल का मान बताइये</p>,One Word Answer,1,2020,,,,,,,,,,,,,,,,
Board,Class 12th,Hindi,Physics,Electromagnetic Waves,8,<p>Q. गामा किरणों का स्रोत बताइये तथा उपयोग लिखिए</p>,Short Answer,3,2020,,,,,,,,,,,,,,,,
Board,Class 12th,Hindi,Physics,Electromagnetic Waves,8,<p>Q. विस्थापन धारा किसे कहते हैं ? इसका व्यंजक लिखिए</p>,Short Answer,3,2020,,,,,,,,,,,,,,,,
Board,Class 12th,Hindi,Physics,"Semiconductor Electronics: Materials, Devices and Simple Circuits",14,<p>Q. निरोधी विभव किसे कहते हैं?</p>,Very Short Answer,2,2020,,,,,,,,,,,,,,,,
Board,Class 12th,Hindi,Physics,"Semiconductor Electronics: Materials, Devices and Simple Circuits",14,<p>Q. प्रकाश विद्युत सेल के कोई 02 अनुप्रयोग लिखिए</p>,Very Short Answer,2,2020,,,,,,,,,,,,,,,,
Board,Class 12th,Hindi,Physics,Atoms,12,<p>Q. हाइड्रोजन परमाणु के लाइन स्पेक्ट्रम में उपस्थित पाँचों स्पेक्ट्रमी श्रेणियों के नाम लिखिए</p>,Very Short Answer,2,2020,,,,,,,,,,,,,,,,
Board,Class 12th,Hindi,Physics,Atoms,12,<p>Q. परमाणु के नाभिकीय मॉडल की खोज किसने की ? उनके द्वारा किये गये प्रयोग का नाम लिखिए</p>,Short Answer,3,2020,,,,,,,,,,,,,,,,
Board,Class 12th,Hindi,Physics,"Semiconductor Electronics: Materials, Devices and Simple Circuits",14,<p>Q. प्रतिरोध तापमापी का 0°C पर प्रतिरोध 6Ω है । 100°C पर प्रतिरोध 7Ω है । अज्ञात ताप पर प्रतिरोध का मान 8Ω है तो अज्ञात ताप की गणना कीजिए।</p>,Numerical Answer,3,2020,,,,,,,,,,,,,,,,
Board,Class 12th,Hindi,Physics,Current Electricity,3,<p>Q. 4 ओम 4 ओम तथा 3 ओम के तीन प्रतिरोध एक 10 वोल्ट की बैट्री के साथ चित्र में दर्शाये अनुसार जुड़े हैं । परिपथ का तुल्य प्रतिरोध तथा बैट्री से प्राप्त धारा के मान की गणना कीजिए</p>,Numerical Answer,3,2020,,,,,,,,,,,,,,,,
Board,Class 12th,Hindi,Physics,Current Electricity,3,<p>Q. चालक के प्रतिरोध एवं विशिष्ट प्रतिरोध में तुलना कीजिए</p>,Short Answer,3,2020,,,,,,,,,,,,,,,,
Board,Class 12th,Hindi,Physics,Current Electricity,3,<p>Q. मीटर सेतु का नामांकित चित्र बनाइये । यह किस सिद्धान्त पर कार्य करता है?</p>,Short Answer,3,2020,,,,,,,,,,,,,,,,
Board,Class 12th,Hindi,Physics,Ray Optics and Optical Instruments,9,<p>Q. पूर्ण आंतरिक परावर्तन की शर्तें लिखिए । कोई दो अनुप्रयोग लिखिए</p>,Short Answer,3,2020,,,,,,,,,,,,,,,,
Board,Class 12th,Hindi,Physics,Ray Optics and Optical Instruments,9,<p>Q. संपर्क में रखे दो पतले लैंसों की संयुक्त फोकस दूरी का व्यंजक ज्ञात कीजिए।</p>,Short Answer,3,2020,,,,,,,,,,,,,,,,
Board,Class 12th,Hindi,Physics,Moving Charges and Magnetism,4,<p>Q. बायो-सेवर्ट का नियम लिखिए । इसके माध्यम से एकांक विद्युत धारा को परिभाषिंत कीजिए।</p>,Long Answer,5,2020,,,,,,,,,,,,,,,,
Board,Class 12th,Hindi,Physics,Magnetism and Matter,5,<p>Q. भूचुम्बकीय अवयव कौन-कौन से हैं ? इनमें आपस में सम्बन्ध स्थापित कीजिए</p>,Short Answer,3,2020,,,,,,,,,,,,,,,,
Board,Class 12th,Hindi,Physics,Electromagnetic Induction,6,<p>Q. चुम्बकीय फ्लक्स किसे कहते हैं ? इसका मात्रक बताइये तथा फैराडे के विद्युत चुम्बकीय प्रेरण के नियम लिखिए</p>,Long Answer,5,2020,,,,,,,,,,,,,,,,
Board,Class 12th,Hindi,Physics,Electromagnetic Induction,6,<p>Q. स्व प्रेरकत्व किसे कहते हैं ? स्व प्रेरण गुणांक का मात्रक लिखिए। किसी धारावाही कुण्डली में संचित ऊर्जा का व्यंजक ज्ञात कीजिए</p>,Long Answer,5,2020,,,,,,,,,,,,,,,,
Board,Class 12th,Hindi,Physics,Wave Optics,10,<p>Q. प्रकाश के व्यतिकरण से आप क्या समझते हैं ? फ्रिंज चौड़ाई को प्रभावित करने वाले कारक लिखिए</p>,Short Answer,3,2020,,,,,,,,,,,,,,,,
Board,Class 12th,Hindi,Physics,Wave Optics,10,<p>Q. ध्रुवण किसे कहते हैं ? इसके लिए ब्रुस्टर का नियम लिखिए</p>,Short Answer,3,2020,,,,,,,,,,,,,,,,
Board,Class 12th,Hindi,Physics,Ray Optics and Optical Instruments,9,<p>Q. 40 सेमी वक्रता त्रिज्या के अवतल दर्पण के सम्मुख 40 सेमी की दूरी पर 5 सेमी लम्बाई की एक वस्तु रखी है । प्रतिबिम्ब की दर्पण से दूरी तथा आकार बताइये</p>,Numerical Answer,3,2020,,,,,,,,,,,,,,,,
Board,Class 12th,Hindi,Physics,Ray Optics and Optical Instruments,9,<p>Q. एक समतल उत्तल लैंस की वक्रता त्रिज्या 20 सेमी है । काँच का अपवर्तनांक 1.5 है । फोकस दूरी की गणना कीजिए।</p>,Numerical Answer,3,2020,,,,,,,,,,,,,,,,
Board,Class 12th,Hindi,Physics,Ray Optics and Optical Instruments,9,<p>Q. A 5 cm long object is placed in front of a concave mirror of radius of curvature 40 cm. The distance of object from mirror is 40 cm. Find the distance and size of the image.</p>,Numerical Answer,3,2020,,,,,,,,,,,,,,,,
Board,Class 12th,Hindi,Physics,Nuclei,13,<p>Q. रेडियो एक्टिवता किसे कहते हैं ? रेडियो एक्टिव क्षय के नियम लिखिए</p>,Short Answer,3,2020,,,,,,,,,,,,,,,,
Board,Class 12th,Hindi,Physics,Nuclei,13,<p>Q. नाभिकीय विखण्डन से आप क्या समझते हैं ? समीकरण की सहायता से व्याख्या कीजिए</p>,Short Answer,3,2020,,,,,,,,,,,,,,,,
Board,Class 12th,Hindi,Physics,Electric Charges and Fields,1,<p>Q. विद्युत द्विध्रुव किसे कहते हैं ? किसी विद्युत द्विध्रुव के कारण अक्षीय स्थिति में स्थित किसी बिन्दु पर विद्युत क्षेत्र की तीव्रता का व्यंजक ज्ञात करो</p>,Short Answer,3,2020,,,,,,,,,,,,,,,,
Board,Class 12th,Hindi,Physics,Electrostatic Potential and Capacitance,2,<p>Q. समानान्तर प्लेट संधारित्र की धारिता का व्यंजक ज्ञात कीजिए। यदि दोनों प्लेटों के मध्य परावैद्युत माध्यम रख दिया जावे तो विद्युत धारिता पर क्या प्रभाव पड़ेगा?</p>,Short Answer,3,2020,,,,,,,,,,,,,,,,
Board,Class 12th,Hindi,Physics,Alternating Current,7,<p>Q. निम्न बिन्दुओं पर ट्रांसफार्मर का वर्णन कीजिए (1) ट्रांसफार्मर के प्रकार (2) नामांकित चित्र (3) सिद्धान्त (4) कोई 2 अनुप्रयोग</p>,Long Answer,5,2020,,,,,,,,,,,,,,,,
Board,Class 12th,Hindi,Physics,Alternating Current,7,<p>Q. जनित्र किसे कहते हैं ? प्रत्यावर्ती धारा जनित्र का रेखाचित्र बनाकर कार्यविधि का वर्णन कीजिए।</p>,Long Answer,5,2020,,,,,,,,,,,,,,,,
Board,Class 12th,Hindi,Physics,"Semiconductor Electronics: Materials, Devices and Simple Circuits",14,<p>Q. दिष्टकारी किसे कहते हैं ? ये कितने प्रकार के होते हैं ? pn संधि डायोड का अर्द्धतरंग दिष्टकारी के रूप में वर्णन करो</p>,Long Answer,5,2020,,,,,,,,,,,,,,,,
Board,Class 12th,Hindi,Physics,"Semiconductor Electronics: Materials, Devices and Simple Circuits",14,<p>Q. NAND गेट किसे कहते हैं ? इसका संकेत बनाइये । सत्यमान सारणी लिखिए तथा निर्गत मान को तरंग रूप में प्रदर्शित कीजिए</p>,Long Answer,5,2020,,,,,,,,,,,,,,,,
Board,Class 12th,Hindi,Physics,"Semiconductor Electronics: Materials, Devices and Simple Circuits",14,<p>Q. किस उपकरण का उपयोग वोल्टेज नियंत्रक के रूप में किया जाता है ? (i) ट्रांसफार्मर (ii) ट्रांजिस्टर (iii) जेनर डायोड (iv) प्रकाश डायोड</p>,Multiple Choice Question,1,2022,,,,,,,,,,,,,,,,
Board,Class 12th,Hindi,Physics,"Semiconductor Electronics: Materials, Devices and Simple Circuits",14,<p>Q. ओमीय प्रतिरोध है : (i) ट्रांजिस्टर (ii) तांबे का तार (iii) प्रकाश उत्सर्जक डायोड (iv) संधि डायोड</p>,Multiple Choice Question,1,2022,,,,,,,,,,,,,,,,
Board,Class 12th,Hindi,Physics,Ray Optics and Optical Instruments,9,"<p>Q. संयुक्त सूक्ष्मदर्शी में नेत्रिका की फोकस दूरी, अभिदृश्यक की फोकस दूरी : (i) \( f_1 \) से कम होती है। (ii) \( f_1 \) से अधिक होती है। (iii) \( f_1 \) के बराबर होती है। (iv) इनमें से कोई नहीं</p>",Multiple Choice Question,1,2022,,,,,,,,,,,,,,,,
Board,Class 12th,Hindi,Physics,Electric Charges and Fields,1,<p>Q. एक प्रोटॉन में न्यूनतम आवेश होता है : (i) \(1.6 \times 10^{-6} \mathrm{C}\) (ii) \(1.6 \times 10^{-10} \mathrm{C}\) (iii) \(1.6 \times 10^{-19} \mathrm{C}\) (iv) \(6.02 \times 10^{23} \mathrm{C}\)</p>,Multiple Choice Question,1,2022,,,,,,,,,,,,,,,,
Board,Class 12th,Hindi,Physics,Electromagnetic Induction,6,<p>Q. किसी कुण्डली का स्वप्रेरकत्व निर्भर नहीं करता है : (i) कुण्डली की लम्बाई पर (ii) कुण्डली में प्रवाहित धारा पर (iii) कुण्डली की त्रिज्या पर (iv) कुण्डली में फेरों की संख्या पर</p>,Multiple Choice Question,1,2022,,,,,,,,,,,,,,,,
Board,Class 12th,Hindi,Physics,Alternating Current,7,<p>Q. ट्रांसफार्मर किस सिद्धांत पर आधारित होता है ? (i) स्वप्रेरण (ii) अन्योन्य प्रेरण (iii) विद्युत चुम्बकीय तरंगों (iv) इनमें से कोई नहीं</p>,Multiple Choice Question,1,2022,,,,,,,,,,,,,,,,
Board,Class 12th,Hindi,Physics,Electromagnetic Waves,8,<p>Q. विद्युत चुम्बकीय तरंगे उत्पन्न होती हैं : (i) त्वरित आवेश से (ii) स्थिर आवेश से (iii) एकसमान वेग से गतिमान आवेश से (iv) धारावाही चालक से</p>,Multiple Choice Question,1,2022,,,,,,,,,,,,,,,,
Board,Class 12th,Hindi,Physics,Electromagnetic Waves,8,<p>Q. सबसे अधिक आवृत्ति की विद्युत चुम्बकीय तरंगे _____</p>,Fill in the Blanks,1,2022,,,,,,,,,,,,,,,,
Board,Class 12th,Hindi,Physics,Moving Charges and Magnetism,4,<p>Q. The behavior of Solenoid like as ____.</p>,Fill in the Blanks,1,2022,,,,,,,,,,,,,,,,
Board,Class 12th,Hindi,Physics,Ray Optics and Optical Instruments,9,<p>Q. जल के अंदर वायु का बुलबुला _____ लेंस की भांति व्यवहार करता है।</p>,Fill in the Blanks,1,2022,,,,,,,,,,,,,,,,
Board,Class 12th,Hindi,Physics,"Semiconductor Electronics: Materials, Devices and Simple Circuits",14,<p>Q. NAND गेट का बूलियन व्यंजक \( \overline{A \cdot B} \) है।</p>,Fill in the Blanks,1,2022,,,,,,,,,,,,,,,,
Board,Class 12th,Hindi,Physics,Wave Optics,10,<p>Q. आकाश का नीला दिखाई देने का कारण _____</p>,Fill in the Blanks,1,2022,,,,,,,,,,,,,,,,
Board,Class 12th,Hindi,Physics,Current Electricity,3,<p>Q. विद्युत परिपथ में वोल्टमीटर को सदैव _____ जोड़ते हैं।</p>,Fill in the Blanks,1,2022,,,,,,,,,,,,,,,,
Board,Class 12th,Hindi,Physics,Current Electricity,3,<p>Q. ओम के नियम की कोई दो सीमाएँ लिखिए</p>,Very Short Answer,2,2022,,,,,,,,,,,,,,,,
Board,Class 12th,Hindi,Physics,Current Electricity,3,<p>Q. किरचॉफ का वोल्टता का नियम लिखिए।</p>,Short Answer,3,2022,,,,,,,,,,,,,,,,
Board,Class 12th,Hindi,Physics,Moving Charges and Magnetism,4,<p>Q. लॉरेंज बल किसे कहते हैं ?</p>,Very Short Answer,2,2022,,,,,,,,,,,,,,,,
Board,Class 12th,Hindi,Physics,Current Electricity,3,<p>Q. एक ऐम्पियर को परिभाषित कीजिए।</p>,Very Short Answer,2,2022,,,,,,,,,,,,,,,,
Board,Class 12th,Hindi,Physics,Wave Optics,10,"<p>Q. एक पारदर्शक माध्यम का ध्रुवण कोण \(30^{\circ}\) है, तो अपवर्तन कोण का मान ज्ञात कीजिये।</p>",Short Answer,3,2022,,,,,,,,,,,,,,,,
Board,Class 12th,Hindi,Physics,Wave Optics,10,"<p>Q. एक दूरदर्शी के अभिदृश्यक लेंस का व्यास 1 मीटर है। प्रकाश की तरंगदैर्घ्य \( 4538 \, \text{Å} \) के लिए विभेदन क्षमता की गणना कीजिए।</p>",Numerical Answer,3,2022,,,,,,,,,,,,,,,,
Board,Class 12th,Hindi,Physics,Electromagnetic Induction,6,<p>Q. विद्युत चुम्बकीय प्रेरण के लिए फैराडे का दूसरा नियम लिखिए</p>,Very Short Answer,2,2022,,,,,,,,,,,,,,,,
Board,Class 12th,Hindi,Physics,Electric Charges and Fields,1,<p>Q. सिद्ध कीजिए कि विद्युत क्षेत्र के किसी समान्तर पृष्ठ से गुजरने वाला विद्युत फ्लक्स का मान शून्य होता है ?</p>,Short Answer,3,2022,,,,,,,,,,,,,,,,
Board,Class 12th,Hindi,Physics,Electric Charges and Fields,1,<p>Q. किसी आवेशित चालक के अंदर विद्युत क्षेत्र एवं विद्युत विभव को स्पष्ट कीजिए।</p>,Short Answer,3,2022,,,,,,,,,,,,,,,,
Board,Class 12th,Hindi,Physics,Ray Optics and Optical Instruments,9,<p>Q. किसी माध्यम का अपवर्तनांक कौन से कारकों पर निर्भर करता है ? (कोई दो)</p>,Very Short Answer,2,2022,,,,,,,,,,,,,,,,
Board,Class 12th,Hindi,Physics,Dual Nature of Radiation and Matter,11,<p>Q. द्रव्य तरंगों के कोई दो गुण लिखिए।</p>,Very Short Answer,2,2022,,,,,,,,,,,,,,,,
Board,Class 12th,Hindi,Physics,"Semiconductor Electronics: Materials, Devices and Simple Circuits",14,<p>Q. NAND गेट की सत्यता सारणी बनाइये एवं समझाइये।</p>,Short Answer,3,2022,,,,,,,,,,,,,,,,
Board,Class 12th,Hindi,Physics,"Semiconductor Electronics: Materials, Devices and Simple Circuits",14,<p>Q. N -प्रकार एवं P -प्रकार के अर्द्धचालक में अंतर लिखिए। (कोई दो)</p>,Very Short Answer,2,2022,,,,,,,,,,,,,,,,
Board,Class 12th,Hindi,Physics,Current Electricity,3,<p>Q. किसी विद्युत परिपथ में प्रतिरोध \( R_{1} \) व \( R_{2} \) समांतर क्रम में जुड़े होने पर सिद्ध कीजिए कि तुल्य प्रतिरोध \( R_{eq}=\frac{R_{1} R_{2}}{R_{1}+R_{2}} \).</p>,Short Answer,3,2022,,,,,,,,,,,,,,,,
Board,Class 12th,Hindi,Physics,Current Electricity,3,<p>Q. मीटर सेतु का नामांकित चित्र बनाइये। यह किस सिद्धान्त पर कार्य करता है ? कोई दो सावधानियाँ लिखिए।</p>,Long Answer,5,2022,,,,,,,,,,,,,,,,
Board,Class 12th,Hindi,Physics,Current Electricity,3,<p>Q. विद्युत परिपथ की सहायता से विभवमापी का सिद्धान्त समझाइये।</p>,Long Answer,5,2022,,,,,,,,,,,,,,,,
Board,Class 12th,Hindi,Physics,Ray Optics and Optical Instruments,9,<p>Q. सरल सूक्ष्मदर्शी एवं खगोलीय दूरदर्शी में अंतर लिखिए। (कोई तीन)</p>,Short Answer,3,2022,,,,,,,,,,,,,,,,
Board,Class 12th,Hindi,Physics,Ray Optics and Optical Instruments,9,<p>Q. दो पतले उत्तल लेंसों के परस्पर संयोग किये जाने पर संयुक्त लेंस की फोकस दूरी \( F \) के लिए सिद्ध करो कि - \( F=\frac{f_{1} f_{2}}{f_{1}+f_{2}} \) जहाँ \( f_{1} \) व \( f_{2} \) दो लेंसों की फोकस दूरियाँ है।</p>,Short Answer,3,2022,,,,,,,,,,,,,,,,
Board,Class 12th,Hindi,Physics,Alternating Current,7,"<p>Q. अपचायी ट्रांसफार्मर में वोल्टेज 11000 वोल्ट से 440 वोल्ट में परिवर्तित होता है। यदि प्राथमिक कुण्डली में फेरों की संख्या 8000 है, तो द्वितीयक कुण्डली में फेरों की संख्या ज्ञात कीजिए।</p>",Numerical Answer,3,2022,,,,,,,,,,,,,,,,
Board,Class 12th,Hindi,Physics,Electromagnetic Induction,6,"<p>Q. किसी कुण्डली में 4 ऐम्पियर धारा प्रवाहित करने पर कुण्डली का प्रेरकत्व 100 हेनरी हो तो संचित ऊर्जा की गणना कीजिए। संचित ऊर्जा की गणना के लिए सूत्र है: \[ W = \frac{1}{2} L I^2 \] जहाँ \( W \) संचित ऊर्जा है, \( L \) प्रेरकत्व है और \( I \) धारा है।</p>",Numerical Answer,3,2022,,,,,,,,,,,,,,,,
Board,Class 12th,Hindi,Physics,"Semiconductor Electronics: Materials, Devices and Simple Circuits",14,"<p>Q. लॉजिक गेट्स क्या है ? OR, AND व NOR गेट के लिए संकेत, सत्यमान सारणी एवं बूलियन पद लिखिए।</p>",Long Answer,5,2022,,,,,,,,,,,,,,,,
Board,Class 12th,Hindi,Physics,"Semiconductor Electronics: Materials, Devices and Simple Circuits",14,<p>Q. P-N संधि डायोड क्या है ? डायोड का अग्रअभिनति के रूप में किस प्रकार उपयोग किया जाता है ? समझाइए।</p>,Long Answer,5,2022,,,,,,,,,,,,,,,,
Board,Class 12th,Hindi,Physics,Electrostatic Potential and Capacitance,2,<p>Q. संधारित्र किसे कहते हैं ? समांतर प्लेट संधारित्र की धारिता के लिए व्यंजक प्राप्त कीजिए।</p>,Short Answer,3,2022,,,,,,,,,,,,,,,,
Board,Class 12th,Hindi,Physics,Electric Charges and Fields,1,<p>Q. वैद्युत द्विध्रुव किसे कहते हैं ? वैद्युत द्विध्रुव की निरक्षीय स्थिति में वैद्युत क्षेत्र की तीव्रता के लिए व्यंजक प्राप्त कीजिए।</p>,Short Answer,3,2022,,,,,,,,,,,,,,,,
Board,Class 12th,Hindi,Physics,Alternating Current,7,<p>Q. A.C. जनित्र किसे कहते हैं ? प्रत्यावर्ती धारा जनित्र का रेखाचित्र बनाकर कार्यविधि का वर्णन कीजिए।</p>,Long Answer,5,2022,,,,,,,,,,,,,,,,
Board,Class 12th,Hindi,Physics,Alternating Current,7,<p>Q. L-C-R परिपथ का वर्णन निम्नलिखित बिन्दुओं के आधार पर कीजिए : (1) विद्युत परिपथ (2) फेजर आरेख (3) परिणामी वोल्टेज (4) प्रतिबाधा (5) कलान्तर</p>,Long Answer,5,2022,,,,,,,,,,,,,,,,
Board,Class 12th,Hindi,Physics,Ray Optics and Optical Instruments,9,"<p>Q. लेंस की फोकस दूरी, लेंस की क्षमता पर किस प्रकार निर्भर करती है</p>",Short Answer,3,2022,,,,,,,,,,,,,,,,
Board,Class 12th,Hindi,Physics,"Semiconductor Electronics: Materials, Devices and Simple Circuits",14,<p>Q. किस गेट को व्युत्क्रम गेट कहा जाता है ?</p>,One Word Answer,1,2022,,,,,,,,,,,,,,,,
Board,Class 12th,Hindi,Physics,Ray Optics and Optical Instruments,9,<p>Q. लेंज का नियम किस सिद्धान्त पर आधारित है ?</p>,One Word Answer,1,2022,,,,,,,,,,,,,,,,
Board,Class 12th,Hindi,Physics,Ray Optics and Optical Instruments,9,<p>Q. खगोलीय दूरदर्शी की आवर्धन क्षमता कैसे बढ़ाई जाती है ?</p>,Very Short Answer,2,2022,,,,,,,,,,,,,,,,
Board,Class 12th,Hindi,Physics,Electrostatic Potential and Capacitance,2,<p>Q. कुचालक माध्यम की उपस्थिति का विभव पर क्या प्रभाव पड़ता है ?</p>,Short Answer,3,2022,,,,,,,,,,,,,,,,
Board,Class 12th,Hindi,Physics,Electromagnetic Waves,8,<p>Q. विस्थापन धारा किस कारण उत्पन्न होती है ?</p>,Short Answer,3,2022,,,,,,,,,,,,,,,,
Board,Class 12th,Hindi,Physics,Current Electricity,3,<p>Q. धारा घनत्व का S.I. मात्रक है। (i) कूलाम / मीटर (ii) एम्पीयर/मीटर² (iii) कूलाम / मीटर² (iv) एम्पीयर/मीटर</p>,Multiple Choice Question,1,2023,,,,,,,,,,,,,,,,
Board,Class 12th,Hindi,Physics,Alternating Current,7,<p>Q. शुद्ध संधारित्र युक्त प्रत्यावर्ती परिपथ में प्रवाहित धारा एव आरोधित्त चोषटता के मध्य कलांतर होता है। (i) 0 (ii) 1 (iii) \(\frac{\pi}{2}\) (iv) -\(\frac{\pi}{2}\)</p>,Multiple Choice Question,1,2023,,,,,,,,,,,,,,,,
Board,Class 12th,Hindi,Physics,Atoms,12,<p>Q. भाभा परमाणु अनुसंधान केन्द्र स्थित है। (i) नई दिल्ली (ii) मुम्बई (iii) कोलकाता (iv) बैंगलोर</p>,Multiple Choice Question,1,2023,,,,,,,,,,,,,,,,
Board,Class 12th,Hindi,Physics,"Semiconductor Electronics: Materials, Devices and Simple Circuits",14,<p>Q. जर्मेनियम अर्धचालक में वर्जित ऊर्जा अंतराल होता है। (i) 1.1 eV (ii) 1.9 eV (iii) 0.72 eV (iv) 0.75 eV</p>,Multiple Choice Question,1,2023,,,,,,,,,,,,,,,,
Board,Class 12th,Hindi,Physics,"Semiconductor Electronics: Materials, Devices and Simple Circuits",14,<p>Q. किस उपकरण का उपयोग दिष्टकारी के रूप में किया जाता है ? (i) संधि डायोड (ii) ट्रांसफार्मर (iii) जेनर डायोड (iv) प्रकाश डायोड़</p>,Multiple Choice Question,1,2023,,,,,,,,,,,,,,,,
Board,Class 12th,Hindi,Physics,Ray Optics and Optical Instruments,9,<p>Q. दूरदर्शी में नेत्रिका की फोकस दूरी अभिदृश्यक की फोकस दूरी - (i) से कम होती है। (ii) से अधिक होती है। (iii) के बराबर होती है। (iv) इनमें से कोई नहीं</p>,Multiple Choice Question,1,2023,,,,,,,,,,,,,,,,
Board,Class 12th,Hindi,Physics,Atoms,12,<p>Q. एक न्यूट्रान का द्रव्यमान होता है - (i) \(1.67 \times 10^{-31}\) kg (ii) \(1.67 \times 10^{-27}\) kg (iii) \(1.67 \times 10^{-9}\) kg (iv) \(1.67 \times 10^{-23}\) kg</p>,Multiple Choice Question,1,2023,,,,,,,,,,,,,,,,
Board,Class 12th,Hindi,Physics,Current Electricity,3,<p>Q. आदर्श प्रेरकत्व का ओमीय प्रतिरोध _____ होता है।</p>,Fill in the Blanks,1,2023,,,,,,,,,,,,,,,,
Board,Class 12th,Hindi,Physics,Current Electricity,3,<p>Q. दिष्ट धारा की आवृत्ति _____ होती है।</p>,Fill in the Blanks,1,2023,,,,,,,,,,,,,,,,
Board,Class 12th,Hindi,Physics,Electromagnetic Waves,8,<p>Q. सबसे अधिक आवृत्ति की विद्युत चुम्बकीय तरंग _____ होती है।</p>,Fill in the Blanks,1,2023,,,,,,,,,,,,,,,,
Board,Class 12th,Hindi,Physics,Wave Optics,10,<p>Q. प्रकाश तरंगों की आवृत्ति _____ कोटि की होती है।</p>,Fill in the Blanks,1,2023,,,,,,,,,,,,,,,,
Board,Class 12th,Hindi,Physics,Ray Optics and Optical Instruments,9,<p>Q. प्रकाश का वेग विरल माध्यम से सघन माध्यम में जाने पर _____ है।</p>,Fill in the Blanks,1,2023,,,,,,,,,,,,,,,,
Board,Class 12th,Hindi,Physics,Moving Charges and Magnetism,4,<p>Q. चुम्बकीय क्षेत्र एक _____ राशि है।</p>,Fill in the Blanks,1,2023,,,,,,,,,,,,,,,,
Board,Class 12th,Hindi,Physics,Current Electricity,3,<p>Q. शण्ट के उपयोग से धारामापी की _____ कम हो जाती है।</p>,Fill in the Blanks,1,2023,,,,,,,,,,,,,,,,
Board,Class 12th,Hindi,Physics,Ray Optics and Optical Instruments,9,<p>Q. प्रकाश का विवर्तन क्या होता है?</p>,Very Short Answer,2,2023,,,,,,,,,,,,,,,,
Board,Class 12th,Hindi,Physics,Ray Optics and Optical Instruments,9,<p>Q. लेंस की क्षमता का मात्रक क्या है ?</p>,One Word Answer,1,2023,,,,,,,,,,,,,,,,
Board,Class 12th,Hindi,Physics,Magnetism and Matter,5,<p>Q. चुम्बक के चुम्बकीय आधूर्ण की दिशा क्या होती है ?</p>,One Word Answer,1,2023,,,,,,,,,,,,,,,,
Board,Class 12th,Hindi,Physics,Current Electricity,3,<p>Q. धारामापी को वोल्टमीटर में कैसे परिवर्तित करते हैं ?</p>,Very Short Answer,2,2023,,,,,,,,,,,,,,,,
Board,Class 12th,Hindi,Physics,Dual Nature of Radiation and Matter,11,<p>Q. विकिरण की ऊर्जा तथा आवृत्ति में संबंध लिखिए ।</p>,Short Answer,3,2023,,,,,,,,,,,,,,,,
Board,Class 12th,Hindi,Physics,Electromagnetic Waves,8,<p>Q. अवरक्त तरंगों की खोज वैज्ञानिक रिटर ने की है।</p>,True False,1,2023,,,,,,,,,,,,,,,,
Board,Class 12th,Hindi,Physics,"Semiconductor Electronics: Materials, Devices and Simple Circuits",14,<p>Q. नैज अर्धचालकों के मुक्त इलेक्ट्रानों की संख्या होलों की संख्या के बराबर होतीं है।</p>,True False,1,2023,,,,,,,,,,,,,,,,
Board,Class 12th,Hindi,Physics,Current Electricity,3,<p>Q. वोल्टमीटर विभवमापी से अधिक श्रेष्ठ है।</p>,True False,1,2023,,,,,,,,,,,,,,,,
Board,Class 12th,Hindi,Physics,Dual Nature of Radiation and Matter,11,<p>Q. डी-ब्राग्ली तरंगे विद्युत चुम्बकीय तरंगें है।</p>,True False,1,2023,,,,,,,,,,,,,,,,
Board,Class 12th,Hindi,Physics,Atoms,12,<p>Q. परमाणु एक घनात्मक कण है।</p>,True False,1,2023,,,,,,,,,,,,,,,,
Board,Class 12th,Hindi,Physics,Alternating Current,7,<p>Q. एक पूर्ण चक्र में किसी प्रेरक को आपूर्त माध्य शक्ति शून्य होती है।</p>,True False,1,2023,,,,,,,,,,,,,,,,
Board,Class 12th,Hindi,Physics,Electromagnetic Waves,8,<p>Q. माइक्रोवेव ऑवन का कार्य रेडियो तरंगों पर आधारित होता है।</p>,True False,1,2023,,,,,,,,,,,,,,,,
Board,Class 12th,Hindi,Physics,Dual Nature of Radiation and Matter,11,<p>Q. प्रकाश विद्युत प्रभाव क्या होता है ? आइन्स्टीन का प्रकाश विद्युत समीकरण लिखिए।</p>,Short Answer,3,2023,,,,,,,,,,,,,,,,
Board,Class 12th,Hindi,Physics,Dual Nature of Radiation and Matter,11,<p>Q. डी ब्राग्ली द्रव्य तरंगे क्या है ? डी ब्रॉग्ली तरंग समीकरण लिखिए।</p>,Short Answer,3,2023,,,,,,,,,,,,,,,,
Board,Class 12th,Hindi,Physics,Atoms,12,<p>Q. बोर मॉडल की कोई दो परिकल्पनाएँ लिखिए।</p>,Very Short Answer,2,2023,,,,,,,,,,,,,,,,
Board,Class 12th,Hindi,Physics,Atoms,12,<p>Q. परमाणु के नाभकीय मॉडल की खोज किसने की ? चित्र बनाइए।</p>,Short Answer,3,2023,,,,,,,,,,,,,,,,
Board,Class 12th,Hindi,Physics,Atoms,12,<p>Q. समस्थानिक किसे कहते हैं ? हाइड्रोजन के कोई दो समस्थानिकों लिखिए।</p>,Short Answer,3,2023,,,,,,,,,,,,,,,,
Board,Class 12th,Hindi,Physics,Electrostatic Potential and Capacitance,2,<p>Q. एक इलेक्ट्रॉन विद्युत क्षेत्र में उच्च विभव की ओर गति करेगा या निम्न विभव की ओर ? क्यों ?</p>,Short Answer,3,2023,,,,,,,,,,,,,,,,
Board,Class 12th,Hindi,Physics,Current Electricity,3,<p>Q. विद्युत सेल किसे कहते है ? उदाहरण दीजिए।</p>,Very Short Answer,2,2023,,,,,,,,,,,,,,,,
Board,Class 12th,Hindi,Physics,Current Electricity,3,<p>Q. ओहम का नियम लिखों । एवं धारा विभवान्तर के मध्य ग्राफ बनाइए।</p>,Short Answer,3,2023,,,,,,,,,,,,,,,,
Board,Class 12th,Hindi,Physics,Moving Charges and Magnetism,4,<p>Q. सदिश रूप में बायो सेवर्ट व्यंजक लिखिए।</p>,Short Answer,3,2023,,,,,,,,,,,,,,,,
Board,Class 12th,Hindi,Physics,Moving Charges and Magnetism,4,<p>Q. चुम्बकीय क्षेत्र रेखाओं के प्रारंभिक तथा अंतिम सिरे नहीं होते क्यों?</p>,Short Answer,3,2023,,,,,,,,,,,,,,,,
Board,Class 12th,Hindi,Physics,Current Electricity,3,<p>Q. एक विद्युत बल्ब 220 V आपूर्ति पर 200 W शक्ति देने के लिए बनाया गया है। बत्व का प्रतिरोध ज्ञात कीजिए।</p>,Numerical Answer,3,2023,,,,,,,,,,,,,,,,
Board,Class 12th,Hindi,Physics,Alternating Current,7,<p>Q. विद्युत बल्ब 220 V आपूर्ति पर 200 W शक्ति देने के लिये बनाया गया है। वल्ब में प्रवाहित होने वाली rms धारा ज्ञात कीजिए।</p>,Numerical Answer,3,2023,,,,,,,,,,,,,,,,
Board,Class 12th,Hindi,Physics,Ray Optics and Optical Instruments,9,<p>Q. अपवर्ती दूरदर्शी एवं परावर्ती दूरदर्शी में दो अंतर लिखिए।</p>,Very Short Answer,2,2023,,,,,,,,,,,,,,,,
Board,Class 12th,Hindi,Physics,Current Electricity,3,<p>Q. सामर्श्य 100 वॉट एवं 400 वॉट के दो बत्सों के प्रतिरोधों की तुलना कीजिए यदि इनकी वोल्टता समान है।</p>,Short Answer,3,2023,,,,,,,,,,,,,,,,
Board,Class 12th,Hindi,Physics,Current Electricity,3,<p>Q. किसी चालक तार की लम्बाई को मूल लम्बाई का आधा कर देने पर एवं अनुप्रस्थ काट क्षेत्रफल दोगुना करने पर प्रतिरोध कितना हो जायेगा।</p>,Numerical Answer,3,2023,,,,,,,,,,,,,,,,
Board,Class 12th,Hindi,Physics,Ray Optics and Optical Instruments,9,<p>Q. किसी उभयोत्तल लेंस के दो फलकों की वक्रता त्रिज्याएँ 10 cm तथा 15 cm है। उसकी फोकस दूरी 12 cm है। लेंस के काँच का उपवर्तनांक ज्ञात कीजिए। (वायु का अपवर्तनांक = 1)</p>,Numerical Answer,3,2023,,,,,,,,,,,,,,,,
Board,Class 12th,Hindi,Physics,Ray Optics and Optical Instruments,9,<p>Q. किसी उत्तल लेंस की वायु में फोकस दूरी 20 cm है। जल में इसकी फोकस दूरी क्या है ? (वायु-जल का अपवर्तनांक 1.33 तथा वायु-काँच का अपवर्तनांक 1.5 है।)</p>,Numerical Answer,3,2023,,,,,,,,,,,,,,,,
Board,Class 12th,Hindi,Physics,Electrostatic Potential and Capacitance,2,<p>Q. गॉस नियम द्वारा कूलॉम के स्थिर विद्युत व्युत्क्रमवर्ग के नियम को निगमित कीजिए।</p>,Short Answer,3,2023,,,,,,,,,,,,,,,,
Board,Class 12th,Hindi,Physics,Current Electricity,3,<p>Q. किसी चालक की धारिता से क्या तात्पर्य है। चालक की धारिता को प्रभावित करने वाले कारक लिखिए।</p>,Short Answer,3,2023,,,,,,,,,,,,,,,,
Board,Class 12th,Hindi,Physics,Current Electricity,3,<p>Q. विद्युत वाहक बल एवं विभवान्तर में कोई तीन अंतर लिखिए।</p>,Short Answer,3,2023,,,,,,,,,,,,,,,,
Board,Class 12th,Hindi,Physics,Current Electricity,3,<p>Q. किसी चालक के प्रतिरोध एवं विशिष्ट प्रतिरोध में तीन अंतर लिखिए।</p>,Short Answer,3,2023,,,,,,,,,,,,,,,,
Board,Class 12th,Hindi,Physics,"Semiconductor Electronics: Materials, Devices and Simple Circuits",14,<p>Q. निज अर्धचालक एवं बाह्य अर्धचालक में अंतर लिखिए।</p>,Short Answer,3,2023,,,,,,,,,,,,,,,,
Board,Class 12th,Hindi,Physics,"Semiconductor Electronics: Materials, Devices and Simple Circuits",14,<p>Q. P-N संधि डायोड किसे कहते हैं? पूर्ण तरंग दिष्टकारी के रूप में इसके उपयोग को चित्र बताकर समझाइए।</p>,Long Answer,5,2023,,,,,,,,,,,,,,,,
Board,Class 12th,Hindi,Physics,Ray Optics and Optical Instruments,9,<p>Q. प्रिज्म के पदार्थ काँच के लिये अपवर्तनांक का सूत्र निगमित कीजिए। \(\mu = \frac{\sin\left(\frac{A + S_m}{2}\right)}{\sin\left(\frac{A}{2}\right)}\)</p>,Short Answer,3,2023,,,,,,,,,,,,,,,,
Board,Class 12th,Hindi,Physics,Ray Optics and Optical Instruments,9,<p>Q. पतले लेंस के लिये लेंस निर्माता सूत्र को निगमित कीजिए। \(\frac{1}{f} = (\mu_{21}-1)\left(\frac{1}{R_1}-\frac{1}{R_2}\right)\)</p>,Short Answer,3,2023,,,,,,,,,,,,,,,,
Board,Class 12th,Hindi,Physics,Electromagnetic Induction,6,<p>Q. स्वप्रेरकत्व किसे कहते हैं? एक परिनालिका के स्वप्रेरकत्व के लिये व्यंजक व्युत्पन्न कीजिए । इसके मान को प्रभावित करने वाले कारक लिखिए।</p>,Long Answer,5,2023,,,,,,,,,,,,,,,,
Board,Class 12th,Hindi,Physics,Alternating Current,7,<p>Q. ट्रांसफॉमर किसे कहते हैं? इसके सिद्धांत एवं इसमें होने वाली ऊर्जा क्षय को समझाइए।</p>,Long Answer,5,2023,,,,,,,,,,,,,,,,
Board,Class 12th,Hindi,Physics,Electrostatic Potential and Capacitance,2,<p>Q. विद्युत क्षेत्र की दिशा में चलने पर विभव ______ है।</p>,Fill in the Blanks,1,2024,,,,,,,,,,,,,,,,
Board,Class 12th,Hindi,Physics,Magnetism and Matter,5,<p>Q. जिन पदार्थों की चुम्बकीय प्रवृत्ति ऋणात्मक होती है उन्हें ______ पदार्थ कहते हैं।</p>,Fill in the Blanks,1,2024,,,,,,,,,,,,,,,,
Board,Class 12th,Hindi,Physics,Electromagnetic Induction,6,<p>Q. परिवर्तनशील विद्युत क्षेत्र ______ धारा उत्पन्न करता है।</p>,Fill in the Blanks,1,2024,,,,,,,,,,,,,,,,
Board,Class 12th,Hindi,Physics,Ray Optics and Optical Instruments,9,<p>Q. परावर्ती दूरदर्शक में ______ के रूप में अवतल दर्पण का उपयोग किया जाता है।</p>,Fill in the Blanks,1,2024,,,,,,,,,,,,,,,,
Board,Class 12th,Hindi,Physics,"Semiconductor Electronics: Materials, Devices and Simple Circuits",14,<p>Q. संयोजकता बैंड से ऊपर स्थित बैंड को ______ बैंड कहते हैं।</p>,Fill in the Blanks,1,2024,,,,,,,,,,,,,,,,
Board,Class 12th,Hindi,Physics,"Semiconductor Electronics: Materials, Devices and Simple Circuits",14,<p>Q. p-प्रकार के अर्धचालक में ______ की सांद्रता इलेक्ट्रॉनों की सांद्रता की तुलना में अधिक होती है।</p>,Fill in the Blanks,1,2024,,,,,,,,,,,,,,,,
Board,Class 12th,Hindi,Physics,Electric Charges and Fields,1,<p>Q. कोटर (गुहा) के भीतर विद्युत क्षेत्र सदैव ही शून्य होता है।</p>,True False,1,2024,,,,,,,,,,,,,,,,
Board,Class 12th,Hindi,Physics,"Semiconductor Electronics: Materials, Devices and Simple Circuits",14,<p>Q. अर्धचालकों की प्रतिरोधकता ताप बढ़ाने पर बढ़ती है।</p>,True False,1,2024,,,,,,,,,,,,,,,,
Board,Class 12th,Hindi,Physics,Moving Charges and Magnetism,4,<p>Q. किसी चुम्बकीय क्षेत्र में स्थिर आवेश पर लगने वाला लारेंज बल शून्य होता है।</p>,True False,1,2024,,,,,,,,,,,,,,,,
Board,Class 12th,Hindi,Physics,Electromagnetic Waves,8,<p>Q. विद्युत चुम्बकीय तरंगे निर्वात के अतिरिक्त किसी अन्य भौतिक माध्यम से गमन नहीं कर सकती हैं।</p>,True False,1,2024,,,,,,,,,,,,,,,,
Board,Class 12th,Hindi,Physics,"Semiconductor Electronics: Materials, Devices and Simple Circuits",14,<p>Q. सिलिकॉन और जर्मेनियम दोनों यौगिक-अर्धचालक के उदाहरण हैं।</p>,True False,1,2024,,,,,,,,,,,,,,,,
Board,Class 12th,Hindi,Physics,Electric Charges and Fields,1,<p>Q. वायु में स्थित एकांक धनावेश से निकलने वाले कुल विद्युत फ्लक्स का मान लिखिए।</p>,One Word Answer,1,2024,,,,,,,,,,,,,,,,
Board,Class 12th,Hindi,Physics,Current Electricity,3,<p>Q. किसी विद्युत परिपथ में धारा को मापने वाले यंत्र का नाम लिखिए।</p>,One Word Answer,1,2024,,,,,,,,,,,,,,,,
Board,Class 12th,Hindi,Physics,Alternating Current,7,<p>Q. शुद्ध प्रतिरोधकीय परिपथ के लिए शक्ति-गुणांक का मान लिखिए।</p>,One Word Answer,1,2024,,,,,,,,,,,,,,,,
Board,Class 12th,Hindi,Physics,Ray Optics and Optical Instruments,9,<p>Q. किस स्थिति में प्रिज्म के अंदर अपवर्तित किरण प्रिज्म के आधार के समांतर हो जाती है ?</p>,One Word Answer,1,2024,,,,,,,,,,,,,,,,
Board,Class 12th,Hindi,Physics,"Semiconductor Electronics: Materials, Devices and Simple Circuits",14,<p>Q. शुद्ध अर्धचालक में त्रिसंयोजी अशुद्धियाँ मिलाने पर किस प्रकार का अपद्रव्यी अर्घचालक प्राप्त होता है ?</p>,Short Answer,3,2024,,,,,,,,,,,,,,,,
Board,Class 12th,Hindi,Physics,Electric Charges and Fields,1,<p>Q. विद्युत क्षेत्र रेखाओं की दो विशेषताएँ लिखिए।</p>,Very Short Answer,2,2024,,,,,,,,,,,,,,,,
Board,Class 12th,Hindi,Physics,Electrostatic Potential and Capacitance,2,<p>Q. समविभव पृष्ठ की दो विशेषताएँ लिखिए।</p>,Very Short Answer,2,2024,,,,,,,,,,,,,,,,
Board,Class 12th,Hindi,Physics,Electromagnetic Induction,6,<p>Q. स्वप्रेरण व अन्योन्य प्रेरण में दो अंतर लिखिए।</p>,Very Short Answer,2,2024,,,,,,,,,,,,,,,,
Board,Class 12th,Hindi,Physics,Alternating Current,7,<p>Q. उच्चायी ट्रांसफार्मर व अपचायी ट्रांसफार्मर में दो अंतर लिखिए।</p>,Very Short Answer,2,2024,,,,,,,,,,,,,,,,
Board,Class 12th,Hindi,Physics,Moving Charges and Magnetism,4,<p>Q. ऐम्पियर के परिपथीय नियम का कथन एवं गणितीय रूप लिखिए।</p>,Short Answer,3,2024,,,,,,,,,,,,,,,,
Board,Class 12th,Hindi,Physics,Moving Charges and Magnetism,4,<p>Q. चुम्बकत्व के लिए गाऊस के नियम का कथन एवं गणितीय रूप लिखिए।</p>,Short Answer,3,2024,,,,,,,,,,,,,,,,
Board,Class 12th,Hindi,Physics,Electromagnetic Waves,8,<p>Q. किन तरंगों को ऊष्मा तरंगे भी कहा जाता है ? इन तरंगों की पृथ्वी पर माध्य ताप बनाए रखने से संबंधित किस प्रभाव में अहम भूमिका होती है ?</p>,Long Answer,5,2024,,,,,,,,,,,,,,,,
Board,Class 12th,Hindi,Physics,Electromagnetic Waves,8,<p>Q. सबसे अधिक आवृत्ति वाली विद्युत-चुम्बकीय तरंग का नाम एवं एक उपयोग लिखिए।</p>,Short Answer,3,2024,,,,,,,,,,,,,,,,
Board,Class 12th,Hindi,Physics,Ray Optics and Optical Instruments,9,<p>Q. अवतल दर्पण के परावर्तक पृष्ठ के नीचे का आधा भाग किसी अपारदर्शी पदार्थ से ढक देने पर दर्पण के सामने स्थित किसी वस्तु के दर्पण द्वारा बने प्रतिबिंब पर क्या प्रभाव होगा ? लिखिए।</p>,Long Answer,5,2024,,,,,,,,,,,,,,,,
Board,Class 12th,Hindi,Physics,Ray Optics and Optical Instruments,9,<p>Q. एक प्रकाश की किरण प्रकाशिक विरल माध्यम से प्रकाशिक सघन माध्यम में तिर्यक प्रवेश करती है तो प्रकाश की किरण के वेग और आवृत्ति पर क्या प्रभाव पड़ेगा ? लिखिए।</p>,Long Answer,5,2024,,,,,,,,,,,,,,,,
Board,Class 12th,Hindi,Physics,Atoms,12,<p>Q. अल्फा कण प्रकीर्णन प्रयोग से प्राप्त दो निष्कर्ष लिखिए।</p>,Short Answer,3,2024,,,,,,,,,,,,,,,,
Board,Class 12th,Hindi,Physics,Nuclei,13,<p>Q. नाभिकीय बलों की दो विशेषताएँ लिखिए।</p>,Very Short Answer,2,2024,,,,,,,,,,,,,,,,
Board,Class 12th,Hindi,Physics,"Semiconductor Electronics: Materials, Devices and Simple Circuits",14,<p>Q. p-n संधि डायोड की अग्र अभिनति के विद्युत परिपथ का नामांकित आरेख बनाइए।</p>,Short Answer,3,2024,,,,,,,,,,,,,,,,
Board,Class 12th,Hindi,Physics,"Semiconductor Electronics: Materials, Devices and Simple Circuits",14,<p>Q. अर्धतरंग दिष्टकारी का नामांकित परिपथ आरेख बनाइए।</p>,Short Answer,3,2024,,,,,,,,,,,,,,,,
Board,Class 12th,Hindi,Physics,Current Electricity,3,<p>Q. किसी सेल के विद्युत वाहक बल विभवांतर व आंतरिक प्रतिरोध के बीच संबंध स्थापित कीजिए।</p>,Short Answer,3,2024,,,,,,,,,,,,,,,,
Board,Class 12th,Hindi,Physics,Current Electricity,3,<p>Q. क्रीटस्टोन सेतु का नामांकित चित्र बनाइए एवं क्रीटस्टोन सेतु के संतुलन के लिए आवश्यक शर्त लिखिए।</p>,Long Answer,5,2024,,,,,,,,,,,,,,,,
Board,Class 12th,Hindi,Physics,Moving Charges and Magnetism,4,<p>Q. 2 मीटर लंबाई और 100 फेरों वाली एक परिनालिका में 10 A धारा प्रवाहित हो रही है। परिनालिका के अंदर चुम्बकीय क्षेत्र के परिमाण की गणना कीजिए। \(\mu_0=4\pi \times 10^{-7}\)</p>,Numerical Answer,3,2024,,,,,,,,,,,,,,,,
Board,Class 12th,Hindi,Physics,Moving Charges and Magnetism,4,<p>Q. एक लंबे सीधे तार में 30 A की धारा प्रवाहित हो रही है। तार से 30 सेमी दूरी पर स्थित बिंदु पर चुम्बकीय क्षेत्र के परिमाण की गणना कीजिए।</p>,Numerical Answer,3,2024,,,,,,,,,,,,,,,,
Board,Class 12th,Hindi,Physics,Ray Optics and Optical Instruments,9,<p>Q. प्रकाश के पूर्ण आंतरिक परावर्तन का वर्णन निम्नलिखित बिन्दुओं के आधार पर कीजिए - (i) नामांकित किरण आरेख (ii) परिभाषा (iii) एक अनुप्रयोग</p>,Long Answer,5,2024,,,,,,,,,,,,,,,,
Board,Class 12th,Hindi,Physics,Wave Optics,10,<p>Q. हाइगेंस के तरंग सिंद्धांत का वर्णन निम्नलिखित बिंदुओं के आधार पर कीजिए - (i) तरंगाग्र की परिभाषा (ii) बिंदु स्रोत से निर्गमित गोलीय तरंग का किरण आरेख (iii) द्वितीयक तरंगिकाओं का निर्गमन</p>,Long Answer,5,2024,,,,,,,,,,,,,,,,
Board,Class 12th,Hindi,Physics,Dual Nature of Radiation and Matter,11,<p>Q. प्रकाश विद्युत प्रभाव के तीन प्रायोगिक प्रेक्षण लिखिए।</p>,Short Answer,3,2024,,,,,,,,,,,,,,,,
Board,Class 12th,Hindi,Physics,Dual Nature of Radiation and Matter,11,<p>Q. फोटॉन की तीन विशेषताएँ लिखिए।</p>,Short Answer,3,2024,,,,,,,,,,,,,,,,
Board,Class 12th,Hindi,Physics,Electric Charges and Fields,1,"<p>Q. दो बिंदु आवेशों \( q_a=2\,\mu C \) व \( q_b=-2\,\mu C \) निर्वात में एक दूसरे से 40 सेमी दूरी पर स्थित हैं। इन दोनों आवेशों को जोड़ने वाली रेखा के मध्य बिंदु पर विद्युत क्षेत्र की तीव्रता ज्ञात कीजिए। \( \left( \frac{1}{4\pi\epsilon_0}=9\times10^9 \, Nm^2C^{-2} \right) \)</p>",Numerical Answer,3,2024,,,,,,,,,,,,,,,,
Board,Class 12th,Hindi,Physics,Electrostatic Potential and Capacitance,2,"<p>Q. 3 pF, 4 pF व 5 pF धारिता वाले तीन संधारित्र पार्श्वक्रम में 120 V की बैटरी से जुड़े हैं। संयोजन की कुल धारिता व प्रत्येक संधारित्र पर आवेश ज्ञात कीजिए।</p>",Numerical Answer,3,2024,,,,,,,,,,,,,,,,
Board,Class 12th,Hindi,Physics,Electromagnetic Induction,6,<p>Q. किसी एकसमान चुम्बकीय क्षेत्र में गतिमान सीधे चालक के सीरों पर प्रेरित गतिक विद्युत वाहक बल के लिए व्यंजक निगमित कीजिए।</p>,Long Answer,5,2024,,,,,,,,,,,,,,,,
Board,Class 12th,Hindi,Physics,Alternating Current,7,<p>Q. श्रेणी LCR परिपथ में फेजर आरेख की सहायता से परिणामी वोल्टेज प्रतिबाधा तथा धारा व वोल्टेज के बीच कलांतर का व्यंजक ज्ञात कीजिए।</p>,Long Answer,5,2024,,,,,,,,,,,,,,,,
Board,Class 12th,Hindi,Physics,Ray Optics and Optical Instruments,9,<p>Q. संपर्क में रखे दो पतले लेंसों के संयोजन की परिणामी क्षमता के लिए व्यंजक की स्थापना कीजिए।</p>, Short Answer,3,2024,,,,,,,,,,,,,,,,
Board,Class 12th,Hindi,Physics,Ray Optics and Optical Instruments,9,<p>Q. सरल सूक्ष्मदर्शी से प्रतिबिंब बनने का नामांकित किरण आरेख बनाइए एवं सरल सूक्ष्मदर्शी के आवर्धन के लिए व्यंजक की स्थापना कीजिए जबकि अंतिम प्रतिबिंब \( (a) \) अनंत तथा \( (b) \) स्पष्ट दृष्टि की न्यूनतम दूरी पर बनता हो।</p>,Short Answer,3,2024,,,,,,,,,,,,,,,,
Board,Class 12th,Hindi,Physics,Atoms,12,<p>Q. रदरफोर्ड नाभिकीय मॉडल की दो कमियाँ लिखिए एवं व्याख्या कीज़िए कि हाइड्रोजन परमाणु के बोर मॉडल जें इन कमियों को कैसे दूर किया?</p>,Short Answer,3,2024,,,,,,,,,,,,,,,,
Board,Class 12th,Hindi,Physics,Nuclei,13,<p>Q. नाभिकीय संलयंन एवं विखंडन की एक-एक उदाहरण की सहायता से व्याख्या कीजिए।</p>,Short Answer,3,2024,,,,,,,,,,,,,,,,
Board,Class 12th,Hindi,Physics,Current Electricity,3,<p>Q. 1 कूलॉम आवेश में _____ इलेक्ट्रॉन होते हैं।</p>,Fill in the Blanks,1,2025,,,,,,,,,,,,,,,,
Board,Class 12th,Hindi,Physics,Moving Charges and Magnetism,4,<p>Q. चुंबकीय क्षेत्र रेखा के किसी बिंदु पर खींची गई _____ उस बिंदु पर परिणामी चुंबकीय क्षेत्र की दिशा दर्शाती है।</p>,Fill in the Blanks,1,2025,,,,,,,,,,,,,,,,
Board,Class 12th,Hindi,Physics,Electromagnetic Waves,8,<p>Q. विद्युत चुंबकीय तरंगों के संचरण की प्रकृति _____ होती है।</p>,Fill in the Blanks,1,2025,,,,,,,,,,,,,,,,
Board,Class 12th,Hindi,Physics,Wave Optics,10,<p>Q. प्रकाश के _____ की घटना में ऊर्जा का पुनर्वितरण होता है।</p>,Fill in the Blanks,1,2025,,,,,,,,,,,,,,,,
Board,Class 12th,Hindi,Physics,Ray Optics and Optical Instruments,9,<p>Q. पूर्ण आंतरिक परावर्तन की घटना में अववर्तन कोण _____ होने पर आपतन कोण क्रांतिक कोण के बराबर होता हैं।</p>,Fill in the Blanks,1,2025,,,,,,,,,,,,,,,,
Board,Class 12th,Hindi,Physics,Ray Optics and Optical Instruments,9,<p>Q. सरल सूक्ष्मदर्शी _____ फोकसूद्दूरी का एक अभिसारी लेंस होता है।</p>,Fill in the Blanks,1,2025,,,,,,,,,,,,,,,,
Board,Class 12th,Hindi,Physics,Electric Charges and Fields,1,<p>Q. चालक के भीतर स्थिरवैद्युत क्षेत्र शून्य होता है।</p>,True False,1,2025,,,,,,,,,,,,,,,,
Board,Class 12th,Hindi,Physics,Moving Charges and Magnetism,4,<p>Q. चुंबकीय क्षेत्र रेखाएँ सदैव बंद पाश बनाती हैं।</p>,True False,1,2025,,,,,,,,,,,,,,,,
Board,Class 12th,Hindi,Physics,Electromagnetic Waves,8,<p>Q. दीर्घ रेडियो तरंगों की आवृत्ति सर्वाधिक होती है।</p>,True False,1,2025,,,,,,,,,,,,,,,,
Board,Class 12th,Hindi,Physics,Alternating Current,7,<p>Q. एक पूर्ण चक्र के लिये प्रत्यावर्ती औसत धारा का मान शून्य होता है।</p>,True False,1,2025,,,,,,,,,,,,,,,,
Board,Class 12th,Hindi,Physics,"Semiconductor Electronics: Materials, Devices and Simple Circuits",14,<p>Q. n－प्रकार के अर्धचालकों में बहुसंख्यक आवेश वाहक हैं－ (i) इलेक्ट्रॉन (ii) होल (iii) न्यूट्रॉन (iv) गतिशील आयन</p>,Multiple Choice Question,1,2025,,,,,,,,,,,,,,,,
Board,Class 12th,Hindi,Physics,Electrostatic Potential and Capacitance,2,<p>Q. वायु का परावैद्युतांक होता है－ (i)अनंत (ii)शून्य (iii)एक (iv)दो</p>,Multiple Choice Question,1,2025,,,,,,,,,,,,,,,,
Board,Class 12th,Hindi,Physics,Moving Charges and Magnetism,4,<p>Q. गतिमान आवेश उत्पन्न करता है (i)केवल चुंबकीय क्षेत्र (ii)केवल विद्युत क्षेत्र (iii)चुंबकीय क्षेत्र और विद्युत क्षेत्र दोनों (iv)न चुंबकीय क्षेत्र न विद्युत क्षेत्र</p>,Multiple Choice Question,1,2025,,,,,,,,,,,,,,,,
Board,Class 12th,Hindi,Physics,Current Electricity,3,<p>Q. किरचॉफ का धारा－वितरण का प्रथम्रनियम पालन करता है－ (i)ऊर्जा संरक्षण के नियम कर्म (ii)आवेश संरक्षण के नियम का (iii)संवेग संरक्षण के नियम काए (iv)द्रव्यमान संरक्षण के नियम का</p>,Multiple Choice Question,1,2025,,,,,,,,,,,,,,,,
Board,Class 12th,Hindi,Physics,Dual Nature of Radiation and Matter,11,<p>Q. कौन－सी घटना प्रकाश की तरंग－प्रॉंकृति नहीं दर्शाती है？ (i)प्रकाश विद्युत प्रभाव (ii)व्यतिकरण (iii)विवर्तन (iv)ध्रुवण</p>,Multiple Choice Question,1,2025,,,,,,,,,,,,,,,,
Board,Class 12th,Hindi,Physics,Dual Nature of Radiation and Matter,11,<p>Q. प्रकाश विद्युत प्रभाव की खोज किसमें थी थी？ (i)लेंज (ii)मैक्सवेल (iii)जे．जे．थामसन (iv)हेनरिच हर्ट्ज़</p>,Multiple Choice Question,1,2025,,,,,,,,,,,,,,,,
Board,Class 12th,Hindi,Physics,Electric Charges and Fields,1,<p>Q. वैद्युत आवेश के क्वाण्टीकरण का गणितीय रूप लिखिये।</p>,Numerical Answer,3,2025,,,,,,,,,,,,,,,,
Board,Class 12th,Hindi,Physics,Electromagnetic Waves,8,<p>Q. दृश्य प्रकाश की आवृत्ति किस कोटि की होती है ?</p>,One Word Answer,1,2025,,,,,,,,,,,,,,,,
Board,Class 12th,Hindi,Physics,Ray Optics and Optical Instruments,9,<p>Q. +0.5 मी. फोकस दूरी वाले लेंस की क्षमता कितनी होगी?</p>,Numerical Answer,3,2025,,,,,,,,,,,,,,,,
Board,Class 12th,Hindi,Physics,Electromagnetic Induction,6,<p>Q. अन्योन्य प्रेरकत्व का SI मात्रक लिखिए।</p>,One Word Answer,1,2025,,,,,,,,,,,,,,,,
Board,Class 12th,Hindi,Physics,Alternating Current,7,<p>Q. प्रत्यावर्ती धारा का वर्गमाध्य मूल मान लिखिए।</p>,One Word Answer,1,2025,,,,,,,,,,,,,,,,
Board,Class 12th,Hindi,Physics,"Semiconductor Electronics: Materials, Devices and Simple Circuits",14,<p>Q. निज एवं बाह्य अर्धचालकों में दो अंतर लिखिये।</p>,Very Short Answer,2,2025,,,,,,,,,,,,,,,,
Board,Class 12th,Hindi,Physics,"Semiconductor Electronics: Materials, Devices and Simple Circuits",14,<p>Q. सामान्य ताप पर अर्धचालकों में धारा का प्रवाह नहीं होता जबकि उच्च ताप पर होने लगता है क्यों ?</p>,Short Answer,3,2025,,,,,,,,,,,,,,,,
Board,Class 12th,Hindi,Physics,Atoms,12,<p>Q. आयनन ऊर्जा किसे कहते हैं ?</p>,Very Short Answer,2,2025,,,,,,,,,,,,,,,,
Board,Class 12th,Hindi,Physics,Atoms,12,<p>Q. कक्षक में इलेक्ट्रॉन की ऋणात्मक ऊर्जा की सार्थकता स्पष्ट कीजिए।</p>,Short Answer,3,2025,,,,,,,,,,,,,,,,
Board,Class 12th,Hindi,Physics,Wave Optics,10,<p>Q. मेलस का नियम लिखिए।</p>,Very Short Answer,2,2025,,,,,,,,,,,,,,,,
Board,Class 12th,Hindi,Physics,Wave Optics,10,<p>Q. ध्रुवित एवं अध्रुवित प्रकाश तरंग में दो अंतर लिखिये।</p>,Very Short Answer,2,2025,,,,,,,,,,,,,,,,
Board,Class 12th,Hindi,Physics,Alternating Current,7,<p>Q. समान वोल्टता की प्रत्यावर्ती धारा दिष्ट धारा से अधिक शक्तिशाली होती है क्यों ?</p>,Short Answer,3,2025,,,,,,,,,,,,,,,,
Board,Class 12th,Hindi,Physics,Electromagnetic Induction,6,<p>Q. ट्रांसफार्मर का क्रोड पटलित क्यों होता है ?</p>,Short Answer,3,2025,,,,,,,,,,,,,,,,
Board,Class 12th,Hindi,Physics,Electromagnetic Induction,6,<p>Q. विद्युत चुंबकीय प्रेरण संबंधी लेंज का नियम लिखिए।</p>,Short Answer,3,2025,,,,,,,,,,,,,,,,
Board,Class 12th,Hindi,Physics,Electromagnetic Induction,6,<p>Q. किसी विद्युत परिपथ को अचानक बंद करते समय चिनगारी उत्पन्न होती है क्यों ?</p>,Very Short Answer,2,2025,,,,,,,,,,,,,,,,
Board,Class 12th,Hindi,Physics,Current Electricity,3,"<p>Q. किसी कार की संचायक बैटरी का विद्युत वाहक बल \(12\) वोल्ट है। यदि बैटरी का आंतरिक प्रतिरोध \(0.4 \, \Omega\) हो तो बैटरी से ली जाने वाली अधिकतम धारा ज्ञात कीजिए।</p>",Numerical Answer,3,2025,,,,,,,,,,,,,,,,
Board,Class 12th,Hindi,Physics,Current Electricity,3,"<p>Q. 10 वोल्ट विद्युत वाहक बल वाली बैटरी जिसका आंतरिक प्रतिरोध \(3 \, \Omega\) है किसी प्रतिरोधक से संयोजित है। यदि परिपथ में धारा का मान \(0.5 \, A\) हो तो प्रतिरोधक का प्रतिरोध ज्ञात कीजिए।</p>",Numerical Answer,3,2025,,,,,,,,,,,,,,,,
Board,Class 12th,Hindi,Physics,Electrostatic Potential and Capacitance,2,<p>Q. किसी संधारित्र की धारिता को परिभाषित करते हुए इसका S.I. मात्रक लिखिए।</p>,Very Short Answer,2,2025,,,,,,,,,,,,,,,,
Board,Class 12th,Hindi,Physics,Electric Charges and Fields,1,<p>Q. किसी खोखले आवेशित चालक के अंदर प्रत्येक बिंदु पर विभव एक समान होता है क्यों ?</p>,Very Short Answer,2,2025,,,,,,,,,,,,,,,,
Board,Class 12th,Hindi,Physics,Electric Charges and Fields,1,<p>Q. विद्युत द्विध्रुव के कारण उसकी अक्ष पर स्थित किसी बिंदु पर विद्युत क्षेत्र की तीव्रता का व्यंजक स्थापित कीजिए।</p>,Short Answer,3,2025,,,,,,,,,,,,,,,,
Board,Class 12th,Hindi,Physics,Electric Charges and Fields,1,<p>Q. गॉस प्रमेय की सहायता से कूलॉम के व्युत्क्रम वर्ग नियम का सत्यापन कीजिए।</p>,Long Answer,5,2025,,,,,,,,,,,,,,,,
Board,Class 12th,Hindi,Physics,Moving Charges and Magnetism,4,<p>Q. एक समान चुंबकीय क्षेत्र में स्थित एक चुंबक पर लगने वाले बलयुग्म आघूर्ण के लिये व्यंजक स्थापित कीजिए।</p>,Long Answer,5,2025,,,,,,,,,,,,,,,,
Board,Class 12th,Hindi,Physics,Electromagnetic Induction,6,<p>Q. दो समतल वृत्ताकार कुण्डलियों के मध्य अन्योन्य प्रेरकत्व के लिये व्यंजक ज्ञात कीजिये।</p>,Long Answer,5,2025,,,,,,,,,,,,,,,,
Board,Class 12th,Hindi,Physics,Ray Optics and Optical Instruments,9,<p>Q. सघन माध्यम में स्थित वस्तु की वास्तविक गहराई आभासी गहराई और माध्यम के अपवर्तनांक के मध्य संबंध स्थापित कीजिए।</p>,Long Answer,5,2025,,,,,,,,,,,,,,,,
Board,Class 12th,Hindi,Physics,Ray Optics and Optical Instruments,9,<p>Q. उत्तल लेंस के लिये लेंस निर्माता का सूत्र स्थापित कीजिए।</p>,Numerical Answer,3,2025,,,,,,,,,,,,,,,,
Board,Class 12th,Hindi,Chemistry,Biomolecules,10,<p>Q. R.N.A. में कौन नहीं पाया जाता? (i) थायमीन (ii) यूरेसिल (iii) एडिनीन (iv) ग्वानीन</p>,Multiple Choice Question,1,2016,,,,,,,,,,,,,,,,
Board,Class 12th,Hindi,Chemistry,Coordination Compounds,5,,Fill in the Blanks,1,2016,,,,,,,,,,,,,,,,
Board,Class 12th,Hindi,Chemistry,Electrochemistry,2,<p>Q. मानक हाइड्रोजन इलेक्ट्रोड में विभव का मान _____ होता है।</p>,Fill in the Blanks,1,2016,,,,,,,,,,,,,,,,
Board,Class 12th,Hindi,Chemistry,Amines,9,<p>Q. मस्टर्ड ऑयल अभिक्रिया का मुख्य उत्पाद _____ होता है।</p>,Fill in the Blanks,1,2016,,,,,,,,,,,,,,,,
Board,Class 12th,Hindi,Chemistry,Amines,9,<p>Q. मेथिल आइसोसायनामाइड बनाने की क्रिया का क्या नाम है?</p>,Very Short Answer,2,2016,,,,,,,,,,,,,,,,
Board,Class 12th,Hindi,Chemistry,Biomolecules,10,<p>Q. दूध में उपस्थित डाईसैकेराइड शर्करा क्या कहलाती है?</p>,Very Short Answer,2,2016,,,,,,,,,,,,,,,,
Board,Class 12th,Hindi,Chemistry,Biomolecules,10,<p>Q. प्रोटीन के विकृतिकरण से आप क्या समझते हैं?</p>,Very Short Answer,2,2016,,,,,,,,,,,,,,,,
Board,Class 12th,Hindi,Chemistry,Biomolecules,10,<p>Q. RNA तथा DNA में दो अन्तर लिखिए।</p>,Very Short Answer,2,2016,,,,,,,,,,,,,,,,
Board,Class 12th,Hindi,Chemistry,The d- and f-Block Elements,4,<p>Q. द्विक लवण और संकुल लवण में अन्तर लिखिए।</p>,Very Short Answer,2,2016,,,,,,,,,,,,,,,,
Board,Class 12th,Hindi,Chemistry,The d- and f-Block Elements,4,<p>Q. निम्नलिखित यौगिकों के IUPAC पद्धति में नाम लिखिए : (A) \( K_2[PtCl_6] \) (B) \([Co(NH_3)_6]Cl_3\)</p>,Very Short Answer,2,2016,,,,,,,,,,,,,,,,
Board,Class 12th,Hindi,Chemistry,Chemical Kinetics,3,<p>Q. निम्नलिखित पर टिप्पणी लिखिए- (i) देहली ऊर्जा (ii) सक्रियण ऊर्जा</p>,Short Answer,3,2016,,,,,,,,,,,,,,,,
Board,Class 12th,Hindi,Chemistry,Chemical Kinetics,3,<p>Q. अभिक्रिया की कोटि से आप क्या समझते हो? प्रथम कोटि की अभिक्रिया के कोई तीन उदाहरण लिखिए।</p>,Short Answer,3,2016,,,,,,,,,,,,,,,,
Board,Class 12th,Hindi,Chemistry,Haloalkanes and Haloarenes,6,<p>Q. क्लोरोफॉर्म से निम्नलिखित कैसे बनाओगे- (i) क्लोरीटोन (ii) फेनिल आइसोसायनाइड (iii) एसिटिलीन (iv) सैलिसैल्डीहाइड</p>,Long Answer,5,2016,,,,,,,,,,,,,,,,
Board,Class 12th,Hindi,Chemistry,Haloalkanes and Haloarenes,6,"<p>Q. क्या होता है जब (केवल समीकरण लिखिए)- (i) ऐसीटोन को आयोडीन के क्षारीय विलयन के साथ गर्म किया जाता है।</p>
<p>Q. (ii) क्लोरोबेंजीन को क्लोरल के साथ \( \text{H}_2\text{SO}_4 \) की उपस्थिति में गर्म किया जाता है।</p>
<p>Q. (iii) क्लोरोबेंजीन को ईथर की उपस्थिति में सोडियम के साथ गर्म किया जाता है।</p>
<p>Q. (iv) एथिल ब्रोमाइड को ऐल्कोहॉलीय \( \text{KOH} \) के साथ गर्म किया जाता है।</p>",Long Answer,5,2016,,,,,,,,,,,,,,,,
Board,Class 12th,Hindi,Chemistry,"Alcohols, Phenols and Ethers",7,<p>Q. प्राथमिक द्वितीयक तथा तृतीयक ऐल्कोहॉल में विभेद की विक्टर मेयर विधि को समीकरणों द्वारा समझाइए।</p>,Long Answer,5,2016,,,,,,,,,,,,,,,,
Board,Class 12th,Hindi,Chemistry,"Alcohols, Phenols and Ethers",7,<p>Q. (i) फीनोल से कैसे प्राप्त करोगे- (a) 24 \(6\)-ट्राइब्रोमोफीनोल (b) पिक्रिक अम्ल (ii) डाई एथिल ईथर की HI अम्ल के साथ क्या क्रिया होती है?</p>,Long Answer,5,2016,,,,,,,,,,,,,,,,
Board,Class 12th,Hindi,Chemistry,"Aldehydes, Ketones and Carboxylic Acids",8,<p>Q. शीष्र सिरका विधि द्वारा ऐसीटिक अम्ल बनाने का वर्णन निम्न बिन्दुओं के आधार पर कीजिए- (i) संयंत्र का चित्र (ii) विधि (iii) अभिक्रिया का समीकरण (iv) कोई एक सावधानी।</p>,Long Answer,5,2016,,,,,,,,,,,,,,,,
Board,Class 12th,Hindi,Chemistry,"Aldehydes, Ketones and Carboxylic Acids",8,<p>Q. क्या होता है जब- (i) ऐसीटिल क्लोराइड का पैलेडियम युक्त बेरियम सल्फेट की उपस्थिति में \( \text{H}_2 \) द्वारा अपचयन करते हैं? (ii) बेन्जैल्डिहाइड को 45% \( \text{NaOH} \) के साथ उबालते हैं? (iii) अमोनिया की क्रिया फॉर्मेल्डिहाइड से कराते हैं? (iv) ऐसीटिक अम्ल \( \text{PCl}_5 \) से क्रिया करता है?</p>,Long Answer,5,2016,,,,,,,,,,,,,,,,
Board,Class 12th,Hindi,Chemistry,Electrochemistry,2,<p>Q. 5 ऐम्पियर विद्युत् धारा 30 मिनट तक AgNO₃ से भरे पात्र में प्रवाहित करने पर 10.07 ग्राम चाँदी जमा होती है तो चाँदी का वैद्युत रासायनिक तुल्यांक ज्ञात कीजिए। यदि हाइड्रोजन का रासायनिक तुल्यांक \(0.00001036\) है तो चाँदी का तुल्यांकी भार ज्ञात कीजिए।</p>,Long Answer,5,2016,,,,,,,,,,,,,,,,
Board,Class 12th,Hindi,Chemistry,Electrochemistry,2,"<p>Q. (i) संक्षारण से आप क्या समझते हो?</p>
<p>Q. (ii) संक्षारण (जंग) का विद्युत् रासायनिक सिद्धान्त लिखिए।</p>
<p>Q. (iii) संक्षारण रोकने के दो उपाय लिखिए।</p>",Long Answer,5,2016,,,,,,,,,,,,,,,,
Board,Class 12th,Hindi,Chemistry,Solutions,1,<p>Q. क्वथनांक में उन्नयन तथा मोलल क्वथन उन्नयन स्थिरांक से आप क्या समझते हो? इसकी सहायता से किसी अवाष्पशील विलेय का आण्विक द्रव्यमान कैसे ज्ञात करते हैं?</p>,Long Answer,5,2016,,,,,,,,,,,,,,,,
Board,Class 12th,Hindi,Chemistry,Solutions,1,"<p>Q. (a) आदर्श एवं अनादर्श-विलयनों में कोई दो अन्तर लिखिए।</p>
<p>Q. (b) ग्लूकोस के 5% विलयन का 25°C पर परासरण दाब ज्ञात कीजिए जबकि ग्लूकोज का आण्विक द्रव्यमान 180 है तथा \( R=0.0821 \, \text{लिटर वायुमण्डल} \) है।</p>",Long Answer,5,2016,,,,,,,,,,,,,,,,
Board,Class 12th,Hindi,Chemistry,The d- and f-Block Elements,4,<p>Q. (a) संक्रमण तत्व अनुचुम्बकीय क्यों होते हैं? (b) पोटैशियम परमैंगनेट के अम्लीय माध्यम में किन्हीं चार ऑक्सीकारक गुणों को समीकरण द्वारा समझाइए।</p>,Long Answer,5,2016,,,,,,,,,,,,,,,,
Board,Class 12th,Hindi,Chemistry,The d- and f-Block Elements,4,<p>Q. (a) लैन्थेनाइड तत्व क्या हैं? (b) लैन्थेनाइड संकुचन से आप क्या समझते हैं? (c) क्रोमिल क्लोराइड परीक्षण समीकरण सहित लिखiए।</p>,Long Answer,5,2016,,,,,,,,,,,,,,,,
Board,Class 12th,Hindi,Chemistry,Coordination Compounds,5,<p>Q. CsCl में यदि Cs<sup>+</sup> की को आर्डिनेशन संख्या 8 हो तो Cl<sup>-</sup> आयन की कोआर्डीनेशन संख्या होगी - (a) 8 (b) 4 (c) 6 (d) 12</p>,Multiple Choice Question,1,2017,,,,,,,,,,,,,,,,
Board,Class 12th,Hindi,Chemistry,Electrochemistry,2,<p>Q. सेल स्थिरांक की इकाई है - (a) ohm⁻¹ cm⁻¹ (b) cm (c) ohm cm (d) cm⁻¹</p>,Multiple Choice Question,1,2017,,,,,,,,,,,,,,,,
Board,Class 12th,Hindi,Chemistry,Chemical Kinetics,3,<p>Q. रासायनिक अभिक्रिया की दर निर्भर करती है - (a) सक्रिय द्रव्यमान पर (b) परमाणु द्रव्यमान पर (c) तुल्यांकी भार पर (d) आणविक द्रव्यमान पर</p>,Multiple Choice Question,1,2017,,,,,,,,,,,,,,,,
Board,Class 12th,Hindi,Chemistry,The d- and f-Block Elements,4,<p>Q. प्रस्फुटनरोधी कार्ब धात्विक यौगिक का सूत्र _____ है।</p>,Fill in the Blanks,1,2017,,,,,,,,,,,,,,,,
Board,Class 12th,Hindi,Chemistry,Biomolecules,10,<p>Q. अमीनो अम्लों को आपस में कौनसा बंध जोड़ता है।</p>,One Word Answer,1,2017,,,,,,,,,,,,,,,,
Board,Class 12th,Hindi,Chemistry,Amines,9,<p>Q. बेंजीन डायऐजोनियम क्लोराइड का सूत्र लिखिए।</p>,One Word Answer,1,2017,,,,,,,,,,,,,,,,
Board,Class 12th,Hindi,Chemistry,Coordination Compounds,5,<p>Q. [Fe(CN)₆]³⁻ में आयरन की आक्सीकरण संख्या लिखिए।</p>,One Word Answer,1,2017,,,,,,,,,,,,,,,,
Board,Class 12th,Hindi,Chemistry,Coordination Compounds,5,<p>Q. प्रभावी परमाणु संख्या क्या है। उदा. सहित समझाओ।</p>,Short Answer,3,2017,,,,,,,,,,,,,,,,
Board,Class 12th,Hindi,Chemistry,Coordination Compounds,5,<p>Q. निम्नलिखित यौगिकों के IUPAC नाम लिखिए- (i) \( K_2[HgI_4] \) (ii) \( [Ag(NH_3)_2]Cl \)</p>,Short Answer,3,2017,,,,,,,,,,,,,,,,
Board,Class 12th,Hindi,Chemistry,Biomolecules,10,<p>Q. कार्बोहाइड्रेट क्या हैं? इनके प्रकार लिखो।</p>,Short Answer,3,2017,,,,,,,,,,,,,,,,
Board,Class 12th,Hindi,Chemistry,Biomolecules,10,<p>Q. निम्नलिखित विटामिन की कमी से होनेवाले रोग लिखिए। (i) विटामिन A (ii) विटामिन D</p>,Short Answer,3,2017,,,,,,,,,,,,,,,,
Board,Class 12th,Hindi,Chemistry,Solutions,1,<p>Q. मोलरता व मोललता में अंतर लिखिये (कोई तीन)</p>,Short Answer,3,2017,,,,,,,,,,,,,,,,
Board,Class 12th,Hindi,Chemistry,Solutions,1,<p>Q. घनात्मक विचलन वाले विलयन व ऋणात्मक विचलन वाले विलयन में तीन अंतर लिखिए।</p>,Short Answer,3,2017,,,,,,,,,,,,,,,,
Board,Class 12th,Hindi,Chemistry,The d- and f-Block Elements,4,<p>Q. अंतर संक्रमण तत्व क्या है?</p>,Short Answer,3,2017,,,,,,,,,,,,,,,,
Board,Class 12th,Hindi,Chemistry,The d- and f-Block Elements,4,<p>Q. संक्रमण तत्व अच्छे उत्प्रेरक होते हैं स्पष्ट कीजिए।</p>,Short Answer,3,2017,,,,,,,,,,,,,,,,
Board,Class 12th,Hindi,Chemistry,The d- and f-Block Elements,4,<p>Q. लेन्थेनाइडों व ऐक्टीनाइडों में तीन अंतर लिखिए।</p>,Short Answer,3,2017,,,,,,,,,,,,,,,,
Board,Class 12th,Hindi,Chemistry,The d- and f-Block Elements,4,<p>Q. पायरोलुसाइट से KMnO₄ बनाने की विधी को रासायनिक समीकरण सहित लिखिए।</p>,Short Answer,3,2017,,,,,,,,,,,,,,,,
Board,Class 12th,Hindi,Chemistry,Chemical Kinetics,3,<p>Q. अभिक्रिया की दर को प्रभावित करनेवाले चार कारकों को लिखिए।</p>,Short Answer,3,2017,,,,,,,,,,,,,,,,
Board,Class 12th,Hindi,Chemistry,Chemical Kinetics,3,<p>Q. अभिक्रिया का अर्ध्दआयुकाल क्या है? प्रथम कोटि अभिक्रिया के लिए अर्ध्दआयुकाल की गणना कीजिए।</p>,Short Answer,3,2017,,,,,,,,,,,,,,,,
Board,Class 12th,Hindi,Chemistry,Solutions,1,<p>Q. यदि NaOH की 4 ग्राम मात्रा 500 मिली विलयन में उपस्थित है तो विलयन की नार्मलता ज्ञात कीजिए।</p>,Short Answer,3,2017,,,,,,,,,,,,,,,,
Board,Class 12th,Hindi,Chemistry,The d- and f-Block Elements,4,<p>Q. लोहे के निष्कर्षण की वात्याभट्टी का नामांकित चित्र बनाइए व उसमें होनेवाली रासायनिक क्रियाऐं लिखिए।</p>,Short Answer,3,2017,,,,,,,,,,,,,,,,
Board,Class 12th,Hindi,Chemistry,The d- and f-Block Elements,4,<p>Q. तांबे पर नाइट्रिक अम्ल की होनेवाली चार विभिन्न रासायनिक अभिक्रियाओं को समीकरण सहित लिखिए।</p>,Short Answer,3,2017,,,,,,,,,,,,,,,,
Board,Class 12th,Hindi,Chemistry,"Alcohols, Phenols and Ethers",7,<p>Q. एक एल्कोहोल 'A' सांद्र \( \text{H}_2\text{SO}_4 \) के साथ गर्म करने पर एल्कीन 'B' देता है। 'B' को ब्रोमीन जल में प्रवाहित करने पर प्राप्त यौगिक का सोडामाइड की अधिकता द्वारा विहाइड्रोजनीकरण करने पर एक नया यौगिक 'C' बनता है। 'C' \( \text{HgSO}_4 \) की उपस्थिति में \( \text{H}_2\text{SO}_4 \) से क्रिया कर यौगिक 'D' देता है। 'A' 'B' 'C' 'D' यौगिक पहचानिए।</p>,Short Answer,3,2017,,,,,,,,,,,,,,,,
Board,Class 12th,Hindi,Chemistry,"Alcohols, Phenols and Ethers",7,<p>Q. फिनॉल और एल्कोहोल में अंतर लिखिए। (कोई चार)</p>,Short Answer,3,2017,,,,,,,,,,,,,,,,
Board,Class 12th,Hindi,Chemistry,"Alcohols, Phenols and Ethers",7,<p>Q. निम्न को समझाइये। (i) लुकास अभिकर्मक (ii) रीमर टीमन अभिक्रिया</p>,Short Answer,3,2017,,,,,,,,,,,,,,,,
Board,Class 12th,Hindi,Chemistry,"Aldehydes, Ketones and Carboxylic Acids",8,<p>Q. संक्षिप्त टिप्पणी लिखिए: (i) पर्किन अभिक्रिया (ii) यूरोट्रोपीन</p>,Short Answer,3,2017,,,,,,,,,,,,,,,,
Board,Class 12th,Hindi,Chemistry,"Aldehydes, Ketones and Carboxylic Acids",8,<p>Q. क्या होता है जब- (समीकरणों द्वारा समझाओ) (i) ऐसीटोन को सान्द्र \( \text{H}_2\text{SO}_4 \) के साथ गर्म किया जाता है। (ii) बेंजोइक अम्ल \( \text{SOCl}_2 \) से क्रिया करता है। (iii) एसिटिक अम्ल अमोनिया से क्रिया करता है। (iv) एसिटिक अम्ल कास्टिक सोड़ा से क्रिया करता है।</p>,Long Answer,5,2017,,,,,,,,,,,,,,,,
Board,Class 12th,Hindi,Chemistry,Electrochemistry,2,<p>Q. कोलरॉश का नियम क्या है? इसका एक अनुप्रयोग लिखिये।</p>,Long Answer,5,2017,,,,,,,,,,,,,,,,
Board,Class 12th,Hindi,Chemistry,Electrochemistry,2,<p>Q. मानक हाइड्रोजन इलेक्ट्रोड क्या है? यह कैसे बनाया जाता है।</p>,Long Answer,5,2017,,,,,,,,,,,,,,,,
Board,Class 12th,Hindi,Chemistry,"Aldehydes, Ketones and Carboxylic Acids",8,<p>Q. ब्रॉडी के ओजोनाइजर का चित्र सहित वर्णन कीजिए।</p>,Long Answer,5,2017,,,,,,,,,,,,,,,,
Board,Class 12th,Hindi,Chemistry,The d- and f-Block Elements,4,"<p>Q. Fe, Co, Ni किस प्रकार के चुम्बकीय पदार्थ हैं? (i) अनुचुम्बकीय (ii) लोहचुम्बकीय (iii) प्रतिचुम्बकीय (iv) प्रतिलोहचुम्बकीय</p>",Multiple Choice Question,1,2018,,,,,,,,,,,,,,,,
Board,Class 12th,Hindi,Chemistry,Coordination Compounds,5,<p>Q. हेक्सा एम्मीन कोबाल्ट (III) आयन में कोबाल्ट की ऑक्सीकरण संख्या है : (i) +1 (ii) +2 (iii) +3 (iv) +4</p>,Multiple Choice Question,1,2018,,,,,,,,,,,,,,,,
Board,Class 12th,Hindi,Chemistry,The d- and f-Block Elements,4,<p>Q. आयरन के निष्कर्षण में प्रयुक्त अपचायक है : (i) CO (ii) C (iii) \( H_2 \) (iv) Cu</p>,Multiple Choice Question,1,2018,,,,,,,,,,,,,,,,
Board,Class 12th,Hindi,Chemistry,Amines,9,<p>Q. प्राथमिक अमीन का सामान्य सूत्र _____ होता है।</p>,Fill in the Blanks,1,2018,,,,,,,,,,,,,,,,
Board,Class 12th,Hindi,Chemistry,"Alcohols, Phenols and Ethers",7,<p>Q. एथेनॉल का क्वथनांक _____ होता है।</p>,Fill in the Blanks,1,2018,,,,,,,,,,,,,,,,
Board,Class 12th,Hindi,Chemistry,"Aldehydes, Ketones and Carboxylic Acids",8,<p>Q. एसिटिक अम्ल का आणविक सूत्र _____ है।</p>,Fill in the Blanks,1,2018,,,,,,,,,,,,,,,,
Board,Class 12th,Hindi,Chemistry,The d- and f-Block Elements,4,<p>Q. वह धातु जो कमरे के तापमान पर द्रव अवस्था में रहती है।</p>,One Word Answer,1,2018,,,,,,,,,,,,,,,,
Board,Class 12th,Hindi,Chemistry,The d- and f-Block Elements,4,<p>Q. सबसे हल्की गैस का नाम।</p>,One Word Answer,1,2018,,,,,,,,,,,,,,,,
Board,Class 12th,Hindi,Chemistry,The d- and f-Block Elements,4,<p>Q. फेरिक हाइड्रॉक्साइड सॉल का स्कंदन कैसे करेंगे?</p>,Very Short Answer,2,2018,,,,,,,,,,,,,,,,
Board,Class 12th,Hindi,Chemistry,biomolecules ,#N/A,<p>Q. विकृतीकरण किसे कहते हैं?</p>,Very Short Answer,2,2018,,,,,,,,,,,,,,,,
Board,Class 12th,Hindi,Chemistry,Biomolecules,10,<p>Q. एंजाइम क्या हैं? एंजाइम उत्प्रेरण की क्रियाविधि समझाइए।</p>,Long Answer,5,2018,,,,,,,,,,,,,,,,
Board,Class 12th,Hindi,Chemistry,Electrochemistry,2,<p>Q. वैद्युत अपघटनी चालकता क्या है? इसे प्रभावित करने वाले कारक लिखिए।</p>,Long Answer,5,2018,,,,,,,,,,,,,,,,
Board,Class 12th,Hindi,Chemistry,Electrochemistry,2,<p>Q. सान्द्रता सेल क्या है? इसका एक उदाहरण दीजिए।</p>,Long Answer,5,2018,,,,,,,,,,,,,,,,
Board,Class 12th,Hindi,Chemistry,Chemical Kinetics,3,<p>Q. प्रथम कोटि अभिक्रिया के लिए दर स्थिरांक की इकाई लिखिए।</p>,Long Answer,5,2018,,,,,,,,,,,,,,,,
Board,Class 12th,Hindi,Chemistry,The d- and f-Block Elements,4,<p>Q. संक्रमण धातुओं के गुण लिखिए।</p>,Long Answer,5,2018,,,,,,,,,,,,,,,,
Board,Class 12th,Hindi,Chemistry,The d- and f-Block Elements,4,<p>Q. लैंथेनाइड संकुचन क्या है? इसके कारण लिखिए।</p>,Long Answer,5,2018,,,,,,,,,,,,,,,,
Board,Class 12th,Hindi,Chemistry,Coordination Compounds,5,<p>Q. संकुल यौगिकों के अनुप्रयोग लिखिए।</p>,Long Answer,5,2018,,,,,,,,,,,,,,,,
Board,Class 12th,Hindi,Chemistry,Haloalkanes and Haloarenes,6,<p>Q. न्यूक्लियोफाइलिक प्रतिस्थापन अभिक्रिया क्या है? SN1 और SN2 में अंतर लिखिए।</p>,Long Answer,5,2018,,,,,,,,,,,,,,,,
Board,Class 12th,Hindi,Chemistry,"Alcohols, Phenols and Ethers",7,<p>Q. ऐल्कोहॉल में हाइड्रोजन बंधन समझाइए।</p>,Long Answer,5,2018,,,,,,,,,,,,,,,,
Board,Class 12th,Hindi,Chemistry,"Aldehydes, Ketones and Carboxylic Acids",8,<p>Q. कैनिजारो अभिक्रिया क्या है? उदाहरण सहित समझाइए।</p>,Long Answer,5,2018,,,,,,,,,,,,,,,,
Board,Class 12th,Hindi,Chemistry,"Aldehydes, Ketones and Carboxylic Acids",8,<p>Q. एमाइड कैसे बनाते हैं? एमाइड के गुण लिखिए।</p>,Long Answer,5,2018,,,,,,,,,,,,,,,,
Board,Class 12th,Hindi,Chemistry,"Aldehydes, Ketones and Carboxylic Acids",8,<p>Q. हॉफमान ब्रोमामाइड अभिक्रिया क्या है?</p>,Short Answer,3,2018,,,,,,,,,,,,,,,,
Board,Class 12th,Hindi,Chemistry,Biomolecules,10,<p>Q. ग्लूकोज की संरचना लिखिए।</p>,Short Answer,3,2018,,,,,,,,,,,,,,,,
Board,Class 12th,Hindi,Chemistry,Solutions,1,"<p>Q. राउल्ट नियम क्या है? इसके अनुप्रयोग लिखिए।</p>
<p>Q. आदर्श एवं अनादर्श विलयन में अंतर लिखिए।</p>",Long Answer,5,2018,,,,,,,,,,,,,,,,
Board,Class 12th,Hindi,Chemistry,Electrochemistry,2,<p>Q. वैद्युत अपघटन क्या है? फैराडे के नियम लिखिए। वैद्युत रासायनिक तुल्यांक से आप क्या समझते हैं?</p>,Long Answer,5,2018,,,,,,,,,,,,,,,,
Board,Class 12th,Hindi,Chemistry,Chemical Kinetics,3,"<p>Q. अभिक्रिया की दर को प्रभावित करने वाले कारक लिखिए।</p>
<p>Q. अर्धायुकाल से आप क्या समझते हैं?</p>",Long Answer,5,2018,,,,,,,,,,,,,,,,
Board,Class 12th,Hindi,Chemistry,The d- and f-Block Elements,4,"<p>Q. धातुकर्म क्या है?</p>
<p>Q. सल्फाइड अयस्कों का सान्द्रण कैसे करते हैं?</p>
<p>Q. भर्जन और कैल्सीनेशन में अंतर लिखिए।</p>",Long Answer,5,2018,,,,,,,,,,,,,,,,
Board,Class 12th,Hindi,Chemistry,The d- and f-Block Elements,4,<p>Q. d-ब्लॉक तत्वों के सामान्य गुण लिखिए। मैंगनीज के ऑक्साइडों के नाम लिखिए।</p>,Long Answer,5,2018,,,,,,,,,,,,,,,,
Board,Class 12th,Hindi,Chemistry,Coordination Compounds,5,<p>Q. वर्नर सिद्धांत क्या है? समावयवता क्या है? ज्यामितीय समावयवता को उदाहरण सहित समझाइए।</p>,Long Answer,5,2018,,,,,,,,,,,,,,,,
Board,Class 12th,Hindi,Chemistry,Haloalkanes and Haloarenes,6,<p>Q. हैलोएल्केन कैसे बनाते हैं? वुर्ट्ज अभिक्रिया क्या है? फिटिंग अभिक्रिया लिखिए।</p>,Long Answer,5,2018,,,,,,,,,,,,,,,,
Board,Class 12th,Hindi,Chemistry,"Alcohols, Phenols and Ethers",7,"<p>Q. एल्कोहॉल के भौतिक गुण लिखिए।</p>
<p>Q. लुकास परीक्षण क्या है?</p>
<p>Q. फीनॉल की अम्लीय प्रकृति समझाइए।</p>",Long Answer,5,2018,,,,,,,,,,,,,,,,
Board,Class 12th,Hindi,Chemistry,"Aldehydes, Ketones and Carboxylic Acids",8,"<p>Q. एल्डिहाइड और कीटोन में अंतर लिखिए।</p>
<p>Q. एल्डोल संघनन अभिक्रिया लिखिए।</p>",Long Answer,5,2018,,,,,,,,,,,,,,,,
Board,Class 12th,Hindi,Chemistry,"Aldehydes, Ketones and Carboxylic Acids",8,<p>Q. कार्बोक्सिलिक अम्ल कैसे बनाते हैं? इनके भौतिक गुण लिखिए। कोल्बे अभिक्रिया लिखिए।</p>,Long Answer,5,2018,,,,,,,,,,,,,,,,
Board,Class 12th,Hindi,Chemistry,Amines,9,"<p>Q. प्राथमिक, द्वितीयक और तृतीयक अमीन में अंतर लिखिए।</p>
<p>Q. डायज़ोनियम लवण कैसे बनाते हैं?</p>",Long Answer,5,2018,,,,,,,,,,,,,,,,
Board,Class 12th,Hindi,Chemistry,Biomolecules,10,<p>Q. कार्बोहाइड्रेट क्या हैं? ग्लूकोज और फ्रक्टोज में अंतर लिखिए। सुक्रोज की संरचना लिखिए।</p>,Long Answer,5,2018,,,,,,,,,,,,,,,,
Board,Class 12th,Hindi,Chemistry,Biomolecules,10,<p>Q. प्रोटीन क्या हैं? प्रोटीन की संरचना के प्रकार लिखिए। एंजाइम क्या हैं?</p>,Long Answer,5,2018,,,,,,,,,,,,,,,,
Board,Class 12th,Hindi,Chemistry,The d- and f-Block Elements,4,<p>Q. चूना पत्थर अयस्क को गर्म करने पर कार्बन डाइआक्साइड मुक्त होती है। धात्विकी में इस प्रक्रम को कहते हैं - (a) प्रगलन (b) अयस्क प्रसाधन (c) निस्तापन (d) भर्जन</p>,Multiple Choice Question,1,2019,,,,,,,,,,,,,,,,
Board,Class 12th,Hindi,Chemistry,Amines,9,<p>Q. आइसोसायनाइड परीक्षण देता है - (a) 1° एमीन (b) फीनॉल (c) 2° एमीन (d) ट्राईएथिलएमीन</p>,Multiple Choice Question,1,2019,,,,,,,,,,,,,,,,
Board,Class 12th,Hindi,Chemistry,Biomolecules,10,<p>Q. दूध में उपस्थित डाइसैकेराइड है - (a) सुक्रोस (b) लैक्टोस (c) माल्टोस (d) सैलुलोस</p>,Multiple Choice Question,1,2019,,,,,,,,,,,,,,,,
Board,Class 12th,Hindi,Chemistry,Electrochemistry,2,<p>Q. पिघली अवस्था में सोडियम क्लोराइड के विद्युत का सुचालक होने का कारण _____ हैं।</p>,Fill in the Blanks,1,2019,,,,,,,,,,,,,,,,
Board,Class 12th,Hindi,Chemistry,The d- and f-Block Elements,4,<p>Q. कैल्कोपाइराइट _____ धातु का मुख्य अयस्क है।</p>,Fill in the Blanks,1,2019,,,,,,,,,,,,,,,,
Board,Class 12th,Hindi,Chemistry,Coordination Compounds,5,<p>Q. [Co(NH₃)₄Cl₂]Cl संकुल द्वारा जल में दिए गए कुल आयनों की संख्या _____ है।</p>,Fill in the Blanks,1,2019,,,,,,,,,,,,,,,,
Board,Class 12th,Hindi,Chemistry,Chemical Kinetics,3,<p>Q. आर्हीनियस समीकरण लिखिए।</p>,Very Short Answer,2,2019,,,,,,,,,,,,,,,,
Board,Class 12th,Hindi,Chemistry,The d- and f-Block Elements,4,<p>Q. निकिल के शोधन हेतु प्रयुक्त होने वाले प्रक्रम का नाम लिखिए।</p>,Very Short Answer,2,2019,,,,,,,,,,,,,,,,
Board,Class 12th,Hindi,Chemistry,The d- and f-Block Elements,4,<p>Q. संक्रमण धातुओं के लवण सामान्यतः रंगीन होते हैं। क्यों ?</p>,Very Short Answer,2,2019,,,,,,,,,,,,,,,,
Board,Class 12th,Hindi,Chemistry,Solutions,1,"<p>Q. यदि नाइट्रोजन गैस \( \text{N}_2 \) को 293 K पर जल में से प्रवाहित किया जाए तो एक लिटर जल में कितने मिलीमोल \( \text{N}_2 \) गैस विलेय होगी ? \( \text{N}_2 \) का आंशिक दाब \( 0.987 \) बार है तथा \( 293 \, \text{K} \) पर \( \text{N}_2 \) के लिए हेनरी स्थिरांक \( K_h \) का मान \( 76.48 \) बार है।</p>",Long Answer,5,2019,,,,,,,,,,,,,,,,
Board,Class 12th,Hindi,Chemistry,Solutions,1,"<p>Q. 298 K पर CO₂ गैस की जल में विलेयता के लिए हेनरी स्थिरांक का मान \(1.67 \times 10^{8} \, \text{Pa}\) है। 500 ml सोडा जल \(2.5 \, \text{atm}\) दाब पर बंद किया गया। 298 K ताप पर घुली हुई CO₂ की मात्रा की गणना कीजिए।</p>",Long Answer,5,2019,,,,,,,,,,,,,,,,
Board,Class 12th,Hindi,Chemistry,Coordination Compounds,5,<p>Q. निम्नलिखित संकुल आयनों में केन्द्रीय धातु में संकरण तथा ग्रहण की जाने वाली ज्यामिति का उल्लेख कीजिए - (i) \([Ni(Cl)_4]^{2-}\) (ii) \([Fe(CN)_6]^{3-}\)</p>,Very Short Answer,2,2019,,,,,,,,,,,,,,,,
Board,Class 12th,Hindi,Chemistry,Coordination Compounds,5,<p>Q. निम्नलिखित उपसहसंयोजी यौगिकों के IUPAC नाम लिखिए : (i) \( K_2[\text{Zn(OH)}_4] \) (ii) \( [\text{Ag}(\text{NH}_3)_2][\text{Ag}(\text{CN})_2] \)</p>,Very Short Answer,2,2019,,,,,,,,,,,,,,,,
Board,Class 12th,Hindi,Chemistry,Solutions,1,<p>Q. निम्नलिखित की परिभाषा लिखिए : (i) मोल प्रभाज (ii) मोललता (iii) मोलरता</p>,Very Short Answer,2,2019,,,,,,,,,,,,,,,,
Board,Class 12th,Hindi,Chemistry,Solutions,1,"<p>Q. एक पेयजल के नमूने में क्लोरोफार्म CHCl₃ सहित अनेक अशुद्धियाँ पाई जाती हैं, जो कि कैंसरजनक कार्सीनोजन होती हैं। इन अशुद्धियों का लेवल 15 ppm (द्रव्यमान की दृष्टि से) था। (i) इसे द्रव्यमान प्रतिशत में दर्शाइए (ii) जल के इस नमूने में क्लोरोफार्म की मोललता ज्ञात कीजिए।</p>",Long Answer,5,2019,,,,,,,,,,,,,,,,
Board,Class 12th,Hindi,Chemistry,Amines,9,"<p>Q. निम्नलिखित अभिक्रियाओं को पूर्ण कीजिए - (i) RCN + 4H \(\xrightarrow{LiAlH_4}\) _____</p>
<p>Q. (ii) RCONH₂ + Br₂ + 4KOH → _____ + _____ + _____ + _____</p>
<p>Q. (iii) RNO₂ + H \(\xrightarrow{Sn/HCl}\) _____ + _____</p>",Long Answer,5,2019,,,,,,,,,,,,,,,,
Board,Class 12th,Hindi,Chemistry,Amines,9,<p>Q. कारण समझाइए - (i) एनीलीन साइक्लोहैक्सिल एमीन की अपेक्षा दुर्बल क्षारक होता है। (ii) मेथिल एमीन के विलयन में सिल्वर क्लोराइड घुल जाता है। (iii) एल्किल हैलाइड के अमोनीय अपघटन से शुद्ध एमीन बनाना कठिन है।</p>,Long Answer,5,2019,,,,,,,,,,,,,,,,
Board,Class 12th,Hindi,Chemistry,Biomolecules,10,<p>Q. ज्विटर आयन तथा प्रोटीन विकृतिकरण क्या होते हैं ?</p>,Short Answer,3,2019,,,,,,,,,,,,,,,,
Board,Class 12th,Hindi,Chemistry,Biomolecules,10,<p>Q. डीएनए अंगुलि छापन क्या है ? इसका महत्व क्यों है ?</p>,Short Answer,3,2019,,,,,,,,,,,,,,,,
Board,Class 12th,Hindi,Chemistry,Chemical Kinetics,3,<p>Q. निम्नलिखित अभिक्रियाओं के वेग व्यंजकों से इनकी अभिक्रिया कोटि तथा वेग स्थिरांक की इकाइयाँ ज्ञात कीजिए : (i) \( 3\text{NO}_{(g)} \rightarrow \text{N}_2\text{O}_{(g)} \); वेग = \( k[\text{NO}]^2 \) (ii) \( \text{H}_2\text{O}_2_{(aq)} + 3\text{I}^-_{(aq)} + 2\text{H}^+ \rightarrow 2\text{H}_2\text{O}_{(l)} + \text{I}_3^- \); वेग = \( k[\text{H}_2\text{O}_2][\text{I}^-] \) (iii) \( \text{CH}_3\text{CHO}_{(g)} \rightarrow \text{CH}_4_{(g)} + \text{CO}_2_{(g)} \); वेग = \( k[\text{CH}_3\text{CHO}]^{\frac{3}{2}} \) (iv) \( \text{C}_2\text{H}_5\text{Cl}_{(g)} \rightarrow \text{C}_2\text{H}_4_{(g)} + \text{HCl}_{(g)} \); वेग = \( k[\text{C}_2\text{H}_5\text{Cl}] \)</p>,Long Answer,5,2019,,,,,,,,,,,,,,,,
Board,Class 12th,Hindi,Chemistry,Chemical Kinetics,3,<p>Q. सिद्ध कीजिए की प्रथम कोटि की अभिक्रिया का अर्द्ध आयुकाल अभिकारक की प्रारंभिक सांद्रता पर निर्भर नहीं करता।</p>,Long Answer,5,2019,,,,,,,,,,,,,,,,
Board,Class 12th,Hindi,Chemistry,The d- and f-Block Elements,4,<p>Q. पोटैशियम परमैंगनेट के अम्लीय माध्यम में कोई चार आक्सीकारक गुणों को रासायनिक समीकरण द्वारा समझाइए।</p>,Long Answer,5,2019,,,,,,,,,,,,,,,,
Board,Class 12th,Hindi,Chemistry,The d- and f-Block Elements,4,<p>Q. प्रथम संक्रमण श्रेणी के तत्वों में निम्नलिखित गुणों में परिवर्तन की विवेचना कीजिए - (i) परमाण्वीय त्रिज्या (ii) आयनन ऊर्जा (iii) धात्विक लक्षण (iv) आक्सीकरण अवस्थाएँ</p>,Long Answer,5,2019,,,,,,,,,,,,,,,,
Board,Class 12th,Hindi,Chemistry,Haloalkanes and Haloarenes,6,<p>Q. एल्किल हैलाइड में नाभिक स्नेही प्रतिस्थापन अभिक्रिया कैसे होती है ? इसकी क्रियाविधि दीजिए।</p>,Long Answer,5,2019,,,,,,,,,,,,,,,,
Board,Class 12th,Hindi,Chemistry,Haloalkanes and Haloarenes,6,<p>Q. विलोपन अभिक्रिया किसे कहते हैं? इससे संबंधित सेटजेफ नियम का उल्लेख कीजिए।</p>,Long Answer,5,2019,,,,,,,,,,,,,,,,
Board,Class 12th,Hindi,Chemistry,"Alcohols, Phenols and Ethers",7,<p>Q. ऐल्कोहल तथा फिनॉल में अंतर लिखिए।</p>,Short Answer,3,2019,,,,,,,,,,,,,,,,
Board,Class 12th,Hindi,Chemistry,"Alcohols, Phenols and Ethers",7,<p>Q. ऐल्कोहल तथा डाइएथिल ईथर में पहचान कैसे करेंगे?</p>,Long Answer,5,2019,,,,,,,,,,,,,,,,
Board,Class 12th,Hindi,Chemistry,"Aldehydes, Ketones and Carboxylic Acids",8,<p>Q. क्या होता है जबकि इथेनल का अपचयन किया जाता है - (i) क्लीमेंशन (ii) वुल्फकिश्नर (iii) LiAlH₄ द्वारा तथा (iv) Na-Hg/H₂O द्वारा</p>,Long Answer,5,2019,,,,,,,,,,,,,,,,
Board,Class 12th,Hindi,Chemistry,Amines,9,<p>Q. निम्नलिखित अभिक्रियाओं के रासायनिक समीकरण लिखिए - (i) सैण्डमेयर अभिक्रिया (ii) स्टीफन अभिक्रिया (iii) हॉफमैन ब्रोमामाइड अभिक्रिया (iv) हैलोफार्म अभिक्रया</p>,Long Answer,5,2019,,,,,,,,,,,,,,,,
Board,Class 12th,Hindi,Chemistry,Electrochemistry,2,"<p>Q. (a) कोलरॉश के नियम को परिभाषित कीजिए। (b) 0.025 mol L⁻¹ मीथेनोईक अम्ल की चालकता 46.15 Scm² mol⁻¹ है, इसकी वियोजन मात्रा एवं वियोजन स्थिरांक का परिकलन कीजिए। दिया गया है- \( \lambda^\circ(H^+) = 349.6 \, \text{Scm}^2 \, \text{mol}^{-1} \) एवं \( \lambda^\circ(HCOO^-) = 54.6 \, \text{Scm}^2 \, \text{mol}^{-1} \)</p>",Long Answer,5,2019,,,,,,,,,,,,,,,,
Board,Class 12th,Hindi,Chemistry,Electrochemistry,2,"<p>Q. (a) सेल स्थिरांक किसे कहते हैं? विशिष्ट चालकता व सेल स्थिरांक के बीच क्या सम्बन्ध है ? (b) 298 K पर एक चालकता सेल जिसमें 0.001 M KCl विलयन है का प्रतिरोध 1500 Ω है, यदि 0.001 M KCl विलयन की चालकता 298 K पर \(0.146 \times 10^{-3} \, \text{Scm}^{-1}\) हो तो सेल स्थिरांक क्या है ?</p>",Long Answer,5,2019,,,,,,,,,,,,,,,,
Board,Class 12th,Hindi,Chemistry,Chemical Kinetics,3,"<p>Q. अर्द्ध आयुकाल प्रथम कोटि अभिक्रिया हेतु होगा जबकि \( K=5.5 \times 10^{-14} \, \text{s}^{-1} \) हो</p>",Short Answer,3,2020,,,,,,,,,,,,,,,,
Board,Class 12th,Hindi,Chemistry,Coordination Compounds,5,<p>Q. K₄[Fe(CN)₆] में आयरन की ऑक्सीकरण संख्या होगी</p>,One Word Answer,1,2020,,,,,,,,,,,,,,,,
Board,Class 12th,Hindi,Chemistry,Amines,9,<p>Q. एथिल एमीन जल में विलेय है जबकि एनिलीन नहीं</p>,Short Answer,3,2020,,,,,,,,,,,,,,,,
Board,Class 12th,Hindi,Chemistry,Biomolecules,10,<p>Q. आँवला में विटामिन _____ पाया जाता है</p>,Fill in the Blanks,1,2020,,,,,,,,,,,,,,,,
Board,Class 12th,Hindi,Chemistry,The d- and f-Block Elements,4,<p>Q. मरकरी _____ धातु है</p>,Fill in the Blanks,1,2020,,,,,,,,,,,,,,,,
Board,Class 12th,Hindi,Chemistry,Solutions,1,<p>Q. मोल प्रभाज (अंश) को समझाइये</p>,Short Answer,3,2020,,,,,,,,,,,,,,,,
Board,Class 12th,Hindi,Chemistry,Solutions,1,<p>Q. मोलरता को परिभाषित कीजिये</p>,Short Answer,3,2020,,,,,,,,,,,,,,,,
Board,Class 12th,Hindi,Chemistry,Coordination Compounds,5,<p>Q. निम्न को समझाइये : (a) लीगेण्ड (b) समन्वयन संख्या</p>,Long Answer,5,2020,,,,,,,,,,,,,,,,
Board,Class 12th,Hindi,Chemistry,Solutions,1,<p>Q. उपसहसंयोजी यौगिकों में आयनन समावयवता का एक उदाहरण दीजिये</p>,Short Answer,3,2020,,,,,,,,,,,,,,,,
Board,Class 12th,Hindi,Chemistry,Solutions,1,<p>Q. आदर्श एवं अनादर्श विलयन में तीन अन्तर दीजिये</p>,Short Answer,3,2020,,,,,,,,,,,,,,,,
Board,Class 12th,Hindi,Chemistry,Solutions,1,<p>Q. शुद्ध जल की मोललता ज्ञात कीजिये (H₂O=18)</p>,Long Answer,5,2020,,,,,,,,,,,,,,,,
Board,Class 12th,Hindi,Chemistry,Amines,9,<p>Q. निम्न को समझाइये : (a) कार्बाइलएमीन अभिक्रिया (b) हॉफमेन ब्रोमाईड अभिक्रिया</p>,Long Answer,5,2020,,,,,,,,,,,,,,,,
Board,Class 12th,Hindi,Chemistry,Amines,9,"<p>Q. क्या होता है जब : (i) एथिल एमीन नाईट्रस अम्ल से क्रिया करता है (ii) ऐनिलीन जलीय माध्यम में ब्रोमीन जल से क्रिया करता है (iii) ऐनिलीन सोडियम नाईट्राईट व हाईड्रोक्लोरिक अम्ल के साथ \( 278 \, \text{K} \) पर क्रिया करता है</p>",Long Answer,5,2020,,,,,,,,,,,,,,,,
Board,Class 12th,Hindi,Chemistry,Biomolecules,10,<p>Q. आर.एन.ए. व डी.एन.ए. में तीन अंतर दीजिये</p>,Short Answer,3,2020,,,,,,,,,,,,,,,,
Board,Class 12th,Hindi,Chemistry,Chemical Kinetics,3,<p>Q. अर्द्धआयु से क्या आशय है ? सिद्ध करो कि प्रथम कोटि अभिक्रिया का अर्द्धआयुकाल प्रारम्भिक सान्द्रता पर निर्भर नहीं करता है</p>,Long Answer,5,2020,,,,,,,,,,,,,,,,
Board,Class 12th,Hindi,Chemistry,Chemical Kinetics,3,<p>Q. प्रथम कोटि अभिक्रिया हेतु वेग (दर) स्थिरांक समीकरण की व्युत्पत्ति कीजिये</p>,Long Answer,5,2020,,,,,,,,,,,,,,,,
Board,Class 12th,Hindi,Chemistry,The d- and f-Block Elements,4,<p>Q. पोटेशियम परमैंगनेट की ऑक्सीकरण क्रियाएँ लिखिए (कोई चार)</p>,Long Answer,5,2020,,,,,,,,,,,,,,,,
Board,Class 12th,Hindi,Chemistry,The d- and f-Block Elements,4,<p>Q. लैन्थेनाईड व एक्टिनाईड में चार अन्तर दीजिये</p>,Short Answer,3,2020,,,,,,,,,,,,,,,,
Board,Class 12th,Hindi,Chemistry,Haloalkanes and Haloarenes,6,"<p>Q. (i) क्लोरोफॉर्म को सुरक्षित भंडारण कैसे करते हैं?</p>
<p>Q. (ii) \( \text{CHCl}_3 \) व \( \text{CHI}_3 \) के I.U.P.A.C. नाम लिखो</p>",Long Answer,5,2020,,,,,,,,,,,,,,,,
Board,Class 12th,Hindi,Chemistry,"Aldehydes, Ketones and Carboxylic Acids",8,<p>Q. निम्नलिखित अभिक्रियाओं को समझाइये (a) राइमर - टीमन अभिक्रिया (b) कोल्बे अभिक्रिया</p>,Long Answer,5,2020,,,,,,,,,,,,,,,,
Board,Class 12th,Hindi,Chemistry,"Alcohols, Phenols and Ethers",7,<p>Q. अल्कोहल व फीनॉल में चार अन्तर लिखिए</p>,Short Answer,3,2020,,,,,,,,,,,,,,,,
Board,Class 12th,Hindi,Chemistry,"Aldehydes, Ketones and Carboxylic Acids",8,<p>Q. निम्नलिखित अभिक्रियाओं को समझाइये : (a) ईटॉर्ड अभिक्रिया (b) गाट्टरमेन कोच अभिक्रिया (c) ऐल्डोल संघनन</p>,Long Answer,5,2020,,,,,,,,,,,,,,,,
Board,Class 12th,Hindi,Chemistry,"Aldehydes, Ketones and Carboxylic Acids",8,"<p>Q. (i) केनिजारो अभिक्रिया को समझाइये</p>
<p>Q. (ii) ऐल्डिहाईड की पहचान हेतु रजतदर्पण परीक्षण लिखिये</p>",Long Answer,5,2020,,,,,,,,,,,,,,,,
Board,Class 12th,Hindi,Chemistry,Electrochemistry,2,<p>Q. कोलरॉश का नियम लिखिये एवं इसके दो अनुप्रयोगों का संक्षेप में वर्णन कीजिये।</p>,Long Answer,5,2020,,,,,,,,,,,,,,,,
Board,Class 12th,Hindi,Chemistry,Electrochemistry,2,<p>Q. (i) संक्षारण को परिभाषित कीजिये एवं संक्षारण से बचाव के दो उपाय लिखिये (ii) सीसा संचायक सेल के आवेशन व अनावेशन के रासायनिक समीकरण लिखिये</p>,Long Answer,5,2020,,,,,,,,,,,,,,,,
Board,Class 12th,Hindi,Chemistry,The d- and f-Block Elements,4,<p>Q. कैलोमल है - (a) \(Hg_2Cl_2\) (b) \(HgCl_2\) (c) \(Hg_2Cl_2+Hg\) (d) \(HgCl_2+Hg\)</p>,Multiple Choice Question,1,2022,,,,,,,,,,,,,,,,
Board,Class 12th,Hindi,Chemistry,Chemical Kinetics,3,<p>Q. अभिक्रिया की दर अभिकारक के सान्द्रण के _____ होती है।</p>,Fill in the Blanks,1,2022,,,,,,,,,,,,,,,,
Board,Class 12th,Hindi,Chemistry,Chemical Kinetics,3,<p>Q. आर्हीनियस समीकरण लिखिए।</p>,Short Answer,3,2022,,,,,,,,,,,,,,,,
Board,Class 12th,Hindi,Chemistry,"Aldehydes, Ketones and Carboxylic Acids",8,<p>Q. बैन्जेल्डिहाइड की \( KCN \) के साथ होने वाली संघनन क्रिया का नाम लिखिए।</p>,Short Answer,3,2022,,,,,,,,,,,,,,,,
Board,Class 12th,Hindi,Chemistry,Amines,9,"<p>Q. तृतीयक एमीन का एसिटिलीकरण नहीं होता, क्यों ?</p>",Short Answer,3,2022,,,,,,,,,,,,,,,,
Board,Class 12th,Hindi,Chemistry,Biomolecules,10,"<p>Q. बाल, ऊन तथा रेशम में उपस्थित प्रोटीन का नाम लिखिए।</p>",Short Answer,3,2022,,,,,,,,,,,,,,,,
Board,Class 12th,Hindi,Chemistry,Solutions,1,<p>Q. जल की मोललता की गणना कीजिये।</p>,Short Answer,3,2022,,,,,,,,,,,,,,,,
Board,Class 12th,Hindi,Chemistry,Solutions,1,<p>Q. मोलरता को परिभाषित कीजिए।</p>,Short Answer,3,2022,,,,,,,,,,,,,,,,
Board,Class 12th,Hindi,Chemistry,Coordination Compounds,5,<p>Q. द्विकलवण और सकुल यौगिक में दो अन्तर लिखिये।</p>,Short Answer,3,2022,,,,,,,,,,,,,,,,
Board,Class 12th,Hindi,Chemistry,Coordination Compounds,5,<p>Q. निम्न उपसहसंयोजी यौगिकों के IUPAC नाम लिखिए : (i) \( K_4[Fe(CN)_6] \) (ii) \( [Co(NH_3)_6]Cl_3 \)</p>,Short Answer,3,2022,,,,,,,,,,,,,,,,
Board,Class 12th,Hindi,Chemistry,Amines,9,<p>Q. प्राथमिक और द्वितीयक एमीन के उदाहरण लिखिए।</p>,Very Short Answer,2,2022,,,,,,,,,,,,,,,,
Board,Class 12th,Hindi,Chemistry,Amines,9,"<p>Q. एमीन जल में विलेय होते हैं, क्यों ?</p>",Short Answer,3,2022,,,,,,,,,,,,,,,,
Board,Class 12th,Hindi,Chemistry,Biomolecules,10,<p>Q. ज्विटर आयन किसे कहते हैं ?</p>,Short Answer,3,2022,,,,,,,,,,,,,,,,
Board,Class 12th,Hindi,Chemistry,Biomolecules,10,<p>Q. DNA और RNA में दो अन्तर लिखिए।</p>,Short Answer,3,2022,,,,,,,,,,,,,,,,
Board,Class 12th,Hindi,Chemistry,Solutions,1,"<p>Q. यदि 5.85 ग्राम NaCl 250 ग्राम जल में विलेय है, तो विलयन की मोललता ज्ञात करो।</p>",Short Answer,3,2022,,,,,,,,,,,,,,,,
Board,Class 12th,Hindi,Chemistry,Solutions,1,<p>Q. ग्लूकोस के \(5\%\) विलयन के \(25^{\circ}C\) पर परासरण दाब की गणना कीजिये। \(R=0.0821\) लिटर वायुमण्डल। ग्लूकोस का अणुभार \(=180\)</p>,Short Answer,3,2022,,,,,,,,,,,,,,,,
Board,Class 12th,Hindi,Chemistry,Chemical Kinetics,3,<p>Q. शून्य कोटि अभिक्रिया को उदाहरण सहित समझाइये।</p>,Short Answer,3,2022,,,,,,,,,,,,,,,,
Board,Class 12th,Hindi,Chemistry,Chemical Kinetics,3,<p>Q. छद्म कोटि अभिक्रिया को उदाहरण सहित समझाइये।</p>,Short Answer,3,2022,,,,,,,,,,,,,,,,
Board,Class 12th,Hindi,Chemistry,"Alcohols, Phenols and Ethers",7,<p>Q. निम्न परिवर्तनों के केवल रासायनिक समीकरण लिखिये : (i) एथेनॉल से डाईएथिल ईथर (ii) डाईएथिल ईथर से एथेनॉल (iii) एथेनॉल से एथिल एसीटेट</p>,Short Answer,3,2022,,,,,,,,,,,,,,,,
Board,Class 12th,Hindi,Chemistry,"Alcohols, Phenols and Ethers",7,<p>Q. फिनॉल और एल्कोहॉल में कोई तीन अन्तर लिखिये।</p>,Short Answer,3,2022,,,,,,,,,,,,,,,,
Board,Class 12th,Hindi,Chemistry,"Aldehydes, Ketones and Carboxylic Acids",8,<p>Q. निम्नलिखित के IUPAC नाम लिखिये : (i) \(CH_3CH(CH_3)CH_2CH_2CHO\) (ii) \(CH_3CH=CHCHO\) (iii) \((CH_3)_3CCH_2COOH\)</p>,Short Answer,3,2022,,,,,,,,,,,,,,,,
Board,Class 12th,Hindi,Chemistry,"Aldehydes, Ketones and Carboxylic Acids",8,<p>Q. निम्न अभिक्रियाओं के रासायनिक समीकरण लिखिये : (i) पर्किन अभिक्रिया (ii) कैनिजारो अभिक्रिया (iii) रोजेनमुण्ड अभिक्रिया</p>,Short Answer,3,2022,,,,,,,,,,,,,,,,
Board,Class 12th,Hindi,Chemistry,Haloalkanes and Haloarenes,6,<p>Q. क्या होता है जब (केवल रासायनिक समीकरण लिखिये) (i) \( n \)-ब्यूटिल क्लोराइड को एल्कोहॉलिक \( KOH \) के साथ अभिकृत किया जाता है। (ii) शुष्क ईथर की उपस्थिति में मेथिल ब्रोमाइड की अभिक्रिया सोडियम से होती है। (iii) शुष्क ईथर की उपस्थिति में ब्रोमोबैंजीन की अभिक्रिया मैग्नीशियम से होती है। (iv) मेथिल क्लोराइड की क्रिया एल्कोहॉलिक \( KCN \) से होती है।</p>,Short Answer,3,2022,,,,,,,,,,,,,,,,
Board,Class 12th,Hindi,Chemistry,Haloalkanes and Haloarenes,6,<p>Q. निम्न अभिक्रियाओं के रासायनिक समीकरण लिखिये : (i) फिटिग अभिक्रिया (ii) हुन्सडीकर अभिक्रिया (iii) सेण्डमेयर अभिक्रिया (iv) फ्रीडल क्राफ्ट अभिक्रिया</p>,Short Answer,3,2022,,,,,,,,,,,,,,,,
Board,Class 12th,Hindi,Chemistry,Electrochemistry,2,<p>Q. कोलरॉश नियम को उदाहरण सहित समझाइए एवं इसके दो अनुप्रयोग लिखिए।</p>,Long Answer,5,2022,,,,,,,,,,,,,,,,
Board,Class 12th,Hindi,Chemistry,Electrochemistry,2,<p>Q. निम्न को परिभाषित कीजिये : (i) विशिष्ट चालकता (ii) तुल्यांकी चालकता (iii) आण्विक चालकता (iv) सैल स्थिरांक (v) विशिष्ट प्रतिरोध</p>,Long Answer,5,2022,,,,,,,,,,,,,,,,
Board,Class 12th,Hindi,Chemistry,The d- and f-Block Elements,4,<p>Q. लेन्थेनाइड एवं एक्टीनाइड में कोई पाँच अन्तर लिखिये।</p>,Long Answer,5,2022,,,,,,,,,,,,,,,,
Board,Class 12th,Hindi,Chemistry,The d- and f-Block Elements,4,<p>Q. संक्रमण तत्वों का सामान्य इलेक्ट्रॉनिक विन्यास लिखिये एवं संक्रमण तत्वों के कोई चार अभिलाक्षणिक गुणों को समझाइए।</p>,Long Answer,5,2022,,,,,,,,,,,,,,,,
Board,Class 12th,Hindi,Chemistry,Solutions,1,<p>Q. परासरण दाब का सूत्र है - (a) \(\pi=\frac{nRT}{V}\) (b) \(P=\frac{KT}{V}\) (c) \(P=\frac{RT}{M}\) (d) \(\pi=\frac{PV}{T}\)</p>,Multiple Choice Question,1,2023,,,,,,,,,,,,,,,,
Board,Class 12th,Hindi,Chemistry,Chemical Kinetics,3,<p>Q. वेग = \( K[A]^{1/2}[B]^{3/2} \) के लिए अभिक्रिया की कोटि है - (a) 2½ (b) 4/3 (c) 2.5 (d) 2</p>,Multiple Choice Question,1,2023,,,,,,,,,,,,,,,,
Board,Class 12th,Hindi,Chemistry,The d- and f-Block Elements,4,<p>Q. अन्तः संक्रमण तत्व है - (a) Sc (b) Hg (c) V (d) Ce</p>,Multiple Choice Question,1,2023,,,,,,,,,,,,,,,,
Board,Class 12th,Hindi,Chemistry,Coordination Compounds,5,<p>Q. K₂[Fe(CN)₆] में Fe की ऑक्सीकरण संख्या है - (a) +6 (b) -4 (c) +4 (d) +3</p>,Multiple Choice Question,1,2023,,,,,,,,,,,,,,,,
Board,Class 12th,Hindi,Chemistry,Haloalkanes and Haloarenes,6,<p>Q. एल्किल आयोडाइडो का निर्माण प्रायः एल्किल क्लोराइडो/ब्रोमाइड़ो की शुष्क ऐसीटोन में NaI के साथ अभिक्रिया से होता है । इस अभिक्रिया को कहते हैं - (a) फिंकेल्स्टाइन अभिक्रिया (b) सेण्डमायर अभिक्रिया (c) युग्मन अभिक्रिया (d) कोल्बे अभिक्रिया</p>,Multiple Choice Question,1,2023,,,,,,,,,,,,,,,,
Board,Class 12th,Hindi,Chemistry,"Alcohols, Phenols and Ethers",7,<p>Q. ऐल्कोहॉल सोडियम से क्रिया करके बनाता हैं - (a) R-O-R (b) RONa (c) R-H (d) RCHO</p>,Multiple Choice Question,1,2023,,,,,,,,,,,,,,,,
Board,Class 12th,Hindi,Chemistry,"Aldehydes, Ketones and Carboxylic Acids",8,<p>Q. निम्न में से सबसे अधिक अम्लीय है - (a) CF₃COOH (b) CCl₃COOH (c) CHCl₂COOH (d) CH₃COOH</p>,Multiple Choice Question,1,2023,,,,,,,,,,,,,,,,
Board,Class 12th,Hindi,Chemistry,Solutions,1,<p>Q. जल की मोलरता _____ होती है।</p>,Fill in the Blanks,1,2023,,,,,,,,,,,,,,,,
Board,Class 12th,Hindi,Chemistry,Electrochemistry,2,<p>Q. मानक हाइड्रोजन इलेक्ट्रोड विभव का मान _____ होता है।</p>,Fill in the Blanks,1,2023,,,,,,,,,,,,,,,,
Board,Class 12th,Hindi,Chemistry,The d- and f-Block Elements,4,<p>Q. Ni²⁺ का रंग _____ होता है।</p>,Fill in the Blanks,1,2023,,,,,,,,,,,,,,,,
Board,Class 12th,Hindi,Chemistry,Coordination Compounds,5,<p>Q. EDTA का रासायनिक नाम _____ है।</p>,Fill in the Blanks,1,2023,,,,,,,,,,,,,,,,
Board,Class 12th,Hindi,Chemistry,"Alcohols, Phenols and Ethers",7,<p>Q. एनिसोल सान्द्र H₂SO₄ और सान्द्र HNO₃ के मिश्रण के साथ क्रिया करके _____ और _____ का मिश्रण देता है।</p>,Fill in the Blanks,1,2023,,,,,,,,,,,,,,,,
Board,Class 12th,Hindi,Chemistry,Amines,9,<p>Q. मेथिल ऐमीन अमोनिया की अपेक्षा _____ क्षारीय है।</p>,Fill in the Blanks,1,2023,,,,,,,,,,,,,,,,
Board,Class 12th,Hindi,Chemistry,Biomolecules,10,<p>Q. विटामिन B₂ का रासायनिक नाम _____ है।</p>,Fill in the Blanks,1,2023,,,,,,,,,,,,,,,,
Board,Class 12th,Hindi,Chemistry,Solutions,1,<p>Q. मोलर चालकता का सूत्र लिखिए।</p>,Very Short Answer,2,2023,,,,,,,,,,,,,,,,
Board,Class 12th,Hindi,Chemistry,Chemical Kinetics,3,<p>Q. शून्य कोटि की अभिक्रिया के लिए दर स्थिरांक की इकाई लिखिए।</p>,Very Short Answer,2,2023,,,,,,,,,,,,,,,,
Board,Class 12th,Hindi,Chemistry,The d- and f-Block Elements,4,<p>Q. सैण्डियम का इलेक्ट्रॉनिक विन्यास लिखिए।</p>,Very Short Answer,2,2023,,,,,,,,,,,,,,,,
Board,Class 12th,Hindi,Chemistry,Amines,9,<p>Q. युग्मन अभिक्रिया का रासायनिक अभिक्रिया लिखिए।</p>,Very Short Answer,2,2023,,,,,,,,,,,,,,,,
Board,Class 12th,Hindi,Chemistry,Amines,9,<p>Q. हिन्सबर्ग अभिकर्मक का सूत्र लिखिए।</p>,Very Short Answer,2,2023,,,,,,,,,,,,,,,,
Board,Class 12th,Hindi,Chemistry,Biomolecules,10,<p>Q. प्रोटीन के एकलक का नाम लिखिए।</p>,Very Short Answer,2,2023,,,,,,,,,,,,,,,,
Board,Class 12th,Hindi,Chemistry,Solutions,1,<p>Q. मोल अंश की परिभाषा लिखिए।</p>,Very Short Answer,2,2023,,,,,,,,,,,,,,,,
Board,Class 12th,Hindi,Chemistry,Solutions,1,<p>Q. विलयन की परिभाषा लिखिए।</p>,Short Answer,3,2023,,,,,,,,,,,,,,,,
Board,Class 12th,Hindi,Chemistry,Electrochemistry,2,<p>Q. लवण सेतु के कार्य लिखिए।</p>,Short Answer,3,2023,,,,,,,,,,,,,,,,
Board,Class 12th,Hindi,Chemistry,Electrochemistry,2,<p>Q. फैराडे के विद्युत अपघटन का प्रथम नियम लिखिए।</p>,Short Answer,3,2023,,,,,,,,,,,,,,,,
Board,Class 12th,Hindi,Chemistry,Chemical Kinetics,3,<p>Q. अभिक्रिया की आण्विकता तथा (अभिक्रिया) की कोटि में कोई दो अंतर लिखिए।</p>,Short Answer,3,2023,,,,,,,,,,,,,,,,
Board,Class 12th,Hindi,Chemistry,Chemical Kinetics,3,<p>Q. अभिक्रिया की दर और दर स्थिरांक में कोई दो अंतर लिखिए।</p>,Short Answer,3,2023,,,,,,,,,,,,,,,,
Board,Class 12th,Hindi,Chemistry,Coordination Compounds,5,<p>Q. निम्नलिखित उपसहसंयोजक यौगिकों के IUPAC नाम लिखिए - (i) \([Co(NH_3)_6]Cl_3\) (ii) \(K_2[Ni(CN)_4]\)</p>,Short Answer,3,2023,,,,,,,,,,,,,,,,
Board,Class 12th,Hindi,Chemistry,Coordination Compounds,5,<p>Q. केन्द्रीय धातु की आक्सीकरण संख्या की उदाहरण सहित परिभाषा लिखिये।</p>,Short Answer,3,2023,,,,,,,,,,,,,,,,
Board,Class 12th,Hindi,Chemistry,Coordination Compounds,5,<p>Q. उपसहसंयोजी संख्या की परिभाषा उदाहरण सहित लिखिए।</p>,Short Answer,3,2023,,,,,,,,,,,,,,,,
Board,Class 12th,Hindi,Chemistry,Coordination Compounds,5,<p>Q. हाइड्रेट समावयवता की उदाहरण सहित परिभाषा लिखिए।</p>,Short Answer,3,2023,,,,,,,,,,,,,,,,
Board,Class 12th,Hindi,Chemistry,"Aldehydes, Ketones and Carboxylic Acids",8,<p>Q. इटार्ड अभिक्रिया को रासायनिक समीकरण सहित लिखिए।</p>,Short Answer,3,2023,,,,,,,,,,,,,,,,
Board,Class 12th,Hindi,Chemistry,"Aldehydes, Ketones and Carboxylic Acids",8,<p>Q. कार्बोक्सिलिक अम्ल के दो उपयोग लिखिए।</p>,Short Answer,3,2023,,,,,,,,,,,,,,,,
Board,Class 12th,Hindi,Chemistry,Amines,9,<p>Q. CH₃-CH₂-Cl से CH₃-CH₂-CH₂-NH₂ में रूपांतरण के लिए केवल रासायनिक समीकरण लिखिए।</p>,Short Answer,3,2023,,,,,,,,,,,,,,,,
Board,Class 12th,Hindi,Chemistry,Amines,9,<p>Q. एथिल ऐमीन अमोनिया से अधिक क्षारीय होता है कारण लिखिए।</p>,Short Answer,3,2023,,,,,,,,,,,,,,,,
Board,Class 12th,Hindi,Chemistry,Biomolecules,10,<p>Q. रेशेदार तथा गोलाकार प्रोटीन में कोई दो अंतर लिखिए।</p>,Short Answer,3,2023,,,,,,,,,,,,,,,,
Board,Class 12th,Hindi,Chemistry,Biomolecules,10,<p>Q. DNA तथा RNA में कोई दो अंतर लिखिए।</p>,Short Answer,3,2023,,,,,,,,,,,,,,,,
Board,Class 12th,Hindi,Chemistry,Solutions,1,<p>Q. किसी ताप पर शुद्ध बेंजीन का वाष्पदाब 0.850 bar हैं । 0.5 gm अवाष्पशील विद्युत अनापघट्य ठोस को 39.0 gm बेंजीन (मोलर द्रव्यमान 78 g mol⁻¹) में घोला जाता हैं तब प्राप्त विलयन का वाष्पदाब 0.845 bar होता हैं । ठोस का मोलर द्रव्यमान क्या है ?</p>,Long Answer,5,2023,,,,,,,,,,,,,,,,
Board,Class 12th,Hindi,Chemistry,Solutions,1,<p>Q. एक सॉसपेन में 18 gm ग्लूकोस (\(C_6H_{12}O_6\)) को 1 kg जल में घोला गया हैं। 1.013 bar दाब पर यह जल किस ताप पर उबलेगा ? जल के लिए \(K_b\) का मान 0.52 K kg mol⁻¹ है।</p>,Long Answer,5,2023,,,,,,,,,,,,,,,,
Board,Class 12th,Hindi,Chemistry,Chemical Kinetics,3,<p>Q. प्रथम कोटि तथा द्वितीय कोटि की अभिक्रिया के लिए दर स्थिरांक की इकाई लिखिए।</p>,Short Answer,3,2023,,,,,,,,,,,,,,,,
Board,Class 12th,Hindi,Chemistry,Chemical Kinetics,3,<p>Q. निम्नलिखित को परिभाषित कर लिखिए (i) दर निर्धारक पद (ii) अभिक्रिया की कोटि</p>,Short Answer,3,2023,,,,,,,,,,,,,,,,
Board,Class 12th,Hindi,Chemistry,The d- and f-Block Elements,4,<p>Q. d-बलांक तथा f-ब्लॉक के तत्वों में कोई तीन अंतर लिखिए।</p>,Short Answer,3,2023,,,,,,,,,,,,,,,,
Board,Class 12th,Hindi,Chemistry,,#N/A,<p>Q. लैन्थेनॉइड तथा एक्टिनॉइड में कोई तीन अंतर लिखिए।</p>,Short Answer,3,2023,,,,,,,,,,,,,,,,
Board,Class 12th,Hindi,Chemistry,"Alcohols, Phenols and Ethers",7,"<p>Q. निम्नलिखित अभिक्रियाओं के केवल रासायनिक समीकरण लिखिए (i) एल्किल हैलाइड की क्रिया सोडियम ऐल्कॉक्साइड से कराते हैं (ii) फीनॉल को जिंक चूर्ण के साथ गर्म करते हैं (iii) एथिल ऐल्कोहॉल की क्रिया \( \text{H}_2\text{SO}_4 \) से \( 413 \, \text{K} \) पर कराते हैं</p>",Short Answer,3,2023,,,,,,,,,,,,,,,,
Board,Class 12th,Hindi,Chemistry,"Alcohols, Phenols and Ethers",7,"<p>Q. निम्नलिखित यौगिकों की संरचना लिखिए : (i) 4-क्लोरो 2,3 डाइमेधिल पेण्टेन 1-ऑल (ii) 2-एथॉक्सी प्रोपेन (iii) 2,6 डाइ मेथिल फीनॉल</p>",Short Answer,3,2023,,,,,,,,,,,,,,,,
Board,Class 12th,Hindi,Chemistry,Haloalkanes and Haloarenes,6,<p>Q. SN₁ तथा SN₂ अभिक्रिया की क्रियाविधि लिखिए ।</p>,Long Answer,5,2023,,,,,,,,,,,,,,,,
Board,Class 12th,Hindi,Chemistry,Haloalkanes and Haloarenes,6,<p>Q. निम्नलिखित अभिक्रियाओं को रासायनिक समीकरण सहित लिखिए - (i) सेण्डमेयर अभिक्रिया (ii) फिटिग अभिक्रिया</p>,Long Answer,5,2023,,,,,,,,,,,,,,,,
Board,Class 12th,Hindi,Chemistry,Electrochemistry,2,<p>Q. विद्युत रासायनिक सेल का नामांकित चित्र संरचना एवं रासायनिक अभिक्रिया का समीकरण लिखिए।</p>,Long Answer,5,2023,,,,,,,,,,,,,,,,
Board,Class 12th,Hindi,Chemistry,Chemical Kinetics,3,<p>Q. नर्जस्ट समीकरण की व्युत्पत्ति कर लिखिए।</p>,Long Answer,5,2023,,,,,,,,,,,,,,,,
Board,Class 12th,Hindi,Chemistry,"Aldehydes, Ketones and Carboxylic Acids",8,<p>Q. CH₃COOH से निम्नलिखित यौगिक किस प्रकार प्राप्त करोगे ? रासायनिक समीकरण लिखिये। (i) एसिटिक एनहाइड्राइड (ii) एथिल एसीटेट (iii) एसिटाइल क्लोराइड (iv) एसिटामाइड (v) एथिल ऐल्कोहाल</p>,Long Answer,5,2023,,,,,,,,,,,,,,,,
Board,Class 12th,Hindi,Chemistry,"Aldehydes, Ketones and Carboxylic Acids",8,<p>Q. निम्न अभिक्रियाओं को पूर्ण कर लिखिये - (i) CH\(_3\)CH\(_2\)CH\(_2\)CHO + अमोनियामय AgNO\(_3\) (टालेन्स अभिकर्मक) (ii) बेंजीन + CH\(_3\)COCl/AlCl\(_3\) (iii) C\(_6\)H\(_5\)CHO + CH\(_3\)COCH\(_3\)/OH\(^-\) (iv) RCN + AlH(i-Bu)\(_2\)/H\(_2\)O (v) बेंजीन + CH\(_3\)COCl/AlCl\(_3\)</p>,Long Answer,5,2023,,,,,,,,,,,,,,,,
Board,Class 12th,Hindi,Chemistry,Chemical Kinetics,3,<p>Q. एक प्रथम कोटि अभिक्रिया 16 मिनट में \(75 \%\) पूर्ण होती है। \(50 \%\) पूर्ण होने में लगा समय होगा - (a) 8 मिनट (b) 32 मिनट (c) 24 मिनट (d) 4 मिनट</p>,Multiple Choice Question,1,2024,,,,,,,,,,,,,,,,
Board,Class 12th,Hindi,Chemistry,Biomolecules,10,<p>Q. निम्नलिखित एन्जाइम मात्टोस को ग्लूकोस में परिवर्तित कर देता है- (a) इन्वर्टेस (b) जाइमेस (c) माल्टेस (d) यूरिएस</p>,Multiple Choice Question,1,2024,,,,,,,,,,,,,,,,
Board,Class 12th,Hindi,Chemistry,"Aldehydes, Ketones and Carboxylic Acids",8,<p>Q. एल्डिहाइड में \(\alpha\)-हाइड्रोजन की प्रकृति होती है - (a) अम्लीय (b) क्षारीय (c) उदासीन (d) उभयधर्मी</p>,Multiple Choice Question,1,2024,,,,,,,,,,,,,,,,
Board,Class 12th,Hindi,Chemistry,Solutions,1,<p>Q. 5 ग्राम \(\mathrm{NaOH}\) 250 मिलीलिटर विलयन में घुला है। विलयन की मोलरता होगी - (a) 0.5 M (b) 0.25 M (c) 2.5 M (d) 5.0 M</p>,Multiple Choice Question,1,2024,,,,,,,,,,,,,,,,
Board,Class 12th,Hindi,Chemistry,Electrochemistry,2,<p>Q. सैल स्थिरांक की इकाई है - (a) ओम सेमी (b) सेमी \(^{-1}\) (c) सेमी (d) ओम \(^{-1}\) सेमी \(^{-1}\)</p>,Multiple Choice Question,1,2024,,,,,,,,,,,,,,,,
Board,Class 12th,Hindi,Chemistry,Coordination Compounds,5,<p>Q. संकुल यौगिक \(\left[\mathrm{Co}\left(\mathrm{NH}_{3}\right)_{5}(\mathrm{Cl})\right] \mathrm{SO}_{4}\) एवम् \(\left[\mathrm{Co}\left(\mathrm{NH}_{3}\right)_{5}\left(\mathrm{SO}_{4}\right)\right] \mathrm{Cl}\) निम्नलिखित में से प्रदर्शित करते हैं - (a) बंध समावयवता (b) हाइड्रेट समावयवता (c) उप-सहसंयोजन समावयवता (d) आयनन समावयवता</p>,Multiple Choice Question,1,2024,,,,,,,,,,,,,,,,
Board,Class 12th,Hindi,Chemistry,"Alcohols, Phenols and Ethers",7,<p>Q. 24 6 ट्राई नाइट्रो फीनॉल _____ कहलाता है।</p>,Fill in the Blanks,1,2024,,,,,,,,,,,,,,,,
Board,Class 12th,Hindi,Chemistry,"Aldehydes, Ketones and Carboxylic Acids",8,<p>Q. \(\mathrm{C}_{6} \mathrm{H}_{5} \mathrm{COOH} +\) _____ \(\rightarrow \mathrm{C}_{6} \mathrm{H}_{5} \mathrm{CONH}_{2} + \mathrm{H}_{2} \mathrm{O}\)</p>,Fill in the Blanks,1,2024,,,,,,,,,,,,,,,,
Board,Class 12th,Hindi,Chemistry,Amines,9,<p>Q. मेथिल ऐमीन एथिल ऐमीन से _____ क्षारीय है।</p>,Fill in the Blanks,1,2024,,,,,,,,,,,,,,,,
Board,Class 12th,Hindi,Chemistry,Solutions,1,<p>Q. किसी गैस की द्रव में विलेयता _____ के नियम द्वारा निर्धारित होती है।</p>,Fill in the Blanks,1,2024,,,,,,,,,,,,,,,,
Board,Class 12th,Hindi,Chemistry,Electrochemistry,2,<p>Q. एक फैराडे आवेश का मान _____ कूलाम होता है।</p>,Fill in the Blanks,1,2024,,,,,,,,,,,,,,,,
Board,Class 12th,Hindi,Chemistry,Amines,9,<p>Q. हॉफमेन ब्रोमेमाइड अभिक्रिया द्वारा प्राथमिक ऐमीन बनाये जाते हैं।</p>,Short Answer,3,2024,,,,,,,,,,,,,,,,
Board,Class 12th,Hindi,Chemistry,Biomolecules,10,<p>Q. किरेटीन एक गोलाकार प्रोटीन है।</p>,Short Answer,3,2024,,,,,,,,,,,,,,,,
Board,Class 12th,Hindi,Chemistry,"Aldehydes, Ketones and Carboxylic Acids",8,<p>Q. र्टीफेन अभिक्रिया द्वारा कीटोन बनाये जाते हैं।</p>,Short Answer,3,2024,,,,,,,,,,,,,,,,
Board,Class 12th,Hindi,Chemistry,Chemical Kinetics,3,<p>Q. अभिक्रिया दर की इकाई मोल लि. \( \text{mol L}^{-1} \) से \( \text{s}^{-1} \) है।</p>,Short Answer,3,2024,,,,,,,,,,,,,,,,
Board,Class 12th,Hindi,Chemistry,The d- and f-Block Elements,4,<p>Q. लैन्थेनाइड एक्टिनाइड की तुलना में अधिक क्रियाशील होते हैं।</p>,Short Answer,3,2024,,,,,,,,,,,,,,,,
Board,Class 12th,Hindi,Chemistry,"Alcohols, Phenols and Ethers",7,<p>Q. फीनॉल को कार्बोलिक अम्ल भी कहा जाता है।</p>,Short Answer,3,2024,,,,,,,,,,,,,,,,
Board,Class 12th,Hindi,Chemistry,Electrochemistry,2,<p>Q. तुल्यांकी चालकता की इकाई लिखिये।</p>,Short Answer,3,2024,,,,,,,,,,,,,,,,
Board,Class 12th,Hindi,Chemistry,The d- and f-Block Elements,4,<p>Q. \( f \)-ब्लाक के तत्वों का सामान्य इलेक्ट्रॉनिक विन्यास लिखिये।</p>,Short Answer,3,2024,,,,,,,,,,,,,,,,
Board,Class 12th,Hindi,Chemistry,Coordination Compounds,5,<p>Q. उप सहसंयोजन यौगिकों का सिद्धान्त किसने प्रतिपादित किया ?</p>,Short Answer,3,2024,,,,,,,,,,,,,,,,
Board,Class 12th,Hindi,Chemistry,Solutions,1,<p>Q. फार्मेलिन की परिभाषा लिखिये।</p>,Short Answer,3,2024,,,,,,,,,,,,,,,,
Board,Class 12th,Hindi,Chemistry,Solutions,1,<p>Q. मोललता की परिभाषा लिखिये।</p>,Short Answer,3,2024,,,,,,,,,,,,,,,,
Board,Class 12th,Hindi,Chemistry,Coordination Compounds,5,<p>Q. संकुल आयन या जटिल आयन की परिभाषा लिखिये।</p>,Short Answer,3,2024,,,,,,,,,,,,,,,,
Board,Class 12th,Hindi,Chemistry,Electrochemistry,2,<p>Q. आयनन समाव्र्यवता को उदाहरण सहित लिखिये।</p>,Short Answer,3,2024,,,,,,,,,,,,,,,,
Board,Class 12th,Hindi,Chemistry,Haloalkanes and Haloarenes,6,<p>Q. कार्बन-टेट्राक्लोराइड के कोई दो उपयोग लिखिये।</p>,Short Answer,3,2024,,,,,,,,,,,,,,,,
Board,Class 12th,Hindi,Chemistry,Haloalkanes and Haloarenes,6,<p>Q. ऐल्किल हैलाइडों का अमोनी अपघटन रासायनिक समीकरण सहित लिखिये।</p>,Short Answer,3,2024,,,,,,,,,,,,,,,,
Board,Class 12th,Hindi,Chemistry,Amines,9,<p>Q. डाइएजोनियम लवणों की युग्मन अभिक्रिया को रासायनिक समीकरण सहित लिखिये।</p>,Short Answer,3,2024,,,,,,,,,,,,,,,,
Board,Class 12th,Hindi,Chemistry,elecytrochemistry,#N/A,<p>Q. प्रतिरोधकता की परिभाषा लिखिये।</p>,Very Short Answer,2,2024,,,,,,,,,,,,,,,,
Board,Class 12th,Hindi,Chemistry,Electrochemistry,2,<p>Q. विशिष्ट चालकता की परिभाषा लिखिये।</p>,Very Short Answer,2,2024,,,,,,,,,,,,,,,,
Board,Class 12th,Hindi,Chemistry,Chemical Kinetics,3,<p>Q. रासायनिक अभिक्रिया की दर की परिभाषा लिखिये।</p>,Very Short Answer,2,2024,,,,,,,,,,,,,,,,
Board,Class 12th,Hindi,Chemistry,Chemical Kinetics,3,<p>Q. रासायनिक अभिक्रिया की आणविकता की परिभाषा लिखिये।</p>,Very Short Answer,2,2024,,,,,,,,,,,,,,,,
Board,Class 12th,Hindi,Chemistry,The d- and f-Block Elements,4,<p>Q. संक्रमण धातुएँ परिवर्ती ऑक्सीकारण संख्याएँ प्रदर्शित करती हैं क्यों ? कारण लिखिये।</p>,Short Answer,3,2024,,,,,,,,,,,,,,,,
Board,Class 12th,Hindi,Chemistry,The d- and f-Block Elements,4,<p>Q. संक्रमण धातुएँ रंगीन आयन/यौगिक बनाती हैं क्यों ? कारण लिखिये।</p>,Short Answer,3,2024,,,,,,,,,,,,,,,,
Board,Class 12th,Hindi,Chemistry,Coordination Compounds,5,<p>Q. निम्नलिखित संकुल यौगिकों के IUPAC नाम लिखिये- (i) \(\mathrm{K}_{2}\left[\mathrm{Hg}(\mathrm{I})_{4}\right]\) (ii) \(\left[\mathrm{Cr}\left(\mathrm{H}_{2} \mathrm{O}\right)_{6}\right] \mathrm{Cl}_{3}\)</p>,Short Answer,3,2024,,,,,,,,,,,,,,,,
Board,Class 12th,Hindi,Chemistry,Coordination Compounds,5,<p>Q. निम्नलिखित उप सहसंयोजन यौगिकों के IUPAC सूत्र लिखिए: (i) पोटैशियम टेट्राहाइड्रोक्सिडो जिंकेट (II) (ii) टेट्राकार्बोनिलनिकल ( O )</p>,Short Answer,3,2024,,,,,,,,,,,,,,,,
Board,Class 12th,Hindi,Chemistry,"Alcohols, Phenols and Ethers",7,<p>Q. निम्नलिखित रासायनिक अभिक्रियाओं को रासायनिक समीकरण सहित लिखिये- (i) फीनॉल की सोडियम से क्रिया (अम्लीय प्रकृति) (ii) राइमर-ट्रीमन अभिक्रिया</p>,Short Answer,3,2024,,,,,,,,,,,,,,,,
Board,Class 12th,Hindi,Chemistry,"Alcohols, Phenols and Ethers",7,<p>Q. निम्नलिखित परिवर्तनों के लिये रासायनिक समीकरण लिखिये : (i) प्रोपीन से प्रोपेन 2 -आल (ii) बैन्ज़िल क्लोराइड से बैन्ज़िल ऐल्कोहॉल</p>,Short Answer,3,2024,,,,,,,,,,,,,,,,
Board,Class 12th,Hindi,Chemistry,Biomolecules,10,<p>Q. एन्जाइम की उदाहरण सहित परिभाषा लिखिए।</p>,Short Answer,3,2024,,,,,,,,,,,,,,,,
Board,Class 12th,Hindi,Chemistry,Biomolecules,10,<p>Q. आवश्यक एवं अनावश्यक एमीनों अम्ल की उदाहरण सहित परिभाषा लिखिये।</p>,Short Answer,3,2024,,,,,,,,,,,,,,,,
Board,Class 12th,Hindi,Chemistry,Chemical Kinetics,3,<p>Q. लिखिये कि प्रथम कोटि की अभिक्रिया में \(99 \%\) अभिक्रिया के पूर्ण होने में लगा समय \(90 \%\) अभिक्रिया पूर्ण होने में लगने वाले समय से दुगना होता है।</p>,Short Answer,3,2024,,,,,,,,,,,,,,,,
Board,Class 12th,Hindi,Chemistry,Chemical Kinetics,3,<p>Q. व्यंजक लिखिये कि शून्य कोटि रासायनिक अभिक्रियाओं के लिए अर्द्ध-आयु \(\left(\mathrm{t}_{1 / 2}\right)\) का मान अभिकारक की प्रारंभिक सांद्रता के समानुपाती होता है।</p>,Short Answer,3,2024,,,,,,,,,,,,,,,,
Board,Class 12th,Hindi,Chemistry,The d- and f-Block Elements,4,<p>Q. \( d \)-ब्लाक के तत्वों को परिभाषित कीजिये तथा इनकी कोई दो विशेषताएँ लिखिये।</p>,Short Answer,3,2024,,,,,,,,,,,,,,,,
Board,Class 12th,Hindi,Chemistry,The d- and f-Block Elements,4,<p>Q. \( f \)-ब्लाक के तत्वों को परिभाषित कीजिये तथा इनकी कोई दो विशेषताएँ लिखिये।</p>,Short Answer,3,2024,,,,,,,,,,,,,,,,
Board,Class 12th,Hindi,Chemistry,Haloalkanes and Haloarenes,6,<p>Q. निम्नलिखित अभिक्रियाओं को रासायनिक समीकरण सहित लिखिये- (i) क्लोरोफार्म का ऑक्सीकरण (ii) वुर्टज-फिटिग अभिक्रिया</p>,Short Answer,3,2024,,,,,,,,,,,,,,,,
Board,Class 12th,Hindi,Chemistry,Haloalkanes and Haloarenes,6,<p>Q. निम्नलिखित अभिक्रियाओं को पूर्ण कीजिये- (i) \(\mathrm{CH}_{3} \mathrm{CH}_{2} \mathrm{Br}+\mathrm{KCN} \xrightarrow[\text { (aq. ethanol) }]{\text { जलीय एथेनॉल }}\) (ii) \(\mathrm{C}_{2} \mathrm{H}_{5} \mathrm{Cl}+\mathrm{C}_{2} \mathrm{H}_{5} \mathrm{ONa} \rightarrow\) (iii) [Chemical Structure] (iv) \(\mathrm{CH}_{3} \mathrm{CH}_{2} \mathrm{OH}+\mathrm{SOCl}_{2} \rightarrow\)</p>,Short Answer,3,2024,,,,,,,,,,,,,,,,
Board,Class 12th,Hindi,Chemistry,"Aldehydes, Ketones and Carboxylic Acids",8,<p>Q. निम्नलिखित अभिक्रियाओं को रासायनिक समीकरण सहित लिखिये- (i) कैनिजारो अभिक्रिया (ii) रोजनमुण्ड अभिक्रिया</p>,Short Answer,3,2024,,,,,,,,,,,,,,,,
Board,Class 12th,Hindi,Chemistry,"Aldehydes, Ketones and Carboxylic Acids",8,<p>Q. क्या होता है जब (रासायनिक समीकरण सहित लिखिये) (i) बैंजीन की एसीटिल क्लोराइड के साथ निर्जल ऐलुमिनियम क्लोराइड उत्प्रेरक की उपस्थिति में क्रिया करायी जाती है। (ii) बैंजीन को कार्बन-मोनोऑक्साइड एवम् हाइड्रोजन क्लोराइड गैस के साथ निर्जल ऐलुमिनियम क्लोराइड उत्प्रेरक की उपस्थिति में गर्म किया जाता है।</p>,Long Answer,5,2024,,,,,,,,,,,,,,,,
Board,Class 12th,Hindi,Chemistry,Solutions,1,<p>Q. परासरण दाब को परिभाषित कीजिये एवं इसके आधार पर विलेय के अणुभार निर्धारण के लिए गणितीय व्यंजक की व्युत्पत्ति कीजिए।</p>,Long Answer,5,2024,,,,,,,,,,,,,,,,
Board,Class 12th,Hindi,Chemistry,Solutions,1,<p>Q. हिमांक में अर्वनमन को परिभाषित कीजिये एवं इसके आधार पर विलेय के अणुभार निर्धारण के लिए गणित्रीय व्यंजक की व्युत्पत्ति कीजिये।</p>,Long Answer,5,2024,,,,,,,,,,,,,,,,
Board,Class 12th,Hindi,Chemistry,Electrochemistry,2,<p>Q. कोलराश के नियम एवं इसके कोई दो अनुप्रयोगों को लिखिये।</p>,Short Answer,3,2024,,,,,,,,,,,,,,,,
Board,Class 12th,Hindi,Chemistry,Electrochemistry,2,<p>Q. गैल्वेनी सेल एवम् विद्युत अपघटनी सेल में कोई चार अंतर लिखिये।</p>,Short Answer,3,2024,,,,,,,,,,,,,,,,
Board,Class 12th,Hindi,Chemistry,Solutions,1,<p>Q. दो या दो से अधिक अवयवों का समांगी मिश्रण है - (a) विलयन (b) द्रव विलेय (c) द्रव विलायक (d) विलायक</p>,Multiple Choice Question,1,2025,,,,,,,,,,,,,,,,
Board,Class 12th,Hindi,Chemistry,Chemical Kinetics,3,<p>Q. वेग \(=K[A]^{1 / 2}[B]^{3 / 2}\) व्यंजक में अभिक्रिया की कोटि है - (a) 4 (b) 3 (c) 2 (d) 1</p>,Multiple Choice Question,1,2025,,,,,,,,,,,,,,,,
Board,Class 12th,Hindi,Chemistry,The d- and f-Block Elements,4,<p>Q. संक्रमण तत्व है - (a) सोडियम (b) पोटैशियम (c) टाइटेनियम (d) सीजियम</p>,Multiple Choice Question,1,2025,,,,,,,,,,,,,,,,
Board,Class 12th,Hindi,Chemistry,"Aldehydes, Ketones and Carboxylic Acids",8,<p>Q. वेन्जैल्डिहाइड है - (a) \(\mathrm{C}_{6} \mathrm{H}_{5} \mathrm{OH}\) (b) \(\mathrm{C}_{6} \mathrm{H}_{4}(\mathrm{CHO})(\mathrm{OH})\) (c) \(\mathrm{C}_{6} \mathrm{H}_{5} \mathrm{CHO}\) (d) \(\mathrm{C}_{6} \mathrm{H}_{6} \mathrm{CHO}\)</p>,Multiple Choice Question,1,2025,,,,,,,,,,,,,,,,
Board,Class 12th,Hindi,Chemistry,Amines,9,"<p>Q. ऐथेन-1, 2-डाइऐमीन है - (a) \(\mathrm{H}_{2} \mathrm{~N}-\mathrm{CH}_{2}-\mathrm{CH}_{2}-\mathrm{NH}_{2}\) (b) \(\mathrm{CH}_{3} \mathrm{NHCH}_{2} \mathrm{CH}_{3}\) (c) \(\mathrm{H}_{2} \mathrm{~N}-\mathrm{CH}_{2}-\mathrm{NH} \rightarrow \mathrm{CH}_{3}\) (d) \(\mathrm{CH}_{3} \mathrm{NHCH}_{2} \mathrm{CH}_{2} \mathrm{CH}_{3}\)</p>",Multiple Choice Question,1,2025,,,,,,,,,,,,,,,,
Board,Class 12th,Hindi,Chemistry,Biomolecules,10,<p>Q. कोशिकाओं के मध्य संदेश वाहूंक का कार्य करते हैं - (a) DNA (b) RNA (c) हार्मोन (d) एन्जाइम</p>,Multiple Choice Question,1,2025,,,,,,,,,,,,,,,,
Board,Class 12th,Hindi,Chemistry,Solutions,1,<p>Q. एक लिटर (1 क्यूबिक डेसीमीटर) उस विलयन में घुले हुए विलेय के मोलों की संख्या को _____ कहते हैं।</p>,Fill in the Blanks,1,2025,,,,,,,,,,,,,,,,
Board,Class 12th,Hindi,Chemistry,Chemical Kinetics,3,<p>Q. प्रथम कोटि अभिक्रिया के वेग स्थिरांक की इकाई _____ है।</p>,Fill in the Blanks,1,2025,,,,,,,,,,,,,,,,
Board,Class 12th,Hindi,Chemistry,"Aldehydes, Ketones and Carboxylic Acids",8,<p>Q. फेलिंग अभिकर्मक में दो विलयन फ्यूलेंग विलयन-A व _____ होते हैं।</p>,Fill in the Blanks,1,2025,,,,,,,,,,,,,,,,
Board,Class 12th,Hindi,Chemistry,Amines,9,<p>Q. निम्नतर ऐलिफैटिक ऐमीन _____ गंध वाली गैसें हैं।</p>,Fill in the Blanks,1,2025,,,,,,,,,,,,,,,,
Board,Class 12th,Hindi,Chemistry,Biomolecules,10,<p>Q. ग्लूकोज प्रकृति में मुक्त अथवा _____ अवस्था में मिलता है।</p>,Fill in the Blanks,1,2025,,,,,,,,,,,,,,,,
Board,Class 12th,Hindi,Chemistry,Biomolecules,10,"<p>Q. यदि तीसरा ऐमीनो अम्ल डाइपेप्टाइड से संयोग करता है, तो उत्पाद _____ कहलाता है।</p>",Fill in the Blanks,1,2025,,,,,,,,,,,,,,,,
Board,Class 12th,Hindi,Chemistry,Solutions,1,<p>Q. ऐसे विलयन जो सभी सान्द्रताओं पर राउल्ट के नियम का पालन करते हैं आदर्श विलयन कहलाते हैं।</p>,One Word Answer,1,2025,,,,,,,,,,,,,,,,
Board,Class 12th,Hindi,Chemistry,Electrochemistry,2,<p>Q. सेल विभव कैथोड एवं ऐनोड के इलेक्ट्रोड विभवों (अपचयन विभव) का योग होता है।</p>,One Word Answer,1,2025,,,,,,,,,,,,,,,,
Board,Class 12th,Hindi,Chemistry,Coordination Compounds,5,<p>Q. \(\mathrm{Ca}^{2+}\) व \(\mathrm{Mg}^{2+}\) आयन EDTA के साथ स्थायी संकुल बनाते हैं।</p>,One Word Answer,1,2025,,,,,,,,,,,,,,,,
Board,Class 12th,Hindi,Chemistry,"Alcohols, Phenols and Ethers",7,<p>Q. \(\mathrm{C}_{2} \mathrm{H}_{5} \mathrm{OCH}_{3}\) एक सममित ईथर है।</p>,One Word Answer,1,2025,,,,,,,,,,,,,,,,
Board,Class 12th,Hindi,Chemistry,"Aldehydes, Ketones and Carboxylic Acids",8,<p>Q. कीटोन में कार्बोनिल समूह उपस्थित है।</p>,One Word Answer,1,2025,,,,,,,,,,,,,,,,
Board,Class 12th,Hindi,Chemistry,Amines,9,<p>Q. हिंसबर्ग अभिकर्मक प्राथमिक व द्वितीयक एमीनों से क्रिया करके सल्फोनैमाइड बनाता है।</p>,One Word Answer,1,2025,,,,,,,,,,,,,,,,
Board,Class 12th,Hindi,Chemistry,Electrochemistry,2,<p>Q. अतिचालक की चालकता का मान लिखिए।</p>,One Word Answer,1,2025,,,,,,,,,,,,,,,,
Board,Class 12th,Hindi,Chemistry,The d- and f-Block Elements,4,<p>Q. पोटैशियम डाइक्रोमेट का रासायनिक सूत्र लिखिए।</p>,One Word Answer,1,2025,,,,,,,,,,,,,,,,
Board,Class 12th,Hindi,Chemistry,Coordination Compounds,5,<p>Q. $\left[\mathrm{Ni}(\mathrm{CO})_{4}\right]$ में केंद्रीय धातु परमाणु लिखिए।</p>,Very Short Answer,2,2025,,,,,,,,,,,,,,,,
Board,Class 12th,Hindi,Chemistry,Haloalkanes and Haloarenes,6,"<p>Q. $\mathrm{RI}, \mathrm{RF}, \mathrm{RBr}, \mathrm{RCl}$ ऐल्किल हैलाइडों को क्वथनांकों के घटते क्रम में लिखिए।</p>",Very Short Answer,2,2025,,,,,,,,,,,,,,,,
Board,Class 12th,Hindi,Chemistry,Biomolecules,10,<p>Q. पुरुषों में आवाज में भारीपन के लिए उत्तरदायी हार्मोन का नाम लिखिए।</p>,One Word Answer,1,2025,,,,,,,,,,,,,,,,
Board,Class 12th,Hindi,Chemistry,Electrochemistry,2,<p>Q. संक्षारण की परिभाषा लिखिए।</p>,Very Short Answer,2,2025,,,,,,,,,,,,,,,,
Board,Class 12th,Hindi,Chemistry,Electrochemistry,2,<p>Q. फैराडे के विद्युत अपघटन का प्रथम नियम लिखिए।</p>,Very Short Answer,2,2025,,,,,,,,,,,,,,,,
Board,Class 12th,Hindi,Chemistry,Chemical Kinetics,3,<p>Q. प्राथमिक अभिक्रियाएँ क्या हैं ? लिखिए।</p>,Very Short Answer,2,2025,,,,,,,,,,,,,,,,
Board,Class 12th,Hindi,Chemistry,Chemical Kinetics,3,<p>Q. जटिल अभिक्रियाएँ क्या हैं? लिखिए।</p>,Very Short Answer,2,2025,,,,,,,,,,,,,,,,
Board,Class 12th,Hindi,Chemistry,The d- and f-Block Elements,4,<p>Q. अंतराकाशी यौगिकों के कोई दो अभिलक्षण लिखिए।</p>,Very Short Answer,2,2025,,,,,,,,,,,,,,,,
Board,Class 12th,Hindi,Chemistry,The d- and f-Block Elements,4,<p>Q. $\mathrm{d}-$ एवं $\mathrm{f}-$ ब्लॉक तत्वों के कोई दो अनुप्रयोग लिखिए।</p>,Very Short Answer,2,2025,,,,,,,,,,,,,,,,
Board,Class 12th,Hindi,Chemistry,Coordination Compounds,5,<p>Q. होमोलेप्टिक संकुल को एक उदाहरण सहित लिखिए।</p>,Short Answer,3,2025,,,,,,,,,,,,,,,,
Board,Class 12th,Hindi,Chemistry,Coordination Compounds,5,<p>Q. हेटरोलेप्टिक संकुल को एक उदाहरण सहित लिखिए।</p>,Short Answer,3,2025,,,,,,,,,,,,,,,,
Board,Class 12th,Hindi,Chemistry,Coordination Compounds,5,<p>Q. निम्नलिखित उपसहसंयोजन यौगिकों के सूत्र लिखिए : (i) पोटैशियम टेट्रासायनिडोनिकैलेट (II) (ii) पेन्टाऐम्मीनकार्बोनेटोकोबाल्ट (III) क्लोराइड</p>,Short Answer,3,2025,,,,,,,,,,,,,,,,
Board,Class 12th,Hindi,Chemistry,Coordination Compounds,5,<p>Q. निम्नलिखित उपसहसंयोजन यौगिकों के IUPAC नाम लिखिए : (i) \(\mathrm{K}_{2}\left[\mathrm{PdCl}_{4}\right]\) (ii) \(\left[\mathrm{Cr}\left(\mathrm{NH}_{3}\right)_{3}\left(\mathrm{H}_{2} \mathrm{O}\right)_{3}\right] \mathrm{Cl}_{3}\)</p>,Short Answer,3,2025,,,,,,,,,,,,,,,,
Board,Class 12th,Hindi,Chemistry,Haloalkanes and Haloarenes,6,<p>Q. निम्नलिखित रासायनिक अभिक्रियाओं के मुख्य मोनोहैलो उत्पाद की संरचना लिखिए : (i) cyclohexanol + \(\mathrm{SOCl}_{2}\) (ii) benzene + \(\mathrm{Cl}_{2}\) with \(\mathrm{FeCl}_{3}\)</p>,Short Answer,3,2025,,,,,,,,,,,,,,,,
Board,Class 12th,Hindi,Chemistry,Biomolecules,10,<p>Q. विटामिन A के कोई चार प्रमुख स्रोतों के नाम लिखिए।</p>,Short Answer,3,2025,,,,,,,,,,,,,,,,
Board,Class 12th,Hindi,Chemistry,Biomolecules,10,<p>Q. प्रोटीन के कोई चार प्रमुख स्रोतों के नाम लिखिए।</p>,Short Answer,3,2025,,,,,,,,,,,,,,,,
Board,Class 12th,Hindi,Chemistry,Chemical Kinetics,3,<p>Q. अभिक्रिया की आण्विकता के कोई तीन निष्कर्ष या अभिलक्षण लिखिए।</p>,Short Answer,3,2025,,,,,,,,,,,,,,,,
Board,Class 12th,Hindi,Chemistry,Chemical Kinetics,3,<p>Q. अभिक्रिया की कोटि के कोई तीन निष्कर्ष या अभिलक्षण लिखिए।</p>,Short Answer,3,2025,,,,,,,,,,,,,,,,
Board,Class 12th,Hindi,Chemistry,The d- and f-Block Elements,4,"<p>Q. संक्रमण तत्व परमाणन एन्थैल्पी के उच्च मान क्यों दर्शाते हैं, लिखिए।</p>",Short Answer,3,2025,,,,,,,,,,,,,,,,
Board,Class 12th,Hindi,Chemistry,The d- and f-Block Elements,4,"<p>Q. \(\mathrm{Cr}^{2+}\) अपचायक है जबकि \(\mathrm{Mn}^{3+}\) ऑक्सीकारक, जबकि दोनों का \(\mathrm{d}^{4}\) विन्यास है, क्यों? लिखिए।</p>",Short Answer,3,2025,,,,,,,,,,,,,,,,
Board,Class 12th,Hindi,Chemistry,Haloalkanes and Haloarenes,6,<p>Q. डाइक्लोरोमेथेन (मेथिलीन क्लोराइड) के मनुष्य पर पड़ने वाले कोई तीन प्रभाव लिखिए।</p>,Short Answer,3,2025,,,,,,,,,,,,,,,,
Board,Class 12th,Hindi,Chemistry,Haloalkanes and Haloarenes,6,<p>Q. टेट्राक्लोरोमेथेन (कार्बन टेट्राक्लोराइड) के मनुष्य पर पड़ने वाले कोई तीन प्रभाव लिखिए।</p>,Short Answer,3,2025,,,,,,,,,,,,,,,,
Board,Class 12th,Hindi,Chemistry,Amines,9,<p>Q. डाइऐजोकरण क्या है? डाइऐजोनियम लवण का भण्डारण क्यों नहीं किया जाता है? डाइऐजोकरण का रासायनिक समीकरण लिखिए।</p>,Long Answer,5,2025,,,,,,,,,,,,,,,,
Board,Class 12th,Hindi,Chemistry,Amines,9,<p>Q. हॉफमान ब्रोमामाइड निम्नीकरण अभिक्रिया क्या है ? इस अभिक्रिया में ऐमीन में ऐमाइड से एक कार्बन कम प्राप्त क्यों होता है ? इस अभिक्रिया का रासायनिक समीकरण लिखिए।</p>,Long Answer,5,2025,,,,,,,,,,,,,,,,
Board,Class 12th,Hindi,Chemistry,Solutions,1,<p>Q. क्वथनांक में उन्नयन को परिभाषित कीजिए एवं इसके आधार पर विलेय के मोलर द्रव्यमान निर्धारण के लिए गणितीय व्यंजक की व्युत्पत्ति कीजिए।</p>,Long Answer,5,2025,,,,,,,,,,,,,,,,
Board,Class 12th,Hindi,Chemistry,Solutions,1,<p>Q. वाष्पदाब का आपेक्षिक अवनमन को परिभाषित कीजिए एवं इसके आधार पर विलेय के मोलर द्रव्यमान निर्धारण के लिए गणितीय व्यंजक की व्युत्पत्ति कीजिए।</p>,Long Answer,5,2025,,,,,,,,,,,,,,,,
Board,Class 12th,Hindi,Chemistry,Electrochemistry,2,<p>Q. \(\mathrm{CuSO}_{4}\) के विलयन को 1.5 एम्पियर की धारा से 10 मिनट तक वैद्युत अपघटित किया गया। कैथोड पर निक्षेपित कॉपर का द्रव्यमान परिकलित कर लिखिए।</p>,Long Answer,5,2025,,,,,,,,,,,,,,,,
Board,Class 12th,Hindi,Chemistry,Electrochemistry,2,"<p>Q. \(0.001028 \, \mathrm{mol} \, \mathrm{L}^{-1}\) एसिटिक अम्ल की चालकता \(4.95 \times 10^{-5} \, \mathrm{S} \, \mathrm{cm}^{-1}\) है। इसका वियोजन स्थिरांक परिकलन कर लिखिए यदि एसिटिक अम्ल के लिए \(\Lambda_{\mathrm{m}}^{\circ}\) का मान \(390.5 \, \mathrm{S} \, \mathrm{cm}^{2} \, \mathrm{mol}^{-1}\) है।</p>",Long Answer,5,2025,,,,,,,,,,,,,,,,
Board,Class 12th,Hindi,Chemistry,"Aldehydes, Ketones and Carboxylic Acids",8,<p>Q. निम्नलिखित अभिक्रियाओं को पूर्ण कीजिए : (i) \(\mathrm{CH}_{3}\mathrm{CH}_{2}\mathrm{CH}_{2}OH\) + excess \(\mathrm{KMnO}_{4}/H^{+}\) (ii) benzene + \(\mathrm{CH}_{3}COCl\) with \(\mathrm{AlCl}_{3}\) (iii) toluene + \(\mathrm{CrO}_{2}Cl_{2}\) (iv) acetaldehyde + \(\mathrm{NH}_{2}OH\)</p>,Long Answer,5,2025,,,,,,,,,,,,,,,,
Board,Class 12th,Hindi,Chemistry,"Alcohols, Phenols and Ethers",7,<p>Q. निम्नलिखित अभिक्रियाओं को पूर्ण कीजिये : (i) \(\left(\mathrm{CH}_{3}\right)_{3} \mathrm{C}-\mathrm{OC}_{2} \mathrm{H}_{5} \xrightarrow{\mathrm{HI}}\) (ii) \(\mathrm{CO}+2 \mathrm{H}_{2} \xrightarrow[\substack{200-300 \text { atm } \\ 573-673 \mathrm{~K}}]{\mathrm{ZnO}-\mathrm{Cr}_{2} \mathrm{O}_{3}}\) (iii) benzene + \(\mathrm{CH}_{3}Cl\) with \(\mathrm{AlCl}_{3}\) (iv) phenol + \(\mathrm{CHCl}_{3}\) + \(\mathrm{NaOH}\)</p>,Long Answer,5,2025,,,,,,,,,,,,,,,,
Board,Class 12th,Hindi,Chemistry,"Aldehydes, Ketones and Carboxylic Acids",8,<p>Q. निम्नलिखित अभिक्रियाओं को रासायनिक समीकरण सहित लिखिए : (i) गाटरमान - कॉख अभिक्रिया (ii) ईटार्ड अभिक्रिया</p>,Long Answer,5,2025,,,,,,,,,,,,,,,,
Board,Class 12th,Hindi,Chemistry,"Aldehydes, Ketones and Carboxylic Acids",8,<p>Q. निम्नलिखित अभिक्रियाओं को रासायनिक समीकरण सहित लिखिए : (i) स्टीफैन अभिक्रिया (ii) फ्रीडेल-क्राफ्ट्स ऐसिलन अभिक्रिया</p>,Long Answer,5,2025,,,,,,,,,,,,,,,,
Board,Class 12th,Hindi,Maths,Inverse Trigonometric Functions,2,"<p>Q. \(2 \cos ^{-1} x\) का मान है- (a) \(\cos ^{-1}\left(2 x^{2}+1\right)\), (b) \(\cos ^{-1} \frac{2 x}{1+x^{2}}\), (c) \(\cos ^{-1}\left(2 x^{2}-1\right)\), (d) \(\tan ^{-1} \frac{2 x}{1-x^{2}}\)</p>",Multiple Choice Question,1,2016,,,,,,,,,,,,,,,,
Board,Class 12th,Hindi,Maths,Integrals,7,"<p>Q. \(\int_{a}^{b} \cos x \, dx\) का मान है- (a) \(-\sin b+\sin a\), (b) \(\sin b+\sin a\), (c) \(\cos b-\cos a\), (d) \(\sin b-\sin a\)</p>",Multiple Choice Question,1,2016,,,,,,,,,,,,,,,,
Board,Class 12th,Hindi,Maths,Vector Algebra,10,"<p>Q. सदिश \(\vec{a}\) का सदिश \(\vec{b}\) पर प्रक्षेप है- (a) \(\frac{\vec{a} \cdot \vec{b}}{|\vec{b}|}\), (b) \(\frac{\vec{a} \cdot \vec{b}}{|\vec{a}|}\), (c) \(\frac{\vec{a}}{|\vec{a}|}\), (d) \(\frac{\vec{a} \times \vec{b}}{|\vec{b}|}\)</p>",Multiple Choice Question,1,2016,,,,,,,,,,,,,,,,
Board,Class 12th,Hindi,Maths,Vector Algebra,10,<p>Q. सदिश बीजगणित में विस्थापन सदिश राशि है।</p>,True False,1,2016,,,,,,,,,,,,,,,,
Board,Class 12th,Hindi,Maths,Vector Algebra,10,<p>Q. किसी सदिश का वर्ग उसके मापांक के वर्ग के बराबर होता है।</p>,True False,1,2016,,,,,,,,,,,,,,,,
Board,Class 12th,Hindi,Maths,Three Dimensional Geometry,11,<p>Q. समतलों \(2 x-y+z=6\) और \(x+y+2 z=3\) के मध्य न्यूनकोण .......... है।</p>,Fill in the Blanks,1,2016,,,,,,,,,,,,,,,,
Board,Class 12th,Hindi,Maths,Three Dimensional Geometry,11,"<p>Q. बिन्दु \((185, 12)\) की \(x\)-अक्ष से लम्बवत् दूरी .......... है।</p>",Fill in the Blanks,1,2016,,,,,,,,,,,,,,,,
Board,Class 12th,Hindi,Maths,Applications of Derivatives,6,<p>Q. \(\sin x^{3}\) का \(x^{3}\) के सापेक्ष अवकल गुणांक .......... है।</p>,Fill in the Blanks,1,2016,,,,,,,,,,,,,,,,
Board,Class 12th,Hindi,Maths,Continuity and Differentiability,5,<p>Q. समीकरण \(x^{3}-2 x-5=0\) का मूल किस अन्तराल में स्थित है ?</p>,One Word Answer,1,2016,,,,,,,,,,,,,,,,
Board,Class 12th,Hindi,Maths,Vector Algebra,10,<p>Q. सदिश \(6 \hat{i}+2 \hat{j}-3 \hat{k}\) की दिक-कोज्याएँ ज्ञात कीजिए।</p>,Very Short Answer,2,2016,,,,,,,,,,,,,,,,
Board,Class 12th,Hindi,Maths,Vector Algebra,10,<p>Q. यदि \(\vec{a}=a_{1} \hat{i}+a_{2} \hat{j}+a_{3} \hat{k}\) तथा \(\vec{b}=b_{1} \hat{i}+b_{2} \hat{j}+b_{3} \hat{k}\) हो तो \(\vec{a} \times \vec{b}\) का मान ज्ञात कीजिए।</p>,Very Short Answer,2,2016,,,,,,,,,,,,,,,,
Board,Class 12th,Hindi,Maths,Vector Algebra,10,<p>Q. यदि \(\vec{a}=2 \hat{i}+\lambda \hat{j}+\hat{k}\) तथा \(\vec{b}=4 \hat{i}-3 \hat{j}-2 \hat{k}\) परस्पर लम्बवत् हों तो अदिश \(\lambda\) का मान ज्ञात कीजिए।</p>,Very Short Answer,2,2016,,,,,,,,,,,,,,,,
Board,Class 12th,Hindi,Maths,Vector Algebra,10,<p>Q. दो सदिश \(\vec{a}=2 \hat{i}+\hat{j}-3 \hat{k}\) तथा \(\vec{b}=3 \hat{i}-2 \hat{j}-2 \hat{k}\) के बीच का कोण ज्ञात कीजिए।</p>,Very Short Answer,2,2016,,,,,,,,,,,,,,,,
Board,Class 12th,Hindi,Maths,Three Dimensional Geometry,11,<p>Q. उस गोले का सदिश समीकरण ज्ञात कीजिए जिसका केन्द्र \((\hat{i}+2 \hat{j}-3 \hat{k})\) तथा त्रिज्या 5 हो।</p>,Very Short Answer,2,2016,,,,,,,,,,,,,,,,
Board,Class 12th,Hindi,Maths,Three Dimensional Geometry,11,<p>Q. दो रेखाओं \(\vec{r}=\overrightarrow{a_{1}}+\lambda \overrightarrow{b_{1}}\) और \(\vec{r}=\overrightarrow{a_{2}}+\lambda \overrightarrow{b_{2}}\) के प्रतिच्छेदी होने का प्रतिबन्ध लिखिए।</p>,Short Answer,3,2016,,,,,,,,,,,,,,,,
Board,Class 12th,Hindi,Maths,Integrals,7,"<p>Q. \(\int \sec ^{2} x \tan ^{3} x \, dx\) का मान ज्ञात कीजिए।</p>",Short Answer,3,2016,,,,,,,,,,,,,,,,
Board,Class 12th,Hindi,Maths,Integrals,7,<p>Q. \(\int \frac{1}{e^{x}+1} d x\) का मान ज्ञात कीजिए।</p>,Short Answer,3,2016,,,,,,,,,,,,,,,,
Board,Class 12th,Hindi,Maths,Integrals,7,"<p>Q. \(\int x \sin x \, dx\) का मान ज्ञात कीजिए।</p>",Short Answer,3,2016,,,,,,,,,,,,,,,,
Board,Class 12th,Hindi,Maths,Inverse Trigonometric Functions,2,<p>Q. सिद्ध कीजिए कि : \(\tan^{-1} \frac{1}{4} + \tan^{-1} \frac{2}{9} = \frac{1}{2} \cos^{-1} \frac{3}{5}\)</p>,Short Answer,3,2016,,,,,,,,,,,,,,,,
Board,Class 12th,Hindi,Maths,Inverse Trigonometric Functions,2,<p>Q. सिद्ध कीजिए कि : \(\sin^{-1} \frac{3}{5} + \sin^{-1} \frac{8}{17} = \sin^{-1} \frac{77}{85}\)</p>,Short Answer,3,2016,,,,,,,,,,,,,,,,
Board,Class 12th,Hindi,Maths,Integrals,7,<p>Q. \(\frac{11-2 x}{x^{2}+9 x+14}\) को आंशिक भिन्नों में व्यक्त कीजिए।</p>,Short Answer,3,2016,,,,,,,,,,,,,,,,
Board,Class 12th,Hindi,Maths,Integrals,7,<p>Q. \(\frac{x}{1+x^{3}}\) को आंशिक भिन्नों में व्यक्त कीजिए।</p>,Short Answer,3,2016,,,,,,,,,,,,,,,,
Board,Class 12th,Hindi,Maths,Continuity and Differentiability,5,<p>Q. \(\tan ^{-1} \frac{x}{\sqrt{a^{2}-x^{2}}}\) का \(x\) के सापेक्ष अवकलन ज्ञात कीजिए।</p>,Short Answer,3,2016,,,,,,,,,,,,,,,,
Board,Class 12th,Hindi,Maths,Continuity and Differentiability,5,<p>Q. यदि \( y=\frac{1-\cos x}{1+\cos x} \) हो तो \( \frac{d y}{d x} \) का मान ज्ञात कीजिए।</p>,Long Answer,5,2016,,,,,,,,,,,,,,,,
Board,Class 12th,Hindi,Maths,Continuity and Differentiability,5,<p>Q. यदि \( y=\tan x+\sec x \) हो तो सिद्ध कीजिए कि \( \frac{d^{2} y}{d x^{2}}=\frac{\cos x}{(1-\sin x)^{2}} \)</p>,Long Answer,5,2016,,,,,,,,,,,,,,,,
Board,Class 12th,Hindi,Maths,Continuity and Differentiability,5,<p>Q. $\sin ^{-1}\left(\frac{2 x}{1+x^{2}}\right)$ का $\tan ^{-1} x$ के सापेक्ष अवकल गुणांक ज्ञात कीजिए।</p>,Long Answer,5,2016,,,,,,,,,,,,,,,,
Board,Class 12th,Hindi,Maths,Applications of Derivatives,6,<p>Q. एक घन की कोर 7 सेमी/सेकण्ड की दर से बढ़ रही है। जब घन की कोर 10 सेमी लम्बी है तब घन का आयतन किस दर से बढ़ रहा है ?</p>,Long Answer,5,2016,,,,,,,,,,,,,,,,
Board,Class 12th,Hindi,Maths,Applications of Derivatives,6,<p>Q. दो धनात्मक संख्याएँ ज्ञात कीजिए जिनका गुणनफल \(64\) तथा योग न्यूनतम है।</p>,Short Answer,3,2016,,,,,,,,,,,,,,,,
Board,Class 12th,Hindi,Maths,Three Dimensional Geometry,11,<p>Q. सिद्ध कीजिए कि एक घन के विकर्णों के बीच का कोण \(\tan ^{-1}(2 \sqrt{2})\) होता है।</p>,Short Answer,3,2016,,,,,,,,,,,,,,,,
Board,Class 12th,Hindi,Maths,Continuity and Differentiability,5,<p>Q. \(\lim _{x \rightarrow 0} \frac{x^{3} \cot x}{1-\cos x}\) का मान ज्ञात कीजिए।</p>,Long Answer,5,2016,,,,,,,,,,,,,,,,
Board,Class 12th,Hindi,Maths,Continuity and Differentiability,5,<p>Q. यदि \( f(x)=\left\{\begin{array}{l}\frac{\sin a x}{\sin b x} \quad x \neq 0 \\ \frac{a}{b} \quad x=0\end{array}\right. \) \( x=0 \) पर फलन के सांतत्य की विवेचना कीजिए।</p>,Long Answer,5,2016,,,,,,,,,,,,,,,,
Board,Class 12th,Hindi,Maths,Integrals,7,<p>Q. \(\int \frac{d x}{3+2 \cos ^{2} x}\) का मान ज्ञात कीजिए।</p>,Long Answer,5,2016,,,,,,,,,,,,,,,,
Board,Class 12th,Hindi,Maths,Applications of Integrals,8,<p>Q. दो वक्रों \(y^{2}=9 x\) तथा \(x^{2}=9 y\) के बीच के क्षेत्र का क्षेत्रफल ज्ञात कीजिए।</p>,Long Answer,5,2016,,,,,,,,,,,,,,,,
Board,Class 12th,Hindi,Maths,Differential Equations,9,<p>Q. अवकल समीकरण \( x+y \frac{d y}{d x}=2 y \) को हल कीजिए।</p>,Long Answer,5,2016,,,,,,,,,,,,,,,,
Board,Class 12th,Hindi,Maths,Differential Equations,9,<p>Q. अवकल समीकरण \(\frac{d y}{d x}+2 y=\sin x\) को हल कीजिए।</p>,Long Answer,5,2016,,,,,,,,,,,,,,,,
Board,Class 12th,Hindi,Maths,Probability,13,<p>Q. 1 से 16 त्रक अंकित टिकटों को मिला दिया गया और एक टिकट यादृच्छया खींची गई। उस पर लिखी गई संख्या 2 से 3 का गुणक होने की प्रायिकता ज्ञात कीजिए।</p>,Short Answer,3,2016,,,,,,,,,,,,,,,,
Board,Class 12th,Hindi,Maths,Probability,13,<p>Q. एक पाँसा दो बार फेंका जाता है। प्रत्येक फेंक में सम संख्या आने पर 'सफलता' मानी जाती है। सफलताओं का प्रायिकता वितरण ज्ञात कीजिए।</p>,Short Answer,3,2016,,,,,,,,,,,,,,,,
Board,Class 12th,Hindi,Maths,Three Dimensional Geometry,11,"<p>Q. सिद्ध कीजिए कि बिन्दु \((12, 3)\), \((3, 0, 3)\), \((-2, -3, -3)\) तथा \((3, 4, 6)\) समतलीय हैं।</p>",Short Answer,3,2016,,,,,,,,,,,,,,,,
Board,Class 12th,Hindi,Maths,Three Dimensional Geometry,11,"<p>Q. किसी गोले के एक व्यास के सिरों के निर्देशांक \((10, 1)\) और \((5, 4, 5)\) हैं। गोले का समीकरण केन्द्र व व्यास ज्ञात कीजिए।</p>",Short Answer,3,2016,,,,,,,,,,,,,,,,
Board,Class 12th,Hindi,Maths,Vector Algebra,10,"<p>Q. यदि \(\vec{a}=3 \hat{i}+2 \hat{j}+2 \hat{k}\), \(\vec{b}=-\hat{i}+3 \hat{j}-\hat{k}\) तथा \(\vec{c}=\hat{i}+\hat{j}+\hat{k}\) हो तो \(\vec{a} \times(\vec{b} \times \vec{c})\) तथा \((\vec{a} \times \vec{b}) \times \vec{c}\) का मान ज्ञात कीजिए।</p>",Long Answer,5,2016,,,,,,,,,,,,,,,,
Board,Class 12th,Hindi,Maths,Vector Algebra,10,"<p>Q. सिद्ध कीजिए कि त्रिभुज जिसके शीर्षों के स्थिति सदिश क्रमशः \(2 \hat{i}+4 \hat{j}-\hat{k}\), \(4 \hat{i}+5 \hat{j}+\hat{k}\) तथा \(3 \hat{i}+6 \hat{j}-3 \hat{k}\) हैं एक समकोण समद्विबाहु त्रिभुज है।</p>",Long Answer,5,2016,,,,,,,,,,,,,,,,
Board,Class 12th,Hindi,Maths,Three Dimensional Geometry,11,"<p>Q. बिन्दु \( (5, 12, 13) \) की Y - अक्ष से लम्बवत दूरी _____ हैं।</p>",Fill in the Blanks,1,2017,,,,,,,,,,,,,,,,
Board,Class 12th,Hindi,Maths,Three Dimensional Geometry,11,<p>Q. समतल \(2x+y-z=5\) द्वारा X - अक्ष पर काटा गया अंतःखण्ड _____ हैं।</p>,Fill in the Blanks,1,2017,,,,,,,,,,,,,,,,
Board,Class 12th,Hindi,Maths,Three Dimensional Geometry,11,<p>Q. गोले \(x^2+y^2+z^2+3x+5y+2z=0\) में केन्द्र _____ हैं।</p>,Fill in the Blanks,1,2017,,,,,,,,,,,,,,,,
Board,Class 12th,Hindi,Maths,Continuity and Differentiability,5,<p>Q. \( \sin 3x \) का \( 3x \) के सापेक्ष अवकल गुणांक _____ हैं।</p>,Fill in the Blanks,1,2017,,,,,,,,,,,,,,,,
Board,Class 12th,Hindi,Maths,Continuity and Differentiability,5,<p>Q. सह-सम्बन्ध गुणांक का मान -2 से +2 के बीच होता हैं।</p>,True False,1,2017,,,,,,,,,,,,,,,,
Board,Class 12th,Hindi,Maths,Probability,13,<p>Q. यदि समाश्रयण गुणांक 0.8 तथा 0.2 हो तो सहसम्बन्ध गुणांक का मान \( +0.4 \) होता हैं।</p>,True False,1,2017,,,,,,,,,,,,,,,,
Board,Class 12th,Hindi,Maths,Applications of Derivatives,6,<p>Q. फलन \( f(x)=5x+2 \) वास्तविक संख्या समुच्चय में वर्धमान फलन हैं।</p>,True False,1,2017,,,,,,,,,,,,,,,,
Board,Class 12th,Hindi,Maths,Vector Algebra,10,<p>Q. दो सदिश \(\vec{a}\) व \(\vec{b}\) परस्पर लम्बवत होंगे यदि \(\vec{a} \cdot \vec{b} = 0\)</p>,True False,1,2017,,,,,,,,,,,,,,,,
Board,Class 12th,Hindi,Maths,Vector Algebra,10,<p>Q. सिद्ध कीजिए कि \(\vec{a} = 5\hat{i} + 15\hat{j}\) तथा \(\vec{b} = 3\hat{i} + 9\hat{j}\) समान्तर सदिश हैं।</p>,Very Short Answer,2,2017,,,,,,,,,,,,,,,,
Board,Class 12th,Hindi,Maths,Vector Algebra,10,<p>Q. यदि बिन्दुओ A और B के स्थिति सदिश क्रमशः \( 7\hat{i} + 3\hat{j} + \hat{k} \) तथा \( 2\hat{i} + 5\hat{j} + 4\hat{k} \) है तो \( \vec{AB} \) का परिणाम ज्ञात कीजिए।</p>,Very Short Answer,2,2017,,,,,,,,,,,,,,,,
Board,Class 12th,Hindi,Maths,Vector Algebra,10,<p>Q. बल \(\vec{F} = 2\hat{i} - \hat{j} - \hat{k}\) के द्वारा एक कण का विस्थापन \(\vec{d} = 3\hat{i} + 2\hat{j} - 5\hat{k}\) है तो बल द्वारा किया गया कार्य ज्ञात कीजिए।</p>,Very Short Answer,2,2017,,,,,,,,,,,,,,,,
Board,Class 12th,Hindi,Maths,Vector Algebra,10,<p>Q. यदि \(\vec{a}=2\hat{i}-3\hat{j}+\hat{k}\) और \(\vec{b}=3\hat{i}+2\hat{j}+\hat{k}\) हो तो \(\vec{a}\times\vec{b}\) का मान ज्ञात कीजिए।</p>,Very Short Answer,2,2017,,,,,,,,,,,,,,,,
Board,Class 12th,Hindi,Maths,Three Dimensional Geometry,11,<p>Q. दो सरल रेखाओं के बीच की न्यूनत्तम दूरी ज्ञात करने का सूत्र लिखिए जिनके सदिश समीकरण है। \(\vec{r}=\vec{a_1}+\lambda \vec{b_1}\) और \(\vec{r}=\vec{a_2}+\mu \vec{b_2}\) जहाँ \(\lambda\) व \(\mu\) अदिश हैं।</p>,Short Answer,3,2017,,,,,,,,,,,,,,,,
Board,Class 12th,Hindi,Maths,Integrals,7,"<p>Q. \(\int \frac{\cos(\log x)}{x} \, dx\) का मान ज्ञात कीजिए।</p>",Short Answer,3,2017,,,,,,,,,,,,,,,,
Board,Class 12th,Hindi,Maths,Integrals,7,"<p>Q. सिद्ध कीजिए कि \(\int \sec x \, dx = \log(\sec x + \tan x) + c\)</p>",Short Answer,3,2017,,,,,,,,,,,,,,,,
Board,Class 12th,Hindi,Maths,Integrals,7,"<p>Q. \(\int xe^x \, dx\) का मान ज्ञात कीजिए।</p>",Short Answer,3,2017,,,,,,,,,,,,,,,,
Board,Class 12th,Hindi,Maths,Integrals,7,"<p>Q. \(\int x \tan^2 x \, dx\) का मान ज्ञात कीजिए।</p>",Short Answer,3,2017,,,,,,,,,,,,,,,,
Board,Class 12th,Hindi,Maths,Three Dimensional Geometry,11,"<p>Q. YZ समतल बिन्दुओं \((-2, 4, 7)\) तथा \((3, -5, 8)\) को मिलाने वाली रेखा को किस अनुपात में विभाजित करता है।</p>",Short Answer,3,2017,,,,,,,,,,,,,,,,
Board,Class 12th,Hindi,Maths,Three Dimensional Geometry,11,<p>Q. सिध्द कीजिए कि समीकरण \( x=ay+b \) \( z=cy+d \) का सममित रूप \(\frac{x-b}{a} = \frac{y}{1} = \frac{z-d}{c}\) है।</p>,Short Answer,3,2017,,,,,,,,,,,,,,,,
Board,Class 12th,Hindi,Maths,Vector Algebra,10,<p>Q. सिद्ध कीजिए कि \(\vec{a} \times (\vec{b} + \vec{c}) + \vec{b} \times (\vec{c} + \vec{a}) + \vec{c} \times (\vec{a} + \vec{b}) = \vec{0}\)</p>,Short Answer,3,2017,,,,,,,,,,,,,,,,
Board,Class 12th,Hindi,Maths,Integrals,7,<p>Q. \(\frac{13x+18}{2x^2+5x+3}\) को आंशिक भिन्नो में विभक्त कीजिए।</p>,Short Answer,3,2017,,,,,,,,,,,,,,,,
Board,Class 12th,Hindi,Maths,Integrals,7,<p>Q. \(\frac{8x^{2}-9}{(3x+2)(x^{2}+5)}\) को आंशिक भिन्नो में विभक्त कीजिए।</p>,Short Answer,3,2017,,,,,,,,,,,,,,,,
Board,Class 12th,Hindi,Maths,Inverse Trigonometric Functions,2,<p>Q. सिध्द कीजिए कि \(\cos^{-1}\left(\frac{4}{5}\right) + \tan^{-1}\left(\frac{3}{5}\right) = \tan^{-1}\left(\frac{27}{11}\right)\)</p>,Short Answer,3,2017,,,,,,,,,,,,,,,,
Board,Class 12th,Hindi,Maths,Inverse Trigonometric Functions,2,<p>Q. \(\sin\left[2 \tan^{-1}\left(\sqrt{\frac{1-x}{1+x}}\right)\right]\) को सरलतम रूप में व्यक्त कीजिए।</p>,Long Answer,5,2017,,,,,,,,,,,,,,,,
Board,Class 12th,Hindi,Maths,Inverse Trigonometric Functions,2,<p>Q. \( \sqrt{\tan \sqrt{x}} \) का अवकलगुणांक ज्ञात कीजिए।</p>,Long Answer,5,2017,,,,,,,,,,,,,,,,
Board,Class 12th,Hindi,Maths,Continuity and Differentiability,5,<p>Q. यदि \( y=\cot^{-1}\left[\frac{\sqrt{1+x^2}+1}{x}\right] \) हो तो \( \frac{dy}{dx} \) का मान ज्ञात कीजिए।</p>,Long Answer,5,2017,,,,,,,,,,,,,,,,
Board,Class 12th,Hindi,Maths,Continuity and Differentiability,5,<p>Q. \(\frac{d}{dx} \left( \cos x \right)^{\cos x}\) को \(x\) के सापेक्ष अवकलित कीजिए।</p>,Long Answer,5,2017,,,,,,,,,,,,,,,,
Board,Class 12th,Hindi,Maths,Continuity and Differentiability,5,<p>Q. यदि \( y=\sqrt{\cos x+\sqrt{\cos x+\sqrt{\cos x+\ldots}}} \) हो तो सिध्द कीजिए कि \( (1-2y)\frac{dy}{dx} = \sin x \)</p>,Long Answer,5,2017,,,,,,,,,,,,,,,,
Board,Class 12th,Hindi,Maths,Applications of Derivatives,6,<p>Q. धातु की एक वर्गाकार चादर की भुजा 5 से.मी./मिनट की दर से बढ रही हैं। जब भुजा 20 से.मी. हैं तब उसका क्षेत्रफल किस दर से बढ रहा हैं।</p>,Long Answer,5,2017,,,,,,,,,,,,,,,,
Board,Class 12th,Hindi,Maths,Applications of Derivatives,6,<p>Q. अन्तराल [13] में फलन \(2x^3 - 24x + 107\) का उच्चिष्ठ ज्ञात कीजिए।</p>,Long Answer,5,2017,,,,,,,,,,,,,,,,
Board,Class 12th,Hindi,Maths,Probability,13,"<p>Q. x और y के बीच निम्नांकित आँकड़ों के आधार पर सहसम्बन्ध गुणांक की गणना कीजिए। [Table with \( x: 6566, 67, 67, 68, 69, 70, 72 \) and \( y: 67, 68, 65, 68, 72, 72, 69, 71 \)]</p>",Long Answer,5,2017,,,,,,,,,,,,,,,,
Board,Class 12th,Hindi,Maths,Three Dimensional Geometry,11,<p>Q. सिध्द कीजिए कि रेखाए \(\frac{x}{1}=\frac{(y-2)}{2}=\frac{(z+3)}{3}\) तथा \(\frac{(x-2)}{2}=\frac{(y-6)}{3}=\frac{(z-3)}{4}\) समतलीय हैं। उनका प्रतिच्छेद बिन्दु ज्ञात कीजिए।</p>,Long Answer,5,2017,,,,,,,,,,,,,,,,
Board,Class 12th,Hindi,Maths,Relations and Functions,1,<p>Q. यदि \( f(x)=\log_e\left(\frac{1-x}{1+x}\right) \) हो तो सिध्द कीजिए कि \( f(a)+f(b)=f\left(\frac{a+b}{1+ab}\right) \)</p>,Long Answer,5,2017,,,,,,,,,,,,,,,,
Board,Class 12th,Hindi,Maths,Continuity and Differentiability,5,<p>Q. \(\lim_{x \to 0} \frac{\tan x - \sin x}{x^3}\) का मान ज्ञात कीजिए।</p>,Short Answer,3,2017,,,,,,,,,,,,,,,,
Board,Class 12th,Hindi,Maths,Integrals,7,<p>Q. \(\int \frac{dx}{5 + 4 \sin x}\) का मान ज्ञात कीजिए।</p>,Short Answer,3,2017,,,,,,,,,,,,,,,,
Board,Class 12th,Hindi,Maths,Integrals,7,"<p>Q. सिद्ध कीजिए कि \(\int_{0}^{\frac{\pi}{2}} \frac{\sqrt{\tan x}}{1+\sqrt{\tan x}} \, dx = \frac{\pi}{4}\)</p>",Long Answer,5,2017,,,,,,,,,,,,,,,,
Board,Class 12th,Hindi,Maths,Differential Equations,9,<p>Q. अवकल समीकरण \((x-1)\frac{dy}{dx} = 2x^{3}y\) को हल कीजिए।</p>,Long Answer,5,2017,,,,,,,,,,,,,,,,
Board,Class 12th,Hindi,Maths,Differential Equations,9,<p>Q. अवकल समीकरण \(\frac{dy}{dx} = \frac{x^2 + 5xy + 4y^2}{x^2}\) को हल कीजिए।</p>,Long Answer,5,2017,,,,,,,,,,,,,,,,
Board,Class 12th,Hindi,Maths,Probability,13,<p>Q. 52 ताशो की अच्छी तरह फेटी हुई गड्डी में से यदृच्छशः 1 ताश निकाला जाता हैं। इसके इक्के या बादशाह न होने की प्रायिकता ज्ञात कीजिए।</p>,Very Short Answer,2,2017,,,,,,,,,,,,,,,,
Board,Class 12th,Hindi,Maths,Probability,13,<p>Q. एक सिक्का 6 बार उछाला जाता है। कम से कम 3 शीर्ष आने की प्रायिकता ज्ञात कीजिए।</p>,Very Short Answer,2,2017,,,,,,,,,,,,,,,,
Board,Class 12th,Hindi,Maths,Integrals,7,<p>Q. यदि \(\frac{1}{(1+\sin x)(2+\sin x)}=\frac{a}{(1+\sin x)}+\frac{b}{(2+\sin x)}\) तो \(a+b=\) (अ) 0 (ब) 1 (स) 2 (द) 3</p>,Multiple Choice Question,1,2018,,,,,,,,,,,,,,,,
Board,Class 12th,Hindi,Maths,Relations and Functions,1,"<p>Q. \(\sin ^{-1} \mathrm{X}\) का प्रान्त है- (अ) $(-\pi,\pi)$ (ब) $[-1,1]$ (स) $(0,2 \pi)$ (द) $(-\infty,\infty)$</p>",Multiple Choice Question,1,2018,,,,,,,,,,,,,,,,
Board,Class 12th,Hindi,Maths,Integrals,7,<p>Q. रेखाएं \(\frac{x}{1}=\frac{y}{2}=\frac{z}{3}\) एवं \(\frac{x}{5}=\frac{y}{10}=\frac{z}{15}\) परस्पर हैं- (अ) लम्बवत (ब) संपाती (स) प्रतिच्छेदी (द) समान्तर</p>,Multiple Choice Question,1,2018,,,,,,,,,,,,,,,,
Board,Class 12th,Hindi,Maths,Three Dimensional Geometry,11,<p>Q. बिन्दु \((a b c)\) की X-अक्ष से न्यूनतम दूरी है- (अ) \(\sqrt{b^{2}+c^{2}}\) (ब) \(\sqrt{a^{2}+b^{2}}\) (स) \(\sqrt{c^{2}+a^{2}}\) (द) \(\sqrt{a^{2}+b^{2}+c^{2}}\)</p>,Multiple Choice Question,1,2018,,,,,,,,,,,,,,,,
Board,Class 12th,Hindi,Maths,Relations and Functions,1,"<p>Q. The domain of \(\sin ^{-1} \mathrm{X}\) is : (A) \((- \pi, \pi)\) (B) \([-1, 1]\) (C) \((0, 2 \pi)\) (D) \((- \infty, \infty)\)</p>",Multiple Choice Question,1,2018,,,,,,,,,,,,,,,,
Board,Class 12th,Hindi,Maths,Three Dimensional Geometry,11,<p>Q. Two lines \(\frac{x}{1}=\frac{y}{2}=\frac{z}{3}\) and \(\frac{x}{5}=\frac{y}{10}=\frac{z}{15}\) are mutually (A) Perpendicular (B) Coincident (C) Intersect (D) Parallel</p>,Multiple Choice Question,1,2018,,,,,,,,,,,,,,,,
Board,Class 12th,Hindi,Maths,Continuity and Differentiability,5,<p>Q. यदि \( \mathrm{y}=\mathrm{a}^{x} \) है तो \( \frac{\mathrm{dy}}{\mathrm{dx}}= \) _______ है।</p>,Fill in the Blanks,1,2018,,,,,,,,,,,,,,,,
Board,Class 12th,Hindi,Maths,Continuity and Differentiability,5,<p>Q. \(x^{-5 / 7}\) का अवकल गुणांक _______ है।</p>,Fill in the Blanks,1,2018,,,,,,,,,,,,,,,,
Board,Class 12th,Hindi,Maths,Probability,13,<p>Q. सहसम्बन्ध गुणांक समाश्रयण गुणांकों का _______ माध्य होता है।</p>,Fill in the Blanks,1,2018,,,,,,,,,,,,,,,,
Board,Class 12th,Hindi,Maths,Vector Algebra,10,<p>Q. सदिश \(3 \mathrm{i}-2 \mathrm{j}+6 \mathrm{k}\) की दिक्कोज्याएँ _______ हैं।</p>,Fill in the Blanks,1,2018,,,,,,,,,,,,,,,,
Board,Class 12th,Hindi,Maths,Three Dimensional Geometry,11,<p>Q. \( \overrightarrow{\mathrm{a}} \cdot(\overrightarrow{\mathrm{a}} \times \overrightarrow{\mathrm{b}}) \) का मान शून्य होता है।</p>,True False,1,2018,,,,,,,,,,,,,,,,
Board,Class 12th,Hindi,Maths,Integrals,7,<p>Q. \(\int \frac{d x}{\sin x}\) का मान \(\log \tan \frac{x}{2}+c\) है।</p>,True False,1,2018,,,,,,,,,,,,,,,,
Board,Class 12th,Hindi,Maths,Applications of Derivatives,6,<p>Q. किसी भी कण का अधिकतम ऊँचाई पर वेग सदैव शून्य होता है।</p>,True False,1,2018,,,,,,,,,,,,,,,,
Board,Class 12th,Hindi,Maths,Continuity and Differentiability,5,<p>Q. समीकरण \(\mathrm{x}^{3}-\mathrm{x}-2=0\) का मूल किस अंतराल में है?</p>,Very Short Answer,2,2018,,,,,,,,,,,,,,,,
Board,Class 12th,Hindi,Maths,Applications of Integrals,8,<p>Q. आंकिक विधि में समलम्ब चतुर्भुज नियम का सूत्र लिखिए।</p>,Very Short Answer,2,2018,,,,,,,,,,,,,,,,
Board,Class 12th,Hindi,Maths,Probability,13,<p>Q. पूर्ण ऋणात्मक सहसम्बन्ध होता है।</p>,Very Short Answer,2,2018,,,,,,,,,,,,,,,,
Board,Class 12th,Hindi,Maths,Vector Algebra,10,<p>Q. यदि \(\vec{r}=3 \vec{i}-4 \vec{j}+5 \vec{k}\) तो \(\vec{r}\) की दिशा में एकांक सदिश ज्ञात कीजिए।</p>,Very Short Answer,2,2018,,,,,,,,,,,,,,,,
Board,Class 12th,Hindi,Maths,Vector Algebra,10,<p>Q. सिद्ध कीजिए कि \(\vec{a}-2 \vec{b}+3 \vec{c}-2 \vec{a}+3 \vec{b}-4 \vec{c}\) और \(\vec{a}-3 \vec{b}+5 \vec{c}\) समतलीय है।</p>,Very Short Answer,2,2018,,,,,,,,,,,,,,,,
Board,Class 12th,Hindi,Maths,Vector Algebra,10,<p>Q. सिद्ध कीजिए कि क्रम से ली गई त्रिभुज की तीन भुजाओं से निरूपित सदिशों का योग शून्य सदिश होता है।</p>,Very Short Answer,2,2018,,,,,,,,,,,,,,,,
Board,Class 12th,Hindi,Maths,Vector Algebra,10,<p>Q. यदि \(\vec{a}=3 \vec{i}-\vec{j}-4 \vec{k}\) और \(\vec{b}=-2 \vec{i}+4 \vec{j}-3 \vec{k}\) तो सदिश \(3 \vec{a}-2 \vec{b}\) का परिमाण ज्ञात कीजिए।</p>,One Word Answer,1,2018,,,,,,,,,,,,,,,,
Board,Class 12th,Hindi,Maths,Vector Algebra,10,"<p>Q. उस गोले का सदिश समीकरण एवं कार्तीय समीकरण ज्ञात कीजिए जिसका केन्द्र \((-10, 1)\) एवं त्रिज्या 2 हो।</p>",One Word Answer,1,2018,,,,,,,,,,,,,,,,
Board,Class 12th,Hindi,Maths,Vector Algebra,10,<p>Q. सिद्ध करो कि सदिश \(2 \vec{i}-3 \vec{j}+5 \vec{k}\) और \(-2 \vec{i}+2 \vec{j}+2 \vec{k}\) परस्पर लम्ब है।</p>,One Word Answer,1,2018,,,,,,,,,,,,,,,,
Board,Class 12th,Hindi,Maths,Differential Equations,9,"<p>Q. \(\int \sqrt{1+\cos x} \, dx\) का मान ज्ञात करो।</p>",One Word Answer,1,2018,,,,,,,,,,,,,,,,
Board,Class 12th,Hindi,Maths,Differential Equations,9,<p>Q. \(\int \frac{d x}{x^{2}-6 x+13}\) का मान ज्ञात कीजिए।</p>,Very Short Answer,2,2018,,,,,,,,,,,,,,,,
Board,Class 12th,Hindi,Maths,Integrals,7,"<p>Q. \(\int x \cdot \log x \, dx\) का मान ज्ञात कीजिए।</p>",Very Short Answer,2,2018,,,,,,,,,,,,,,,,
Board,Class 12th,Hindi,Maths,Integrals,7,"<p>Q. \(\int \frac{\mathrm{e}^{\cos ^{-1} \mathrm{x}}}{\sqrt{1-\mathrm{x}^{2}}} \, \mathrm{d}x\) समाकलन x के सापेक्ष कीजिए।</p>",Very Short Answer,2,2018,,,,,,,,,,,,,,,,
Board,Class 12th,Hindi,Maths,Vector Algebra,10,<p>Q. सदिश विधि से सिद्ध कीजिए। \(\cos (\alpha+\beta)=\cos \alpha \cdot \cos \beta-\sin \alpha \cdot \sin \beta\)</p>,Very Short Answer,2,2018,,,,,,,,,,,,,,,,
Board,Class 12th,Hindi,Maths,Vector Algebra,10,<p>Q. दो सदिशों \(3 \hat{i}+\hat{j}+2 \hat{k}\) तथा \(2 \hat{i}-2 \hat{j}+4 \hat{k}\) के बीच का कोंण ज्ञात कीजिए।</p>,Short Answer,3,2018,,,,,,,,,,,,,,,,
Board,Class 12th,Hindi,Maths,Vector Algebra,10,<p>Q. यदि किसी त्रिभुज \( A B C \) का केन्द्रक \( G \) हो तो सिद्ध कीजिए कि \( \overrightarrow{\mathrm{GA}}+\overrightarrow{\mathrm{GB}}+\overrightarrow{\mathrm{GC}}=\overrightarrow{0} \)</p>,Short Answer,3,2018,,,,,,,,,,,,,,,,
Board,Class 12th,Hindi,Maths,Vector Algebra,10,<p>Q. यदि \(\vec{a}=3 \hat{j}+2 \hat{j}+2 \hat{k}\) तथा \(\vec{b}=-\hat{i}+3 \hat{j}-\hat{k}\) तथा \(\vec{c}=\hat{i}+\hat{j}+\hat{k}\) तो \(\overrightarrow{\mathrm{a}} \times(\overrightarrow{\mathrm{b}} \times \overrightarrow{\mathrm{c}})\) का मान ज्ञात कीजिए।</p>,Short Answer,3,2018,,,,,,,,,,,,,,,,
Board,Class 12th,Hindi,Maths,Integrals,7,<p>Q. \(\frac{x^{2}+7 x}{x^{2}+2 x-8}\) को आंशिक भिन्नों में विभक्त कीजिए।</p>,Short Answer,3,2018,,,,,,,,,,,,,,,,
Board,Class 12th,Hindi,Maths,Integrals,7,<p>Q. \(\frac{2 x+1}{(x-1)\left(x^{2}+1\right)}\) को आंशिक भिन्नों में विभक्त कीजिए।</p>,Short Answer,3,2018,,,,,,,,,,,,,,,,
Board,Class 12th,Hindi,Maths,Inverse Trigonometric Functions,2,<p>Q. सिद्ध कीजिए कि : \(\tan ^{-1} \frac{1}{2}+\tan ^{-1} \frac{1}{5}+\tan ^{-1} \frac{1}{8}=\frac{\pi}{4}\)</p>,Short Answer,3,2018,,,,,,,,,,,,,,,,
Board,Class 12th,Hindi,Maths,Inverse Trigonometric Functions,2,<p>Q. सिद्ध कीजिए कि : \(\frac{1}{2} \cos ^{-1} \frac{1-x}{1+x}=\tan ^{-1} \sqrt{x}\)</p>,Short Answer,3,2018,,,,,,,,,,,,,,,,
Board,Class 12th,Hindi,Maths,Continuity and Differentiability,5,<p>Q. प्रथम सिद्धान्त से \(\sin \mathrm{X}\) का अवकलज ज्ञात कीजिए।</p>,Short Answer,3,2018,,,,,,,,,,,,,,,,
Board,Class 12th,Hindi,Maths,Differential Equations,9,<p>Q. \(\log \sqrt{\frac{1+\cos x}{1-\cos x}}\) का \(x\) के सापेक्ष अवकलन कीजिए।</p>,Long Answer,5,2018,,,,,,,,,,,,,,,,
Board,Class 12th,Hindi,Maths,Continuity and Differentiability,5,<p>Q. यदि \( \mathrm{y}=a \cos (\log \mathrm{x})+b \sin (\log \mathrm{x}) \) हो तो सिद्ध कीजिए कि \( \mathrm{x}^{2} \mathrm{y}_{2}+x \mathrm{y}_{1}+\mathrm{y}=0 \)</p>,Long Answer,5,2018,,,,,,,,,,,,,,,,
Board,Class 12th,Hindi,Maths,Continuity and Differentiability,5,<p>Q. यदि \( x^{y}=e^{y-x} \) तो सिद्ध कीजिए कि \( \frac{d y}{d x}=\frac{2-\log x}{(1-\log x)^{2}} \)</p>,Long Answer,5,2018,,,,,,,,,,,,,,,,
Board,Class 12th,Hindi,Maths,Continuity and Differentiability,5,<p>Q. एक कण \(\mathrm{S}=5 \mathrm{e}^{-\mathrm{t}} \cos \mathrm{t}\) नियम से गतिमान है1] में रोले प्रमेय की जाँच कीजिए।</p>,Long Answer,5,2018,,,,,,,,,,,,,,,,
Board,Class 12th,Hindi,Maths,Three Dimensional Geometry,11,<p>Q. उन रेखाओं के बीच का कोण ज्ञात कीजिए जिनकी दिक्कोज्याएँ निम्नांकित समीकरण द्वारा निर्धारित हैं : \(21 + 2n - m = 0\) तथा \(ml + mn + nl = 0\)</p>,Long Answer,5,2018,,,,,,,,,,,,,,,,
Board,Class 12th,Hindi,Maths,Differential Equations,9,<p>Q. \(\lim _{x \rightarrow \pi / 4} \frac{\sin x - \cos x}{x - \frac{\pi}{4}}\) का मान ज्ञात कीजिए।</p>,Long Answer,5,2018,,,,,,,,,,,,,,,,
Board,Class 12th,Hindi,Maths,Continuity and Differentiability,5,<p>Q. सिद्ध कीजिए कि फलन असंतत है : \( g(x)=\left\{\begin{array}{cc}3 x& x<3 \\ 3 & x=3 \\ x^{2} & x>3\end{array}\right.\)</p>,Very Short Answer,2,2018,,,,,,,,,,,,,,,,
Board,Class 12th,Hindi,Maths,Integrals,7,<p>Q. मान ज्ञात कीजिए : \(\int \frac{d x}{5+4 \cos x}\)</p>,Very Short Answer,2,2018,,,,,,,,,,,,,,,,
Board,Class 12th,Hindi,Maths,Integrals,7,<p>Q. \(\int_{0}^{\pi} \frac{\mathrm{x} \sin \mathrm{x}}{1+\cos ^{2} \mathrm{x}} \mathrm{dx}\) का मान ज्ञात कीजिए।</p>,Long Answer,5,2018,,,,,,,,,,,,,,,,
Board,Class 12th,Hindi,Maths,Differential Equations,9,<p>Q. अवकल समीकरण \(\frac{d y}{d x}=\frac{x^{2}+5 x y+4 y^{2}}{x^{2}}\) को हल कीजिए।</p>,Long Answer,5,2018,,,,,,,,,,,,,,,,
Board,Class 12th,Hindi,Maths,Differential Equations,9,<p>Q. हल कीजिए \(\left(1+\mathrm{X}^{2}\right) \frac{\mathrm{dY}}{\mathrm{dX}}+2 \mathrm{XY}-4 \mathrm{X}^{2}=0\)</p>,Short Answer,3,2018,,,,,,,,,,,,,,,,
Board,Class 12th,Hindi,Maths,Probability,13,<p>Q. यदि एक लीप वर्ष का यादृच्छिक चयन किया गया हो तो इस वर्ष में 53 रविवार होने की प्रायिकता ज्ञात कीजिए।</p>,Short Answer,3,2018,,,,,,,,,,,,,,,,
Board,Class 12th,Hindi,Maths,Probability,13,<p>Q. एक साक्षात्कार में एक पद हेतु पति एवं पत्नी शामिल हुए। पति के चुने जाने की प्रायिकता \(\frac{1}{4}\) है जबकि पत्नी के चुने जाने की प्रायिकता \(\frac{1}{6}\) है। इनमें से किसी के भी न चुने जाने की प्रायिकता ज्ञात कीजिए।</p>,Long Answer,5,2018,,,,,,,,,,,,,,,,
Board,Class 12th,Hindi,Maths,Relations and Functions,1,"<p>Q. यदि \( A=\{1,2,3\} \) हो तो अवयव \( (1,2) \) वाले तुल्यता सम्बन्धों की संख्या है। (A) 1 (B) 2 (C) 3 (D) 4</p>",Multiple Choice Question,1,2019,,,,,,,,,,,,,,,,
Board,Class 12th,Hindi,Maths,Inverse Trigonometric Functions,2,"<p>Q. यदि \(\sin^{-1}x=y\), तो (A) \(0 \leq y \leq \pi\) (B) \(-\frac{\pi}{2} \leq y \leq \frac{\pi}{2}\) (C) \(0 < y < \pi\) (D) \(-\frac{\pi}{2} < y < \frac{\pi}{2}\)</p>",Multiple Choice Question,1,2019,,,,,,,,,,,,,,,,
Board,Class 12th,Hindi,Maths,Matrices,3,<p>Q. यदि \( A=\begin{bmatrix}\cos\alpha & -\sin\alpha \\ \sin\alpha & \cos\alpha\end{bmatrix} \) तथा \( A+A'=I \) तो \( \alpha \) का मान है। (A) \( \frac{\pi}{6} \) (B) \( \frac{\pi}{3} \) (C) \( \pi \) (D) \( \frac{3\pi}{2} \)</p>,Multiple Choice Question,1,2019,,,,,,,,,,,,,,,,
Board,Class 12th,Hindi,Maths,Matrices,3,"<p>Q. यदि A, 3×3 कोटि का वर्ग आव्यूह है तो \(|\text{adj } A|\) का मान है : (A) \(|A|^2\) (B) \(|A|\) (C) \(|A|^3\) (D) \(3|A|\)</p>",Multiple Choice Question,1,2019,,,,,,,,,,,,,,,,
Board,Class 12th,Hindi,Maths,Continuity and Differentiability,5,<p>Q. \( x=0 \) पर फलन \( f(x)=|x| \) फलन है - (A) सतत लेकिन अवकलनीय नहीं (B) असतत एवं अवकलनीय नहीं (C) असतत एव अवकलनीय (D) सतत एवं अवकलनीय</p>,Multiple Choice Question,1,2019,,,,,,,,,,,,,,,,
Board,Class 12th,Hindi,Maths,Vector Algebra,10,<p>Q. सदिश \(3\hat{i} - 2\hat{j} + 6\hat{k}\) की दिक्कोज्याये _____ हैं।</p>,Fill in the Blanks,1,2019,,,,,,,,,,,,,,,,
Board,Class 12th,Hindi,Maths,Continuity and Differentiability,5,<p>Q. यदि \( y = x + e^x \) तब \( \frac{d^2y}{dx^2} = \) _____ है।</p>,Fill in the Blanks,1,2019,,,,,,,,,,,,,,,,
Board,Class 12th,Hindi,Maths,Applications of Integrals,8,"<p>Q. वक्र \( y=x^2 \), X-अक्ष तथा \( x=1 \), \( x=2 \) से घिरे भाग का क्षेत्रफल _____ है।</p>",Fill in the Blanks,1,2019,,,,,,,,,,,,,,,,
Board,Class 12th,Hindi,Maths,Three Dimensional Geometry,11,<p>Q. दो समान्तर रेखाओं में दिक् अनुपात _____ होते हैं।</p>,Fill in the Blanks,1,2019,,,,,,,,,,,,,,,,
Board,Class 12th,Hindi,Maths,Three Dimensional Geometry,11,<p>Q. समतल \(2x+y-z=5\) द्वारा X-अक्ष पर काटा गया अंतःखण्ड _____ होगा।</p>,Fill in the Blanks,1,2019,,,,,,,,,,,,,,,,
Board,Class 12th,Hindi,Maths,Probability,13,<p>Q. यदि \( E_1 \) और \( E_2 \) परस्पर अपवर्जी घटनायें हो तो \( P(E_1 \cap E_2) = 0 \) होता है।</p>,True False,1,2019,,,,,,,,,,,,,,,,
Board,Class 12th,Hindi,Maths,Probability,13,"<p>Q. यदि \( P(A)=\frac{1}{2} \), \( P(B)=0 \), तब \( P(A/B) \) परिभाषित नहीं है।</p>",True False,1,2019,,,,,,,,,,,,,,,,
Board,Class 12th,Hindi,Maths,Linear Programming,12,<p>Q. किसी रेखीय प्रोग्रामन समस्या में उद्देश्य फलन हमेशा रैखिक होता है।</p>,True False,1,2019,,,,,,,,,,,,,,,,
Board,Class 12th,Hindi,Maths,Linear Programming,12,<p>Q. किसी रेखीय प्रोग्रामन समस्या के लिये संभाव्य क्षेत्र हमेशा रैखिक बहुभुज होता है।</p>,True False,1,2019,,,,,,,,,,,,,,,,
Board,Class 12th,Hindi,Maths,Integrals,7,"<p>Q. \(\int_{0}^{\pi} \cos^3 x \, dx\) का मान 0 होता है।</p>",True False,1,2019,,,,,,,,,,,,,,,,
Board,Class 12th,Hindi,Maths,Determinants,4,"<p>Q. यदि \( A=\begin{bmatrix} 2 & 4 \\ 3 & 2 \end{bmatrix} \) तथा \( B=\begin{bmatrix} 1 & 3 \\ 2 & 5 \end{bmatrix} \), तो \( A \cdot B \) का मान ज्ञात कीजिये।</p>",Very Short Answer,2,2019,,,,,,,,,,,,,,,,
Board,Class 12th,Hindi,Maths,Matrices,3,"<p>Q. यदि \( A=\begin{bmatrix} 1 & 5 & 6 \\ -6 & 7 & 0 \end{bmatrix} \) तथा \( B=\begin{bmatrix} 1 & -5 & 7 \\ 8 & -7 & 7 \end{bmatrix} \) है, तो \( A-B \) का मान ज्ञात कीजिये।</p>",Very Short Answer,2,2019,,,,,,,,,,,,,,,,
Board,Class 12th,Hindi,Maths,Continuity and Differentiability,5,<p>Q. \( x=1 \) पर फलन \( f(x)=2x+3 \) के सांतत्य की जाँच कीजिए।</p>,Very Short Answer,2,2019,,,,,,,,,,,,,,,,
Board,Class 12th,Hindi,Maths,Continuity and Differentiability,5,"<p>Q. सिद्ध कीजिए कि मापांक फलन \( f(x) = |x| \), \( x = 0 \) पर अवकलनीय नहीं है।</p>",Very Short Answer,2,2019,,,,,,,,,,,,,,,,
Board,Class 12th,Hindi,Maths,Integrals,7,"<p>Q. समाकलन ज्ञात कीजिए। \(\int (x^{\frac{2}{3}} + 1) \, dx\)</p>",Very Short Answer,2,2019,,,,,,,,,,,,,,,,
Board,Class 12th,Hindi,Maths,Integrals,7,"<p>Q. समाकलन ज्ञात कीजिए। \(\int \frac{1 - \sin x}{\cos^2 x} \, dx\)</p>",Very Short Answer,2,2019,,,,,,,,,,,,,,,,
Board,Class 12th,Hindi,Maths,Vector Algebra,10,<p>Q. सदिश \(\vec{a} = 2\hat{i} + 3\hat{j} + \hat{k}\) के अनुदिश मात्रक सदिश ज्ञात कीजिए।</p>,Very Short Answer,2,2019,,,,,,,,,,,,,,,,
Board,Class 12th,Hindi,Maths,Vector Algebra,10,<p>Q. सदिश \(\vec{a} = 2\hat{i} + 3\hat{j} + 2\hat{k}\) का सदिश \(\vec{b} = \hat{i} + 2\hat{j} + \hat{k}\) पर प्रक्षेप ज्ञात कीजिए।</p>,Very Short Answer,2,2019,,,,,,,,,,,,,,,,
Board,Class 12th,Hindi,Maths,Three Dimensional Geometry,11,"<p>Q. उस समतल का समीकरण ज्ञात कीजिए जिसके निर्देशांक अक्षों पर अन्तःखण्ड \( -4, 2 \) तथा \( 3 \) हैं।</p>",Very Short Answer,2,2019,,,,,,,,,,,,,,,,
Board,Class 12th,Hindi,Maths,Three Dimensional Geometry,11,<p>Q. रेखा \(\frac{x+1}{2}=\frac{y}{3}=\frac{z-3}{6}\) तथा समतल \(3x+y+z=7\) के बीच का कोण ज्ञात कीजिए।</p>,Very Short Answer,2,2019,,,,,,,,,,,,,,,,
Board,Class 12th,Hindi,Maths,Applications of Derivatives,6,<p>Q. हवा के बुलबुले की त्रिज्या \( \frac{1}{2} \) सेमी प्रति सेकण्ड की दर से बढ़ रही है। त्रिज्या \( 1 \) सेमी होने पर बुलबुले की आयतन परिवर्तन की दर ज्ञात कीजिए।</p>,Short Answer,3,2019,,,,,,,,,,,,,,,,
Board,Class 12th,Hindi,Maths,Applications of Derivatives,6,"<p>Q. वक्र \( x=1-a\sin\theta, y=b\cos^2\theta \) के \( \theta=\frac{\pi}{2} \) पर अभिलम्ब की प्रवणता ज्ञात कीजिए।</p>",Short Answer,3,2019,,,,,,,,,,,,,,,,
Board,Class 12th,Hindi,Maths,Applications of Derivatives,6,"<p>Q. \( y = x(5 - x) \), \( x \) के किस मान के लिये उच्चिष्ठ या निम्निष्ठ है ?</p>",Short Answer,3,2019,,,,,,,,,,,,,,,,
Board,Class 12th,Hindi,Maths,,#N/A,<p>Q. अवकलज का प्रयोग करके \(\sqrt{49.5}\) का मान ज्ञात कीजिए।</p>,Short Answer,3,2019,,,,,,,,,,,,,,,,
Board,Class 12th,Hindi,Maths,Vector Algebra,10,"<p>Q. यदि \(\vec{a} + \vec{b} + \vec{c} = \vec{0}\) हो, तो सिद्ध कीजिए कि \(\vec{a} \times \vec{b} = \vec{b} \times \vec{c} = \vec{c} \times \vec{a}\)</p>",Short Answer,3,2019,,,,,,,,,,,,,,,,
Board,Class 12th,Hindi,Maths,Vector Algebra,10,<p>Q. उस समान्तर चतुर्भुज का क्षेत्रफल ज्ञात कीजिए जिसकी संलग्न भुजाएँ सदिश \(\vec{a} = 3\hat{i} + \hat{j} + 4\hat{k}\) और \(\vec{b} = \hat{i} - \hat{j} + \hat{k}\) द्वारा दी गई हैं।</p>,Short Answer,3,2019,,,,,,,,,,,,,,,,
Board,Class 12th,Hindi,Maths,Three Dimensional Geometry,11,<p>Q. निम्नलिखित दी गई रेखाओं \( l_1 \) और \( l_2 \) \( \vec{r} = \hat{i} + 2\hat{j} - 4\hat{k} + \lambda(2\hat{i} + 3\hat{j} + 6\hat{k}) \) \( \vec{r} = 3\hat{i} + 3\hat{j} - 5\hat{k} + \mu(2\hat{i} + 3\hat{j} + 6\hat{k}) \) के बीच की न्यूनतम दूरी ज्ञात कीजिए।</p>,Short Answer,3,2019,,,,,,,,,,,,,,,,
Board,Class 12th,Hindi,Maths,Three Dimensional Geometry,11,<p>Q. समतल \(2x-3y+4z-6=0\) की मूल बिन्दु से दूरी ज्ञात कीजिए।</p>,Very Short Answer,2,2019,,,,,,,,,,,,,,,,
Board,Class 12th,Hindi,Maths,Relations and Functions,1,"<p>Q. सिद्ध कीजिए कि समुच्ययों में सम्बन्ध ""बराबर है"" तुल्यता सम्बन्ध है।</p>",Very Short Answer,2,2019,,,,,,,,,,,,,,,,
Board,Class 12th,Hindi,Maths,Relations and Functions,1,"<p>Q. यदि \( f(x)=x^2 \) और \( g(x)=x+3 \), \( x\in\mathbb{R} \), तब \( (g\circ f)x, (f\circ g)x, (f\circ g)2 \) का मान ज्ञात कीजिए।</p>",Long Answer,5,2019,,,,,,,,,,,,,,,,
Board,Class 12th,Hindi,Maths,Inverse Trigonometric Functions,2,<p>Q. दर्शाइए कि \(\sin^{-1}\left(\frac{3}{5}\right) - \sin^{-1}\left(\frac{8}{17}\right) = \cos^{-1}\left(\frac{84}{85}\right)\)</p>,Long Answer,5,2019,,,,,,,,,,,,,,,,
Board,Class 12th,Hindi,Maths,Inverse Trigonometric Functions,2,<p>Q. सिद्ध कीजिए कि \(\cos^{-1}x=2\cos^{-1}\sqrt{\frac{1+x}{2}}\)</p>,Long Answer,5,2019,,,,,,,,,,,,,,,,
Board,Class 12th,Hindi,Maths,Determinants,4,<p>Q. सिद्ध कीजिए कि \(\left| \begin{bmatrix} b+c & a & a \\ b & c+a & b \\ c & c & a+b \end{bmatrix} \right|=4abc\)</p>,Long Answer,5,2019,,,,,,,,,,,,,,,,
Board,Class 12th,Hindi,Maths,Determinants,4,"<p>Q. एक त्रिभुज का क्षेत्रफल ज्ञात कीजिए जिसके शीर्ष \((3,8)\), \((-4,2)\) और \((5,1)\) हैं।</p>",Long Answer,5,2019,,,,,,,,,,,,,,,,
Board,Class 12th,Hindi,Maths,Three Dimensional Geometry,11,"<p>Q. उस तल का समीकरण ज्ञात कीजिए जिसमें बिन्दु \( (1,-1,2) \) अंतविष्ट है और जो समतलों \( 2x+3y-2z=5 \) और \( x+2y-3z=8 \) में से प्रत्येक पर लम्ब है।</p>",Long Answer,5,2019,,,,,,,,,,,,,,,,
Board,Class 12th,Hindi,Maths,Three Dimensional Geometry,11,<p>Q. सिद्ध कीजिए कि एक घन के किसी दो विकर्णों के बीच कोण \(\cos^{-1}\left(\frac{1}{3}\right)\) होता है।</p>,Long Answer,5,2019,,,,,,,,,,,,,,,,
Board,Class 12th,Hindi,Maths,Linear Programming,12,<p>Q. असमीकरण \(3x + 2y \leq 6\) का ग्राफ खींचिए।</p>,Long Answer,5,2019,,,,,,,,,,,,,,,,
Board,Class 12th,Hindi,Maths,Linear Programming,12,"<p>Q. \( P=2x+4y \) का न्यूनतम मान निम्नांकित प्रतिबन्धों के अंतर्गत ज्ञात कीजिए : \( 4x+3y \leq 12 \), \( x+2y \geq 4 \), \( x,y \geq 0 \).</p>",Long Answer,5,2019,,,,,,,,,,,,,,,,
Board,Class 12th,Hindi,Maths,Probability,13,"<p>Q. यदि \( P(A)=\frac{1}{2} \), \( P(B)=\frac{1}{4} \) तथा \( P(A \cap B)=\frac{1}{4} \) है, तो निम्न का मान ज्ञात कीजिए : (i) \( P(A|B) \) तथा (ii) \( P(B|A) \)</p>",Short Answer,3,2019,,,,,,,,,,,,,,,,
Board,Class 12th,Hindi,Maths,Probability,13,<p>Q. दो पाँसों को 4 बार फेंकने पर दोनों पर समान अंक प्राप्त करने की प्रायिकता ज्ञात कीजिए।</p>,Short Answer,3,2019,,,,,,,,,,,,,,,,
Board,Class 12th,Hindi,Maths,Probability,13,"<p>Q. एक परिवार में दो बच्चे हैं। यदि यह ज्ञात हो कि बच्चों में से कम से कम एक बच्चा लड़का है, तो दोनों बच्चों के लड़का होने की प्रायिकता ज्ञात कीजिए।</p>",Short Answer,3,2019,,,,,,,,,,,,,,,,
Board,Class 12th,Hindi,Maths,Probability,13,<p>Q. पाँसों की एक जोड़ को तीन बार उछालने पर द्विको (doublets) की संख्या की प्रायिकता बंटन ज्ञात कीजिए।</p>,Short Answer,3,2019,,,,,,,,,,,,,,,,
Board,Class 12th,Hindi,Maths,Matrices,3,"<p>Q. यदि \( A=\begin{bmatrix} \cos \alpha & \sin \alpha \\ -\sin \alpha & \cos \alpha \end{bmatrix} \), हो, तो सिद्ध कीजिए कि \( A' \cdot A=I \)</p>",Numerical Answer,3,2019,,,,,,,,,,,,,,,,
Board,Class 12th,Hindi,Maths,Matrices,3,"<p>Q. यदि \( A=\begin{bmatrix} 3 & \sqrt{3} & 2 \\ 4 & 2 & 0 \end{bmatrix} \) तथा \( B=\begin{bmatrix} 2 & -1 & 2 \\ 1 & 2 & 4 \end{bmatrix} \) हो, तो निम्नलिखित को सत्यापित कीजिए : (i) \( (A')' =A \) (ii) \( (A+B)'=A'+B' \)</p>",Long Answer,5,2019,,,,,,,,,,,,,,,,
Board,Class 12th,Hindi,Maths,Continuity and Differentiability,5,"<p>Q. निम्नलिखित फलन के सातत्य की जाँच कीजिए : \( f(x) = \begin{cases} x \cdot \sin\left(\frac{1}{x}\right), & x \neq 0 \\ 0, & x = 0 \end{cases} \)</p>",Long Answer,5,2019,,,,,,,,,,,,,,,,
Board,Class 12th,Hindi,Maths,Continuity and Differentiability,5,"<p>Q. सिद्ध कीजिए कि फलन \( f(x) = \begin{cases} x^2 - 1, & \text{जब } x \geq 1 \\ 1 - x, & \text{जब } x < 1 \end{cases} \) \( x = 1 \) पर अवकलनीय नहीं है।</p>",Long Answer,5,2019,,,,,,,,,,,,,,,,
Board,Class 12th,Hindi,Maths,Integrals,7,"<p>Q. \(\int \frac{xe^x}{(1+x)^2} \, dx\) का मान ज्ञात कीजिए।</p>",Long Answer,5,2019,,,,,,,,,,,,,,,,
Board,Class 12th,Hindi,Maths,Integrals,7,"<p>Q. \(\int_{0}^{1} \frac{\tan^{-1} x}{1+x^2} \, dx\) का मान ज्ञात कीजिए।</p>",Long Answer,5,2019,,,,,,,,,,,,,,,,
Board,Class 12th,Hindi,Maths,Applications of Integrals,8,<p>Q. वृत्त \( x^2+y^2=a^2 \) का क्षेत्रफल ज्ञात कीजिए।</p>,Long Answer,5,2019,,,,,,,,,,,,,,,,
Board,Class 12th,Hindi,Maths,Applications of Integrals,8,<p>Q. \( y_1 = \sin x \) तथा \( y_2 = \cos x \) वक्रों से घिरे क्षेत्र का क्षेत्रफल ज्ञात कीजिए जो \( x = 0 \) तथा \( x = \frac{\pi}{4} \) के बीच स्थित हो।</p>,Long Answer,5,2019,,,,,,,,,,,,,,,,
Board,Class 12th,Hindi,Maths,Differential Equations,9,"<p>Q. सत्यापित कीजिए कि फलन \( y = a \cos x + b \sin x \), जिसमें \( a, b \in \mathbb{R} \), अवकल समीकरण \( \frac{d^2y}{dx^2} + y = 0 \) का हल है।</p>",Long Answer,5,2019,,,,,,,,,,,,,,,,
Board,Class 12th,Hindi,Maths,Differential Equations,9,<p>Q. अवकल समीकरण \(\frac{dy}{dx} = x \cdot \log x\) को हल कीजिए।</p>,Short Answer,3,2019,,,,,,,,,,,,,,,,
Board,Class 12th,Hindi,Maths,Applications of Derivatives,6,<p>Q. \( x^{\frac{1}{x}} \) का महत्तम मान है।</p>,Short Answer,3,2019,,,,,,,,,,,,,,,,
Board,Class 12th,Hindi,Maths,Applications of Derivatives,6,<p>Q. त्रिज्या \( r \) के सापेक्ष वृत के क्षेत्रफल में परिवर्तन की दर होगी जब \( r=5 \) सेमी है।</p>,Short Answer,3,2019,,,,,,,,,,,,,,,,
Board,Class 12th,Hindi,Maths,Applications of Derivatives,6,<p>Q. वक्र \( y=2x^{2}+3\sin x \) के \( x=0 \) पर अभिलम्ब की प्रवणता</p>,Short Answer,3,2019,,,,,,,,,,,,,,,,
Board,Class 12th,Hindi,Maths,Applications of Derivatives,6,<p>Q. \(3\sin\theta + 4\cos\theta\) का निम्निष्ठ मान है</p>,Short Answer,3,2019,,,,,,,,,,,,,,,,
Board,Class 12th,Hindi,Maths,Relations and Functions,1,"<p>Q. यदि \( A=\{1,2,3\} \) हो, तो ऐसे संबंध जिनमें अवयव \( (1,2) \) तथा \( (1,3) \) हों और जो स्वतुल्य तथा सममित हैं किन्तु संक्रामक नहीं हैं, की संख्या है - (a) 1 (b) 2 (c) 3 (d) 4</p>",Multiple Choice Question,1,2020,,,,,,,,,,,,,,,,
Board,Class 12th,Hindi,Maths,Inverse Trigonometric Functions,2,<p>Q. \(\tan ^{-1} \sqrt{3}-\sec ^{-1}(-2)\) का मान बराबर है - (a) \(\pi\) (b) \(-\frac{\pi}{3}\) (c) \(\frac{\pi}{3}\) (d) \(\frac{2 \pi}{3}\)</p>,Multiple Choice Question,1,2020,,,,,,,,,,,,,,,,
Board,Class 12th,Hindi,Maths,Matrices,3,<p>Q. \(3 \times 3\) कोटि के ऐसे आव्यूहों की कुल कितनी संख्या होगी जिनकी प्रत्येक प्रविष्टि 0 या 1 है ? (a) 27 (b) 18 (c) 81 (d) 512</p>,Multiple Choice Question,1,2020,,,,,,,,,,,,,,,,
Board,Class 12th,Hindi,Maths,Determinants,4,"<p>Q. यदि \( A \) कोटि दो का व्युत्क्रमणीय आव्यूह है, तो \( \operatorname{det}\left(A^{-1}\right) \) बराबर : (a) \( \operatorname{det}(A) \) (b) \( \frac{1}{\operatorname{det}(A)} \) (c) 1 (d) 0</p>",Multiple Choice Question,1,2020,,,,,,,,,,,,,,,,
Board,Class 12th,Hindi,Maths,Applications of Integrals,8,"<p>Q. यदि \( f(x)=\int_{0}^{x} t \sin t \, dt \), तब \( f^{\prime}(x) \) है : (a) \( \cos x+x \sin x \) (b) \( x \sin x \) (c) \( x \cos x \) (d) \( \sin x+x \cos x \)</p>",Multiple Choice Question,1,2020,,,,,,,,,,,,,,,,
Board,Class 12th,Hindi,Maths,Applications of Integrals,8,<p>Q. एक वृत्त की त्रिज्या \( r=6 \) सेमी पर \( r \) के सापेक्ष क्षेत्रफल परिवर्तन की दर क्या है ?</p>,Very Short Answer,2,2020,,,,,,,,,,,,,,,,
Board,Class 12th,Hindi,Maths,Applications of Derivatives,6,"<p>Q. वक्र \(x^{2}=4 y\) का बिन्दु \((1, 2)\) से होकर जाने वाले अभिलंब का समीकरण लिखिए।</p>",Very Short Answer,2,2020,,,,,,,,,,,,,,,,
Board,Class 12th,Hindi,Maths,Applications of Derivatives,6,"<p>Q. यदि \( f(x)=3 x^{2}+15 x+5 \) हो, तो \( f(3.02) \) का सन्निकट मान लिखिए।</p>",Very Short Answer,2,2020,,,,,,,,,,,,,,,,
Board,Class 12th,Hindi,Maths,Applications of Derivatives,6,<p>Q. वक्र \(y=2 x^{2}+3 \sin x\) के \(x=0\) पर अभिलंब की प्रवणता लिखिए।</p>,Very Short Answer,2,2020,,,,,,,,,,,,,,,,
Board,Class 12th,Hindi,Maths,Linear Programming,12,"<p>Q. एक उत्पाद की \(x\) इकाइयों के विक्रय से प्राप्त कुल आय रुपये में \(R(x)=3 x^{2}+36 x+5\) से प्रदत है। जब \(x=15\) है, तो सीमांत आय लिखिये।</p>",Very Short Answer,2,2020,,,,,,,,,,,,,,,,
Board,Class 12th,Hindi,Maths,Continuity and Differentiability,5,<p>Q. प्रत्येक अवकलनीय फलन होता है_______</p>,Fill in the Blanks,1,2020,,,,,,,,,,,,,,,,
Board,Class 12th,Hindi,Maths,Applications of Integrals,8,"<p>Q. प्रथम चतुर्थांश में वृत्त \(x^{2}+y^{2}=4\) एवं रेखाओं \(x=0, y=2\) से घिरे क्षेत्र का क्षेत्रफल _______ है।</p>",Fill in the Blanks,1,2020,,,,,,,,,,,,,,,,
Board,Class 12th,Hindi,Maths,Differential Equations,9,<p>Q. चार कोटि वाले किसी अवकल समीकरण के व्यापक हल में उपस्थित स्वेच्छ अचरों की संख्या _______ है।</p>,Fill in the Blanks,1,2020,,,,,,,,,,,,,,,,
Board,Class 12th,Hindi,Maths,Linear Programming,12,"<p>Q. सभी व्यवरोधों और ऋणेतर व्यवरोधों \(x \geq 0 \quad y \geq 0\) द्वारा निर्धारित उभयनिष्ठ क्षेत्र, एक रेखीय प्रोग्रामन समस्या का _______ कहलाता है।</p>",Fill in the Blanks,1,2020,,,,,,,,,,,,,,,,
Board,Class 12th,Hindi,Maths,Probability,13,"<p>Q. यदि \( A \) और \( B \) दो ऐसी घटनाएँ हैं कि \( P(A) \neq 0 \) और \( P(B | A)=1 \), तब \( A \subset B \).</p>",True False,1,2020,,,,,,,,,,,,,,,,
Board,Class 12th,Hindi,Maths,Probability,13,<p>Q. \(A\) द्वारा सत्य बोलने की प्रायिकता \(\frac{4}{5}\) है। एक सिक्का उछाला जाता है तथा \(A\) बताता है कि चित प्रदर्शित हुआ। वास्तविक रूप में चित प्रकट होने की प्रायिकता \(\frac{4}{5}\) है।</p>,True False,1,2020,,,,,,,,,,,,,,,,
Board,Class 12th,Hindi,Maths,Three Dimensional Geometry,11,"<p>Q. यदि एक रेखा की दिक्-कोसाइन \(l, m, n\) हैं, तो \(l^{2}+m^{2}+n^{2}=0\) ।</p>",True False,1,2020,,,,,,,,,,,,,,,,
Board,Class 12th,Hindi,Maths,Vector Algebra,10,<p>Q. त्रिभुज की तीनों भुजाओं को क्रम में लेने पर उनका सदिश योग्य \(\overrightarrow{0}\) है ।</p>,True False,1,2020,,,,,,,,,,,,,,,,
Board,Class 12th,Hindi,Maths,Matrices,3,"<p>Q. \(X\) तथा \(Y\) ज्ञात कीजिए, यदि \(X+Y=\begin{bmatrix}7 & 0 \\ 2 & 5\end{bmatrix}\) तथा \(X-Y=\begin{bmatrix}3 & 0 \\ 0 & 3\end{bmatrix}\)</p>",Very Short Answer,2,2020,,,,,,,,,,,,,,,,
Board,Class 12th,Hindi,Maths,Matrices,3,<p>Q. निदर्शित गुणनफल परिकलित कीजिए : \[\begin{bmatrix}1 \\2 \\3\end{bmatrix}\begin{bmatrix}2 & 3 & 4\end{bmatrix}\]</p>,Very Short Answer,2,2020,,,,,,,,,,,,,,,,
Board,Class 12th,Hindi,Maths,Continuity and Differentiability,5,"<p>Q. जाँचिए कि क्या \( f(x)=x^{2}, x=0 \) पर संतत है ?</p>",Very Short Answer,2,2020,,,,,,,,,,,,,,,,
Board,Class 12th,Hindi,Maths,Differential Equations,9,"<p>Q. यदि \( x-y=\pi \), तो \( \frac{d y}{d x} \) का मान ज्ञात कीजिए।</p>",Very Short Answer,2,2020,,,,,,,,,,,,,,,,
Board,Class 12th,Hindi,Maths,Integrals,7,<p>Q. मान ज्ञात कीजिए : \(\int \frac{\sin \left(\tan ^{-1} x\right)}{1+x^{2}} d x\)</p>,Very Short Answer,2,2020,,,,,,,,,,,,,,,,
Board,Class 12th,Hindi,Maths,Integrals,7,"<p>Q. मान ज्ञात कीजिए : \(\int(1-x) \sqrt{x} \, dx\)</p>",Very Short Answer,2,2020,,,,,,,,,,,,,,,,
Board,Class 12th,Hindi,Maths,Vector Algebra,10,"<p>Q. दो सदिशों \(\vec{a}\) और \(\vec{b}\) के परिमाण क्रमशः 1 और 2 हैं तथा \(\vec{a} \cdot \vec{b}=1\), इन सदिशों के बीच का कोण ज्ञात कीजिए।</p>",Short Answer,3,2020,,,,,,,,,,,,,,,,
Board,Class 12th,Hindi,Maths,Vector Algebra,10,<p>Q. सदिश \(\vec{a}=\hat{i}-2 \hat{j}\) के अनुदिश एक ऐसा सदिश ज्ञात कीजिए जिसका परिमाएं 7 इकाई है।</p>,Short Answer,3,2020,,,,,,,,,,,,,,,,
Board,Class 12th,Hindi,Maths,Vector Algebra,10,"<p>Q. बिन्दु \((1,2,3)\) से गुजरने वाली रेखा का समीकरण ज्ञात कीजिए जो सदिश \(3 \hat{i}+2 \hat{j}-2 \hat{k}\) के समान्तर है।</p>",Short Answer,3,2020,,,,,,,,,,,,,,,,
Board,Class 12th,Hindi,Maths,Applications of Derivatives,6,"<p>Q. एक स्थिर झील में एक पत्थर डाला जाता है और तरंगें वृत्तों में 4 सेमी/से की गति से चलती हैं। जब वृत्ताकार तरंग की त्रिज्या 10 सेमी है, तो उस क्षण, घिरा हुआ क्षेत्रफल कितनी तेजी से बढ़ रहा, है ?</p>",Short Answer,3,2020,,,,,,,,,,,,,,,,
Board,Class 12th,Hindi,Maths,Applications of Derivatives,6,<p>Q. \(\sqrt{36.6}\) का सन्निकट करने के लिए अवकंलज का प्रयोग कीजिए।</p>,Very Short Answer,2,2020,,,,,,,,,,,,,,,,
Board,Class 12th,Hindi,Maths,Applications of Derivatives,6,<p>Q. ऐसी दो धन संख्याएँ ज्ञात कीजिए जिनका योग 15 है और जिनके वर्गों का योग न्यूनतम हो।</p>,Very Short Answer,2,2020,,,,,,,,,,,,,,,,
Board,Class 12th,Hindi,Maths,Three Dimensional Geometry,11,"<p>Q. सदिश \((\vec{a}+\vec{b})\) और \((\vec{a}-\vec{b})\) में से प्रत्येक के लंबवत् मात्रक सदिश ज्ञात कीजिए जहाँ \(\vec{a}=\hat{i}+\hat{j}+\hat{k}, \vec{b}=\hat{i}+2 \hat{j}+3 \hat{k}\) हैं।</p>",Very Short Answer,2,2020,,,,,,,,,,,,,,,,
Board,Class 12th,Hindi,Maths,Three Dimensional Geometry,11,"<p>Q. दर्शाइए कि बिन्दु \( A(-2 \hat{i}+3 \hat{j}+5 \hat{k}), B(\hat{i}+2 \hat{j}+3 \hat{k}) \) और \( C(7 \hat{i}-\hat{k}) \) संरेख हैं।</p>",Very Short Answer,2,2020,,,,,,,,,,,,,,,,
Board,Class 12th,Hindi,Maths,Three Dimensional Geometry,11,<p>Q. रेखा \(\frac{x+1}{2}=\frac{y}{3}=\frac{z-3}{6}\) और समतल \(10 x+2 y-11 z=3\) के बीच का कोण ज्ञात कीजिए।</p>,Very Short Answer,2,2020,,,,,,,,,,,,,,,,
Board,Class 12th,Hindi,Maths,Three Dimensional Geometry,11,<p>Q. दर्शाइए कि रेखाएँ \(\frac{x+3}{-3}=\frac{y-1}{1}=\frac{z-5}{5}\) तथा \(\frac{x+1}{-1}=\frac{y-2}{2}=\frac{z-5}{5}\) समतलीय हैं।</p>,Very Short Answer,2,2020,,,,,,,,,,,,,,,,
Board,Class 12th,Hindi,Maths,Relations and Functions,1,"<p>Q. जाँच कीजिए कि क्या समुच्चय \(\{1,2,3,4,5,6\}\) में \(R=\{(a, b): b=a+1\}\) द्वारा परिभाषित संबंध \(R\) स्वतुल्य, सममित या संक्रामक है।</p>",Short Answer,3,2020,,,,,,,,,,,,,,,,
Board,Class 12th,Hindi,Maths,Relations and Functions,1,<p>Q. सिद्ध कीजिए कि \( a * b = a + 2b \) द्वारा परिभाषित \( *: \mathbb{R} \times \mathbb{R} \rightarrow \mathbb{R} \) न तो क्रमविनिमेय है ना ही साहचर्य है।</p>,Short Answer,3,2020,,,,,,,,,,,,,,,,
Board,Class 12th,Hindi,Maths,Inverse Trigonometric Functions,2,"<p>Q. \(\tan ^{-1}\left(\frac{\cos x}{1-\sin x}\right),-\frac{3 \pi}{2}<x<\frac{\pi}{2}\) को सरलतम रूप में व्यक्त कीजिए।</p>",Short Answer,3,2020,,,,,,,,,,,,,,,,
Board,Class 12th,Hindi,Maths,Inverse Trigonometric Functions,2,<p>Q. दर्शाइए कि \(\sin ^{-1} \frac{3}{5}-\sin ^{-1} \frac{8}{17}=\cos ^{-1} \frac{84}{85}\)</p>,Short Answer,3,2020,,,,,,,,,,,,,,,,
Board,Class 12th,Hindi,Maths,Matrices,3,"<p>Q. यदि \( A=\begin{bmatrix}2 & 3 \\ 1 & -4\end{bmatrix} \) और \( B=\begin{bmatrix}1 & -2 \\ -1 & 3\end{bmatrix} \), तो सत्यापित कीजिए कि \( (A B)^{-1}=B^{-1} A^{-1} \) है।</p>",Long Answer,5,2020,,,,,,,,,,,,,,,,
Board,Class 12th,Hindi,Maths,Determinants,4,<p>Q. सिद्ध कीजिए कि \(\left|\begin{array}{ccc}y+k & y & y \\ y & y+k & y \\ y & y & y+k\end{array}\right|=k^{2}(3 y+k)\)</p>,Long Answer,5,2020,,,,,,,,,,,,,,,,
Board,Class 12th,Hindi,Maths,Three Dimensional Geometry,11,"<p>Q. बिंदु \((2,5,-3)\) की समतल \(\vec{r} \cdot(6 \hat{i}-3 \hat{j}+2 \hat{k})=4\) से दूरी ज्ञात कीजिए।</p>",Long Answer,5,2020,,,,,,,,,,,,,,,,
Board,Class 12th,Hindi,Maths,Three Dimensional Geometry,11,"<p>Q. उस समतल का सदिश और कार्तीय समीकरण ज्ञात कीजिए, जो बिंदु \((5,2,-4)\) से जाता है और \(2,3,-1\) दिक्-अनुपात वाली रेखा पर लंब है।</p>",Long Answer,5,2020,,,,,,,,,,,,,,,,
Board,Class 12th,Hindi,Maths,Linear Programming,12,"<p>Q. आलेख द्वारा निम्न रैखिक प्रोग्रामन समस्या को हले कीजिए : निम्न व्यवरोधों के अंतर्गत : \(x+y \leq 50\), \(3 x+y \leq 90\), \(x \geq 0, y \geq 0\) \(Z=4 x+y\) का अधिकतम मान ज्ञात कीजिए।</p>",Long Answer,5,2020,,,,,,,,,,,,,,,,
Board,Class 12th,Hindi,Maths,Linear Programming,12,"<p>Q. किसानों की एक सहकारी समिति के पास दो फसंलों \(X\) और \(Y\) के उगने के लिए 50 हेक्टेयर भूमि है। फसलों \(X\) और \(Y\) से प्रति हैंक्टेयर लाभ का क्रमशः रु. 10,500 और रु. 9,000 का अनुमान लगाया गया है। फसलों \(X\) व \(Y\) के लिए अपतृण नियंत्रण के लिए शाक-नाशी द्रव का क्रमशः 20 लिटर तथा 10 लिटर प्रति हेक्टेयर प्रयोग किया जाता है। इसके अतिरिक्त प्रयुक्त भूमि से जुड़ी नालियों सें संबद्ध तालाव पर निर्भर जीवधारियों एवं महत्यत्यों की जीवन-सुरक्षा हेतु शाकनाशी की मात्रा 800 लिटर से अधिक न हो। प्रत्येक फसल के लिए कितनी भूमि का आबंटन होनाँ चाहिए ताकि समिति के कुल लाभ का अधिकतमीकरण किया जा सके?</p>",Long Answer,5,2020,,,,,,,,,,,,,,,,
Board,Class 12th,Hindi,Maths,Probability,13,<p>Q. यह ज्ञात है कि एक महाविद्यालय के छात्रों में से \(60 \%\) छात्रावास में रहते हैं और \(40 \%\) छात्रावास में नहीं रहते हैं। पूर्ववर्ती वर्ष के परिणाम सूचित करते हैं कि छात्रावास में रहनेवाले छात्रों में से \(30 \%\) और छात्रावास में न रहने वाले छात्रों में से \(20 \%\) छात्रों ने A -ग्रेड लिया। वर्ष के अंत में महाविद्यालय के एक छात्र को यादृच्छिक चुना गया और यह पाया गया कि उसे A -ग्रेड मिला है। इस बात की क्या प्रायिकता है कि वह छात्रावास में रहने लगा है ?</p>,Long Answer,5,2020,,,,,,,,,,,,,,,,
Board,Class 12th,Hindi,Maths,Probability,13,"<p>Q. एक अनभिनत (unbiased) पासे को दो बार उछाला गया। मान लें A घटना 'पहली उछाल पर विषम संख्या प्राप्त होना"" और B घटना ""द्वितीय उछाल पर विषम संख्या प्राप्त होना"" दर्शाते हैं। घटनाओं A और B के स्वातंत्र्य का परीक्षण कीजिए।</p>",Long Answer,5,2020,,,,,,,,,,,,,,,,
Board,Class 12th,Hindi,Maths,Probability,13,"<p>Q. 30 बल्बों के ढेर से, जिसमें 6 बल्ब़ खराब हैं 4 बल्बों का एक नमूना (प्रतिदर्श) यादृच्छया बिना प्रतिस्थापन के निकोलो जाता है। खराब बल्बों की संख्या का प्रायिकता बंटन ज्ञात कीजिए।</p>",Long Answer,5,2020,,,,,,,,,,,,,,,,
Board,Class 12th,Hindi,Maths,Probability,13,<p>Q. एक बक्से में दस कार्ड 1 से 10 तक पूर्णांक लिख कर रखे गए और उन्हें अच्छी तरह मिलाया गया। इस बक्से से ए</p>,Short Answer,3,2020,,,,,,,,,,,,,,,,
Board,Class 12th,Hindi,Maths,Relations and Functions,1,"<p>Q. \(g \circ f\) ज्ञात करने पर इसका मान है, यदि \(f(x)=8 x^{3}\) तथा \(g(x)=\frac{1}{x^{3}}\) (A) \(8 x^{3}\) (B) \(512 x^{3}\) (C) \(\frac{1}{512 x^{9}}\) (D) \(2 x\)</p>",Multiple Choice Question,1,2022,,,,,,,,,,,,,,,,
Board,Class 12th,Hindi,Maths,Inverse Trigonometric Functions,2,"<p>Q. यदि \(\sin ^{-1} x=y\), तो (A) \(0 \leq y \leq \pi\) (B) \(\frac{\pi}{2} \leq y \leq \frac{\pi}{2}\) (C) \(0<y<\pi\) (D) \(-\frac{\pi}{2}<y<\frac{\pi}{2}\)</p>",Multiple Choice Question,1,2022,,,,,,,,,,,,,,,,
Board,Class 12th,Hindi,Maths,Matrices,3,<p>Q. \(3 \times 3\) कोटि के ऐसे आव्यूहों की कुल कितनी संख्या होगी जिनकी प्रत्येक प्रविष्टि 0 या 1 है ? (A) 27 (B) 18 (C) 81 (D) 512</p>,Multiple Choice Question,1,2022,,,,,,,,,,,,,,,,
Board,Class 12th,Hindi,Maths,Applications of Derivatives,6,"<p>Q. \(x=a t^{2}\) तथा \(y=2 a t\) हैं, तो \(\frac{d y}{d x}\) का मान है : (A) \(t\) (B) \(t^{2}\) (C) \(\frac{1}{t}\) (D) \(\frac{1}{t^{2}}\)</p>",Multiple Choice Question,1,2022,,,,,,,,,,,,,,,,
Board,Class 12th,Hindi,Maths,Differential Equations,9,<p>Q. अवकल समीकरण \( x \frac{d y}{d x}-y=2 x^{2} \) का समाकलन गुणक है : (A) \( e^{-x} \) (B) \( e^{-y} \) (C) \( \frac{1}{x} \) (D) \( x \)</p>,Multiple Choice Question,1,2022,,,,,,,,,,,,,,,,
Board,Class 12th,Hindi,Maths,Matrices,3,"<p>Q. यदि \( A \) एक \( 3 \times 3 \) कोटि का वर्ग आव्यूह है, तो \( |K A| \) का मान है : (A) \( K|A| \) (B) \( K^{3}|A| \) (C) \( K^{2}|A| \) (D) \( 3 K|A| \)</p>",Multiple Choice Question,1,2022,,,,,,,,,,,,,,,,
Board,Class 12th,Hindi,Maths,Relations and Functions,1,"<p>Q. समुच्चय \( A=\{4,5,6\} \) में अवयव \( (4,5) \) वाले तुल्यता संबंधों की संख्या _____ है।</p>",Fill in the Blanks,1,2022,,,,,,,,,,,,,,,,
Board,Class 12th,Hindi,Maths,Inverse Trigonometric Functions,2,<p>Q. \(\sin^{-1} x + \cos^{-1} x =\) _____</p>,Fill in the Blanks,1,2022,,,,,,,,,,,,,,,,
Board,Class 12th,Hindi,Maths,Probability,13,"<p>Q. यदि \( A \) व \( B \) दो स्वतंत्र घटनाएँ हों, तो \( P(A \cap B) = P(A) \cdot P(B) \) _____</p>",Fill in the Blanks,1,2022,,,,,,,,,,,,,,,,
Board,Class 12th,Hindi,Maths,Linear Programming,12,<p>Q. \(x \geq 0\) का ग्राफ _____ चतुर्थांश में स्थित है।</p>,Fill in the Blanks,1,2022,,,,,,,,,,,,,,,,
Board,Class 12th,Hindi,Maths,Determinants,4,<p>Q. सारणिक \(\left|\begin{bmatrix}1 & \omega \\ \omega & -\omega\end{bmatrix}\right|\) का मान _____ है।</p>,Fill in the Blanks,1,2022,,,,,,,,,,,,,,,,
Board,Class 12th,Hindi,Maths,Continuity and Differentiability,5,"<p>Q. यदि \( y=x+\log _{e} x \) है, तब \( \frac{d y}{d x}=\) _____</p>",Fill in the Blanks,1,2022,,,,,,,,,,,,,,,,
Board,Class 12th,Hindi,Maths,Applications of Derivatives,6,"<p>Q. वृत्त के क्षेत्रफल में परिवर्तन की दर इसकी त्रिज्या \( r=3 \, \mathrm{cm} \) के सापेक्ष ज्ञात कीजिए।</p>",Very Short Answer,2,2022,,,,,,,,,,,,,,,,
Board,Class 12th,Hindi,Maths,Probability,13,"<p>Q. यदि \( P(B)=0.5 \) और \( P(A \cap B)=0.25 \), तो \( P\left(\frac{A}{B}\right) \) ज्ञात कीजिए।</p>",Very Short Answer,2,2022,,,,,,,,,,,,,,,,
Board,Class 12th,Hindi,Maths,Probability,13,"<p>Q. यदि \( P(A)=\frac{3}{5}, P(B)=\frac{1}{5} \) और \( A \) तथा \( B \) स्वतंत्र घटनाएँ हैं, तो \( P(A \cap B) \) की गणना कीजिए।</p>",Very Short Answer,2,2022,,,,,,,,,,,,,,,,
Board,Class 12th,Hindi,Maths,Three Dimensional Geometry,11,<p>Q. एक रेखा की दिक-कोसाइन ज्ञात कीजिए जो निर्देशक्षों के साथ बराबर कोण बनाती है।</p>,Very Short Answer,2,2022,,,,,,,,,,,,,,,,
Board,Class 12th,Hindi,Maths,Three Dimensional Geometry,11,<p>Q. रेखायुग्म \(\frac{x}{2}=\frac{y}{2}=\frac{z}{1}\) तथा \(\frac{x-5}{4}=\frac{y-2}{1}=\frac{z-3}{8}\) के बीच का कोण ज्ञात कीजिए।</p>,Very Short Answer,2,2022,,,,,,,,,,,,,,,,
Board,Class 12th,Hindi,Maths,Three Dimensional Geometry,11,<p>Q. निम्नलिखित दी गई रेखाओं \(l_{1}\) और \(l_{2}\) : \(\bar{r}=\hat{i}+2 \hat{j}-4 \hat{k}+\lambda(2 \hat{i}+3 \hat{j}+6 \hat{k})\) तथा \(\bar{r}=3 \hat{i}+3 \hat{j}-5 \hat{k}+\mu(2 \hat{i}+3 \hat{j}+6 \hat{k})\) के बीच न्यूनतम दूरी ज्ञात कीजिए।</p>,Very Short Answer,2,2022,,,,,,,,,,,,,,,,
Board,Class 12th,Hindi,Maths,Three Dimensional Geometry,11,"<p>Q. सदिश \(\overline{P Q}\) के अनुदिश मात्रक सदिश ज्ञात कीजिए जहाँ बिंदु \(P\) और \(Q\) क्रमशः \((1,2,3)\) और \((4,5,6)\) हैं।</p>",Very Short Answer,2,2022,,,,,,,,,,,,,,,,
Board,Class 12th,Hindi,Maths,Three Dimensional Geometry,11,"<p>Q. दो बिन्दुओं को मिलाने वाले सदिश का मध्यबिन्दु ज्ञात कीजिए, जहाँ \( P(2,3,4) \) तथा \( Q(4,1,-2) \) हैं।</p>",Very Short Answer,2,2022,,,,,,,,,,,,,,,,
Board,Class 12th,Hindi,Maths,Integrals,7,"<p>Q. \(\int \cos ^{2} x \, dx\) का मान परिकलित कीजिए।</p>",Very Short Answer,2,2022,,,,,,,,,,,,,,,,
Board,Class 12th,Hindi,Maths,Integrals,7,"<p>Q. \(I=\int e^{x} \cdot \sin x \, dx\) की गणना कीजिए।</p>",Very Short Answer,2,2022,,,,,,,,,,,,,,,,
Board,Class 12th,Hindi,Maths,Integrals,7,<p>Q. समाकलन \(\int_{2}^{3} x^{5} \cdot d x\) का मान ज्ञात कीजिए।</p>,Very Short Answer,2,2022,,,,,,,,,,,,,,,,
Board,Class 12th,Hindi,Maths,Integrals,7,<p>Q. समाकलन \(\int_{0}^{\pi / 2} \frac{\sqrt{\sin x}}{\sqrt{\sin x}+\sqrt{\cos x}} \cdot d x\) का मान ज्ञात कीजिए।</p>,Short Answer,3,2022,,,,,,,,,,,,,,,,
Board,Class 12th,Hindi,Maths,Relations and Functions,1,"<p>Q. जाँच कीजिए कि समुच्चय \(\{1,2,3\}\) में \(R=\{(1,1),(2,2),(3,3),(1,2),(2,3)\}\) द्वारा प्रदत्त संबंध स्वतुल्य है परन्तु न तो सममित है और न संक्रामक है।</p>",Short Answer,3,2022,,,,,,,,,,,,,,,,
Board,Class 12th,Hindi,Maths,Relations and Functions,1,"<p>Q. सिद्ध कीजिए कि \( f(x)=x^{2} \) द्वारा परिभाषित फलन \( f: \mathbb{R} \rightarrow \mathbb{R} \), न तो एकैकी है और न आच्छादक है।</p>",Short Answer,3,2022,,,,,,,,,,,,,,,,
Board,Class 12th,Hindi,Maths,Matrices,3,"<p>Q. यदि \( A=\begin{bmatrix}0 & -1 \\ 0 & 2\end{bmatrix} \) एवं \( B=\begin{bmatrix}3 & 5 \\ 0 & 0\end{bmatrix} \) है, तो \( A B \) का मान ज्ञात कीजिए।</p>",Short Answer,3,2022,,,,,,,,,,,,,,,,
Board,Class 12th,Hindi,Maths,Matrices,3,"<p>Q. यदि \( A=\begin{bmatrix} 3 & \sqrt{3} & 2 \\ 4 & 2 & 0 \end{bmatrix} \), तो सिद्ध कीजिए \( \left(A^{\prime}\right)^{\prime}=A \).</p>",Very Short Answer,2,2022,,,,,,,,,,,,,,,,
Board,Class 12th,Hindi,Maths,Continuity and Differentiability,5,"<p>Q. \( x \) के सापेक्ष \( a^{x} \) का अवकलन कीजिए, जहाँ \( a \) एक धन अचर है।</p>",Very Short Answer,2,2022,,,,,,,,,,,,,,,,
Board,Class 12th,Hindi,Maths,Continuity and Differentiability,5,<p>Q. \(x\) के सापेक्ष \((\log x)^{\cos x}\) का अवकलन कीजिए।</p>,Short Answer,3,2022,,,,,,,,,,,,,,,,
Board,Class 12th,Hindi,Maths,Inverse Trigonometric Functions,2,"<p>Q. फलन \(\tan ^{-1}\left(\sqrt{\frac{1-\cos x}{1+\cos x}}\right), 0<x<\pi\) को सरलतम रूप में लिखिए।</p>",Short Answer,3,2022,,,,,,,,,,,,,,,,
Board,Class 12th,Hindi,Maths,Inverse Trigonometric Functions,2,<p>Q. दर्शाइये कि \(\sin ^{-1} \frac{3}{5}-\sin ^{-1} \frac{8}{17}=\sin ^{-1} \frac{13}{85}\)</p>,Short Answer,3,2022,,,,,,,,,,,,,,,,
Board,Class 12th,Hindi,Maths,Matrices,3,<p>Q. आव्यूह \( B=\begin{bmatrix}2 & -2 & -4 \\ -1 & 3 & 4 \\ 1 & -2 & -3\end{bmatrix} \) को एक सममित आव्यूह के रूप में व्यक्त कीजिए।</p>,Short Answer,3,2022,,,,,,,,,,,,,,,,
Board,Class 12th,Hindi,Maths,Matrices,3,<p>Q. निम्नलिखित समीकरण से \(x\) तथा \(y\) के मानों को ज्ञात कीजिए : \(2\left[\begin{bmatrix}x & 5 \\ 7 & y-3\end{bmatrix}\right]+\left[\begin{bmatrix}3 & -4 \\ 1 & 2\end{bmatrix}\right]=\left[\begin{bmatrix}7 & 6 \\ 15 & 14\end{bmatrix}\right]\)</p>,Short Answer,3,2022,,,,,,,,,,,,,,,,
Board,Class 12th,Hindi,Maths,Applications of Derivatives,6,<p>Q. ऐसी दो संख्याएँ ज्ञात कीजिए जिनका योग 24 व गुणनफल उच्चतम हो।</p>,Very Short Answer,2,2022,,,,,,,,,,,,,,,,
Board,Class 12th,Hindi,Maths,Linear Programming,12,"<p>Q. आलेखीय विधि द्वारा निम्न रैखिक प्रोग्रामन समस्या को हल कीजिए : निम्न व्यवरोधों के अंतर्गत : \(x+2 y \geq 10\), \(3 x+4 y \leq 24\), \(x \geq 0, y \geq 0\) \(Z=200 x+500 y\) का न्यूनतम मान ज्ञात कीजिए।</p>",Long Answer,5,2022,,,,,,,,,,,,,,,,
Board,Class 12th,Hindi,Maths,Linear Programming,12,"<p>Q. आलेख द्वारा निम्न रैखिक प्रोग्रामन समस्या को हल कीजिए : निम्न व्यवरोधों के अन्तर्गत : \(x+y \leq 50\), \(3 x+y \leq 90\), \(x \geq 0, y \geq 0\) \(Z=4 x+y\) का अधिकतम मान ज्ञात कीजिए।</p>",Long Answer,5,2022,,,,,,,,,,,,,,,,
Board,Class 12th,Hindi,Maths,Determinants,4,<p>Q. निम्नलिखित सारणिक हल कीजिए : \[\left|\begin{bmatrix}x+1 & 3 & 5 \\ 2 & x+2 & 5 \\ 2 & 3 & x+4\end{bmatrix}\right|=0\]</p>,Long Answer,5,2022,,,,,,,,,,,,,,,,
Board,Class 12th,Hindi,Maths,Determinants,4,<p>Q. सिद्ध कीजिए : \[\left|\begin{bmatrix}-a^{2} & a b & a c \\ a b & -b^{2} & b c \\ a c & b c & -c^{2}\end{bmatrix}\right|=4 a^{2} b^{2} c^{2}\]</p>,Long Answer,5,2022,,,,,,,,,,,,,,,,
Board,Class 12th,Hindi,Maths,Continuity and Differentiability,5,"<p>Q. बिंदु \( x=0 \) पर फलन \( f(x)=\left\{\begin{array}{ll}\frac{1-\cos x}{x^{2}} ; & x \neq 0 \\ \frac{1}{2}, & x=0\end{array}\right. \) के सांतत्य पर विचार कीजिए।</p>",Long Answer,5,2022,,,,,,,,,,,,,,,,
Board,Class 12th,Hindi,Maths,Continuity and Differentiability,5,"<p>Q. $\frac{d y}{d x}$ का मान ज्ञात कीजिए, यदि \( x=a(t+\sin t), y=a(1-\cos t) \)</p>",One Word Answer,1,2022,,,,,,,,,,,,,,,,
Board,Class 12th,Hindi,Maths,Applications of Integrals,8,<p>Q. वृत्त \(x^{2}+y^{2}=a^{2}\) का क्षेत्रफल ज्ञात कीजिए।</p>,One Word Answer,1,2022,,,,,,,,,,,,,,,,
Board,Class 12th,Hindi,Maths,Applications of Integrals,8,<p>Q. दीर्घवृत्त \(\frac{x^{2}}{a^{2}}+\frac{y^{2}}{b^{2}}=1\) से घिरे क्षेत्र का क्षेत्रफल ज्ञात कीजिए।</p>,One Word Answer,1,2022,,,,,,,,,,,,,,,,
Board,Class 12th,Hindi,Maths,Differential Equations,9,<p>Q. अवकल समीकरण \(\frac{d y}{d x}=e^{x-y}+x \cdot e^{-y}\) हल कीजिये।</p>,One Word Answer,1,2022,,,,,,,,,,,,,,,,
Board,Class 12th,Hindi,Maths,Differential Equations,9,<p>Q. अवकल समीकरण \(\frac{d y}{d x}=\frac{\sqrt{1-y^{2}}}{\sqrt{1-x^{2}}}\) हल कीजिये।</p>,Fill in the Blanks,1,2022,,,,,,,,,,,,,,,,
Board,Class 12th,Hindi,Maths,Linear Programming,12,<p>Q. इष्टमान फलन क्या है ?</p>,Very Short Answer,2,2022,,,,,,,,,,,,,,,,
Board,Class 12th,Hindi,Maths,Probability,13,<p>Q. एक लीप वर्ष में 53 शुक्रवार आने की प्रायिकता ज्ञात कीजिए।</p>,Very Short Answer,2,2022,,,,,,,,,,,,,,,,
Board,Class 12th,Hindi,Maths,Integrals,7,"<p>Q. \(\int_{0}^{\pi / 2} \cos x \, dx\) का मान क्या है ?</p>",Very Short Answer,2,2022,,,,,,,,,,,,,,,,
Board,Class 12th,Hindi,Maths,Integrals,7,"<p>Q. \(\int \log x \, dx\) का मान क्या है ?</p>",Very Short Answer,2,2022,,,,,,,,,,,,,,,,
Board,Class 12th,Hindi,Maths,Relations and Functions,1,<p>Q. रिक्त संबंध की परिभाषा लिखिए।</p>,Very Short Answer,2,2022,,,,,,,,,,,,,,,,
Board,Class 12th,Hindi,Maths,Three Dimensional Geometry,11,"<p>Q. \(x, y\) और \(z\)-अक्षों की दिक-कोसाइन लिखिए।</p>",One Word Answer,1,2022,,,,,,,,,,,,,,,,
Board,Class 12th,Hindi,Maths,Probability,13,"<p>Q. यदि \( P(A)=2, P(A \cap B)=1 \) तब \( P(B / A) \) का मान क्या है ?</p>",One Word Answer,1,2022,,,,,,,,,,,,,,,,
Board,Class 12th,Hindi,Maths,Continuity and Differentiability,5,<p>Q. \(\frac{d}{d x} \tan x\) का मान \(\sec x \tan x\) है।</p>,True False,1,2022,,,,,,,,,,,,,,,,
Board,Class 12th,Hindi,Maths,Vector Algebra,10,<p>Q. अभिलंब रूप में समतल का समीकरण \( l x + m y + n z = d \) है।</p>,True False,1,2022,,,,,,,,,,,,,,,,
Board,Class 12th,Hindi,Maths,Three Dimensional Geometry,11,<p>Q. समतल \(2 x-y+4 z=5\) और \(5 x-2.5 y+10 z=6\) परस्पर समान्तर हैं।</p>,True False,1,2022,,,,,,,,,,,,,,,,
Board,Class 12th,Hindi,Maths,Vector Algebra,10,<p>Q. किन्हीं दो सदिशों \(\vec{a}\) एवं \(\vec{b}\) के लिये सदैव \(|\vec{a} \cdot \vec{b}| \geq|\vec{a}||\vec{b}|\)</p>,True False,1,2022,,,,,,,,,,,,,,,,
Board,Class 12th,Hindi,Maths,Vector Algebra,10,<p>Q. सदिश गुणनफल क्रम विनिमेय होता है।</p>,True False,1,2022,,,,,,,,,,,,,,,,
Board,Class 12th,Hindi,Maths,Vector Algebra,10,<p>Q. \(\hat{i} \cdot(\hat{j} \times \hat{k})+\hat{j} \cdot(\hat{i} \times \hat{k})+\hat{k} \cdot(\hat{i} \times \hat{j})\) का मान 1 है।</p>,True False,1,2022,,,,,,,,,,,,,,,,
Board,Class 12th,Hindi,Maths,Relations and Functions,1,<p>Q. \(f(x)=5 x\) द्वारा प्रदत्त फलन \(f: \mathbb{R} \rightarrow \mathbb{R}\) में (a) \(f\) एकैकी आच्छादक है (b) \(f\) बहु एक आच्छादक है (c) \(f\) एकैकी है परंतु आच्छादक नहीं है (d) \(f\) न तो एकैकी है और न आच्छादक</p>,Multiple Choice Question,1,2023,,,,,,,,,,,,,,,,
Board,Class 12th,Hindi,Maths,Inverse Trigonometric Functions,2,<p>Q. \( \tan ^{-1} \sqrt{3}-\sec ^{-1}(-2) \) का मान बराबर है (a) \( \pi \) (b) \( -\frac{\pi}{3} \) (c) \( \frac{\pi}{3} \) (d) \( \frac{2 \pi}{3} \)</p>,Multiple Choice Question,1,2023,,,,,,,,,,,,,,,,
Board,Class 12th,Hindi,Maths,Matrices,3,<p>Q. यदि \( A=\begin{bmatrix}\cos \alpha & -\sin \alpha \\ \sin \alpha & \cos \alpha\end{bmatrix} \) तथा \( A+A^{\prime}=I \) तो \( \alpha \) का मान है : (a) \( \frac{\pi}{6} \) (b) \( \frac{\pi}{3} \) (c) \( \pi \) (d) \( \frac{3 \pi}{2} \)</p>,Multiple Choice Question,1,2023,,,,,,,,,,,,,,,,
Board,Class 12th,Hindi,Maths,Matrices,3,<p>Q. यदि \( A \) एक \( 2 \times 2 \) कोटि का वर्ग आव्यूह हो तो \( |5 A| \) का मान होगा : (a) \( 5|A| \) (b) \( 25|A| \) (c) \( 125|A| \) (d) \( 15|A| \)</p>,Multiple Choice Question,1,2023,,,,,,,,,,,,,,,,
Board,Class 12th,Hindi,Maths,Determinants,4,<p>Q. यदि \(\left|\begin{array}{cc}x & 2 \\ 18 & x\end{array}\right|=0\) हो तो \(x\) बराबर है (a) 6 (b) \(\pm 6\) (c) -6 (d) 0</p>,Multiple Choice Question,1,2023,,,,,,,,,,,,,,,,
Board,Class 12th,Hindi,Maths,Continuity and Differentiability,5,"<p>Q. यदि \( y=\sqrt{e^{\sqrt{x}}}, x>0 \) तो \( \frac{d y}{d x}=\) _____ है।</p>",Fill in the Blanks,1,2023,,,,,,,,,,,,,,,,
Board,Class 12th,Hindi,Maths,Applications of Derivatives,6,<p>Q. वृत्त के क्षेत्रफल में परिवर्तन की दर प्रति सेकंड त्रिज्या \( r \) के सापेक्ष जबकि \( r=5 \) सेमी है _____</p>,Fill in the Blanks,1,2023,,,,,,,,,,,,,,,,
Board,Class 12th,Hindi,Maths,Integrals,7,<p>Q. \(\int\left(\sin ^{-1} x+\cos ^{-1} x\right) d x=\) _____</p>,Fill in the Blanks,1,2023,,,,,,,,,,,,,,,,
Board,Class 12th,Hindi,Maths,Differential Equations,9,<p>Q. तीन कोटि वाले किसी अवकल समीकरण के विशिष्ट हल में उपस्थित स्वेच्छ अचरों की संख्या _____ होती है।</p>,Fill in the Blanks,1,2023,,,,,,,,,,,,,,,,
Board,Class 12th,Hindi,Maths,Vector Algebra,10,<p>Q. त्रिभुज की तीनों भुजाओं को क्रम में लेने पर उनका सदिश योग _____ होता है।</p>,Fill in the Blanks,1,2023,,,,,,,,,,,,,,,,
Board,Class 12th,Hindi,Maths,Three Dimensional Geometry,11,"<p>Q. \(x, y\) और \(z\)-अक्षों की दिक् कोसाइन क्रमशः _____ होती है।</p>",Fill in the Blanks,1,2023,,,,,,,,,,,,,,,,
Board,Class 12th,Hindi,Maths,Differential Equations,9,<p>Q. अवकल समीकरण \( x y \frac{d^{2} y}{d x^{2}} + x \left( \frac{d y}{d x} \right)^{2} - y \frac{d y}{d x} = 0 \) की कोटि 2 है।</p>,True False,1,2023,,,,,,,,,,,,,,,,
Board,Class 12th,Hindi,Maths,Vector Algebra,10,<p>Q. सदिश \(\vec{a}=\hat{i}+\hat{j}-\hat{k}\) तथा \(\vec{b}=\hat{i}-\hat{j}+\hat{k}\) के बीच का कोण \(60^{\circ}\) है।</p>,True False,1,2023,,,,,,,,,,,,,,,,
Board,Class 12th,Hindi,Maths,Differential Equations,9,<p>Q. अवकल समीकरण \(\frac{d y}{d x}-y=\cos x\) का समाकलन गुणक \(e^{-x}\) है।</p>,True False,1,2023,,,,,,,,,,,,,,,,
Board,Class 12th,Hindi,Maths,Relations and Functions,1,<p>Q. \( f: x \rightarrow y \) एक आच्छादक फलन है तब \( f \) का परिसर \( = y \).</p>,True False,1,2023,,,,,,,,,,,,,,,,
Board,Class 12th,Hindi,Maths,Inverse Trigonometric Functions,2,<p>Q. \(\tan^{-1} \frac{1}{2} + \tan^{-1} \frac{1}{3} = \tan^{-1} \frac{1}{5}\)</p>,True False,1,2023,,,,,,,,,,,,,,,,
Board,Class 12th,Hindi,Maths,Matrices,3,<p>Q. यदि \( A=\left[a_{i j}\right]_{m \times n} \) तथा \( B=\left[b_{i j}\right]_{n \times p} \) तो \( A B \) की कोटि \( m \times p \) होगी।</p>,True False,1,2023,,,,,,,,,,,,,,,,
Board,Class 12th,Hindi,Maths,Relations and Functions,1,<p>Q. तुच्छ संबंध किसे कहते हैं?</p>,Very Short Answer,2,2023,,,,,,,,,,,,,,,,
Board,Class 12th,Hindi,Maths,Inverse Trigonometric Functions,2,<p>Q. \(\sin ^{-1}\left(\frac{1}{\sqrt{2}}\right)\) का मुख्य मान ज्ञात कीजिए।</p>,Very Short Answer,2,2023,,,,,,,,,,,,,,,,
Board,Class 12th,Hindi,Maths,Matrices,3,<p>Q. स्तम्भ आव्यूह किसे कहते हैं?</p>,Very Short Answer,2,2023,,,,,,,,,,,,,,,,
Board,Class 12th,Hindi,Maths,Vector Algebra,10,<p>Q. सदिश \(\hat{i}+\hat{j}+\hat{k}\) का परिमाण ज्ञात कीजिए।</p>,Very Short Answer,2,2023,,,,,,,,,,,,,,,,
Board,Class 12th,Hindi,Maths,Probability,13,<p>Q. यदि \( A \) और \( B \) स्वतंत्र घटनाएँ हैं तथा \( P(A)=0.3 \) और \( P(B)=0.4 \) तब \( P(B \mid A) \) का मान ज्ञात कीजिए।</p>,Very Short Answer,2,2023,,,,,,,,,,,,,,,,
Board,Class 12th,Hindi,Maths,Inverse Trigonometric Functions,2,"<p>Q. \(\cos \left(\sec ^{-1} x+\operatorname{cosec}^{-1} x\right),|x| \geq 1\) का मान ज्ञात कीजिए।</p>",Very Short Answer,2,2023,,,,,,,,,,,,,,,,
Board,Class 12th,Hindi,Maths,Applications of Derivatives,6,<p>Q. एक उत्पाद की \(x\) इकाइयों से प्राप्त कुल आय रुपयों में \(R(x)=3 x^{2}+36 x+5\) से प्रदत्त है। जब \(x=15\) तो सीमान्त आय ज्ञात कीजिए।</p>,Very Short Answer,2,2023,,,,,,,,,,,,,,,,
Board,Class 12th,Hindi,Maths,Relations and Functions,1,"<p>Q. यदि \( A=\{1,2,3\}, B=\{4,5,6,7\} \) तथा \( f=\{(1,4),(2,5),(3,6)\} \) \( A \) से \( B \) तक एक फलन है, तो सिद्ध कीजिए कि \( f \) एकैकी है।</p>",Very Short Answer,2,2023,,,,,,,,,,,,,,,,
Board,Class 12th,Hindi,Maths,Relations and Functions,1,"<p>Q. जाँच कीजिए कि समुच्चय \(\{1,2,3,4\}\) में \(R=\{(1,2),(2,2),(1,1),(4,4), (1,3),(3,3),(3,2)\} \) द्वारा प्रदत्त संबंध स्वतुल्य तथा संक्रामक है किन्तु सममित नहीं।</p>",Short Answer,3,2023,,,,,,,,,,,,,,,,
Board,Class 12th,Hindi,Maths,Inverse Trigonometric Functions,2,"<p>Q. सिद्ध कीजिए कि \(\sin ^{-1}(-x)=-\sin ^{-1} x ; x \in\left[-1, 1\right]\)</p>",Short Answer,3,2023,,,,,,,,,,,,,,,,
Board,Class 12th,Hindi,Maths,Inverse Trigonometric Functions,2,"<p>Q. सिद्ध कीजिए कि \(\sin ^{-1} x+\cos ^{-1} x=\frac{\pi}{2} ; x \in\left[-1, 1\right]\)</p>",Short Answer,3,2023,,,,,,,,,,,,,,,,
Board,Class 12th,Hindi,Maths,Matrices,3,<p>Q. यदि \( A=\begin{bmatrix}-2 & 3 \\ 1 & 2\end{bmatrix} \) तथा \( B=\begin{bmatrix}-1 & 0 \\ 1 & 2\end{bmatrix} \) तो \( (A+B)^{\prime} \) ज्ञात कीजिए।</p>,Short Answer,3,2023,,,,,,,,,,,,,,,,
Board,Class 12th,Hindi,Maths,Matrices,3,"<p>Q. यदि \( A=\begin{bmatrix}1 \\ -4 \\ 3\end{bmatrix}, B=\begin{bmatrix}-1 & 2 & 1\end{bmatrix} \) तो \( A B \) ज्ञात कीजिए।</p>",Short Answer,3,2023,,,,,,,,,,,,,,,,
Board,Class 12th,Hindi,Maths,Continuity and Differentiability,5,<p>Q. \(X\) के सापेक्ष \(X^{X}\) का अवकलन कीजिए।</p>,Very Short Answer,2,2023,,,,,,,,,,,,,,,,
Board,Class 12th,Hindi,Maths,Inverse Trigonometric Functions,2,<p>Q. यदि \( y=\sin ^{-1}\left(\frac{2 x}{1+x^{2}}\right) \) तो \( \frac{d y}{d x} \) ज्ञात कीजिए।</p>,Very Short Answer,2,2023,,,,,,,,,,,,,,,,
Board,Class 12th,Hindi,Maths,Applications of Derivatives,6,"<p>Q. दिखाइए कि प्रदत्त फलन \( f(x)=12 x-3, R \) पर एक वर्धमान फलन है।</p>",Very Short Answer,2,2023,,,,,,,,,,,,,,,,
Board,Class 12th,Hindi,Maths,Applications of Integrals,8,<p>Q. सिद्ध कीजिए कि \( R \) पर \( f(x)=e^{3 x} \) से प्रदत्त फलन वर्धमान है।</p>,Very Short Answer,2,2023,,,,,,,,,,,,,,,,
Board,Class 12th,Hindi,Maths,Integrals,7,"<p>Q. मान ज्ञात कीजिए \(\int_{-1}^{1} \sin ^{5} x \cos ^{4} x \, dx\)</p>",Very Short Answer,2,2023,,,,,,,,,,,,,,,,
Board,Class 12th,Hindi,Maths,Integrals,7,<p>Q. मान ज्ञात कीजिए \(\int_{-1}^{2}\left|x^{3}-x\right| d x\)</p>,Very Short Answer,2,2023,,,,,,,,,,,,,,,,
Board,Class 12th,Hindi,Maths,Vector Algebra,10,<p>Q. सदिश \(\vec{a}=\hat{i}+2 \hat{j}+3 \hat{k}\) का सदिश \(\vec{b}=2 \hat{i}+\hat{k}\) पर प्रक्षेप ज्ञात कीजिए।</p>,Very Short Answer,2,2023,,,,,,,,,,,,,,,,
Board,Class 12th,Hindi,Maths,Vector Algebra,10,<p>Q. उस समान्तर चतुर्भुज का क्षेत्रफल ज्ञात कीजिए जिसकी संलग्न भुजाएँ \(\vec{a}=\hat{i}-\hat{j}+3 \hat{k}\) और \(\vec{b}=2 \hat{i}-7 \hat{j}+\hat{k}\) द्वारा दी गई है।</p>,Short Answer,3,2023,,,,,,,,,,,,,,,,
Board,Class 12th,Hindi,Maths,Vector Algebra,10,<p>Q. सिद्ध कीजिए कि दो सदिशों \(\vec{a}\) और \(\vec{b}\) के लिए सदैव \(|\vec{a} \cdot \vec{b}| \leq|\vec{a}||\vec{b}|\)</p>,Short Answer,3,2023,,,,,,,,,,,,,,,,
Board,Class 12th,Hindi,Maths,Vector Algebra,10,<p>Q. \(x\) का वह मान ज्ञात कीजिए जिसके लिए \(x(\hat{i}+\hat{j}+\hat{k})\) एक मात्रक सदिश है।</p>,Very Short Answer,2,2023,,,,,,,,,,,,,,,,
Board,Class 12th,Hindi,Maths,Three Dimensional Geometry,11,"<p>Q. यदि एक रेखा के दिक् अनुपात \( -18, 12, -4 \) है तो उसकी दिक् कोज्याएँ ज्ञात कीजिए।</p>",Very Short Answer,2,2023,,,,,,,,,,,,,,,,
Board,Class 12th,Hindi,Maths,Three Dimensional Geometry,11,"<p>Q. बिन्दु \((1,2,3)\) से गुजरने वाली रेखा का समीकरण ज्ञात कीजिए जो सदिश \(3 \hat{i}+2 \hat{j}-2 \hat{k}\) के समांतर है।</p>",Very Short Answer,2,2023,,,,,,,,,,,,,,,,
Board,Class 12th,Hindi,Maths,Applications of Derivatives,6,<p>Q. ज्ञात कीजिए कि \( f(x)=3 x^{4}+4 x^{3}-12 x^{2}+12 \) द्वारा प्रदत्त फलन \( f \) के स्थानीय उच्चतम और स्थानीय निम्नतम मान क्या हैं।</p>,Short Answer,3,2023,,,,,,,,,,,,,,,,
Board,Class 12th,Hindi,Maths,Applications of Derivatives,6,<p>Q. वह अंतराल ज्ञात कीजिए जिसमें \( f(x)=x^{2}-4 x+6 \) से प्रदत्त फलन ह्रासमान है।</p>,Short Answer,3,2023,,,,,,,,,,,,,,,,
Board,Class 12th,Hindi,Maths,Applications of Integrals,8,<p>Q. वक्र \(y=x^{2}\) एवं रेखा \(y=4\) से घिरे क्षेत्र का क्षेत्रफल ज्ञात कीजिए।</p>,Short Answer,3,2023,,,,,,,,,,,,,,,,
Board,Class 12th,Hindi,Maths,Applications of Integrals,8,<p>Q. वक्र \(y^{2}=4 x\) एवं रेखा \(x=3\) से घिरे क्षेत्र का क्षेत्रफल ज्ञात कीजिए।</p>,Short Answer,3,2023,,,,,,,,,,,,,,,,
Board,Class 12th,Hindi,Maths,Differential Equations,9,<p>Q. अवकल समीकरण \( x \frac{d y}{d x}+2 y=x^{2} \quad(x \neq 0) \) का व्यापक हल ज्ञात कीजिए।</p>,Long Answer,5,2023,,,,,,,,,,,,,,,,
Board,Class 12th,Hindi,Maths,Differential Equations,9,<p>Q. अवकल समीकरण \(\frac{d y}{d x}=\frac{1+y^{2}}{1+x^{2}}\) का व्यापक हल ज्ञात कीजिए।</p>,Long Answer,5,2023,,,,,,,,,,,,,,,,
Board,Class 12th,Hindi,Maths,Linear Programming,12,"<p>Q. निम्न अवरोधों के अंतर्गत \( Z=3 x+5 y \) का न्यूनतमीकरण कीजिए : \( x+3 y \geq 3, x+y \geq 2, x, y \geq 0 \)</p>",Long Answer,5,2023,,,,,,,,,,,,,,,,
Board,Class 12th,Hindi,Maths,Linear Programming,12,"<p>Q. निम्न अवरोधों के अंतर्गत \( Z=3 x+9 y \) का अधिकतमीकरण कीजिए : \( x+3 y \leq 60, x+y \geq 10, x \leq y, x \geq 0, y \geq 0 \)</p>",Long Answer,5,2023,,,,,,,,,,,,,,,,
Board,Class 12th,Hindi,Maths,Probability,13,<p>Q. एक बक्से में दस कार्ड 1 से 10 तक पूर्णांक लिख कर रखे गये और उन्हें अच्छी तरह मिलाया गया। इस बक्से से एक कार्ड यांदृच्छya निकाला गया। यदि यह ज्ञात हो कि निकाले गए कार्ड पर संख्या 3 से अधिक है तो इस संख्या के सम होने की क्या प्रायिकता है ?</p>,Long Answer,5,2023,,,,,,,,,,,,,,,,
Board,Class 12th,Hindi,Maths,Probability,13,"<p>Q. एक कलश में 10 काली और 5 सफेद गेदें है। दो गेद एक के बाद एक निकाली जाती है और पहली गेंद दूसरे के निकालने से पहले वापस नहीं रखी जाती है। मान लीजिए कि कलश में से प्रत्येक गेंद का निकालना समसंभाव्य है, तो दोनों काली गेंद निकलने की क्या प्रायिकता है?</p>",Long Answer,5,2023,,,,,,,,,,,,,,,,
Board,Class 12th,Hindi,Maths,Determinants,4,<p>Q. समीकरण हल कीजिए : \[\left|\begin{bmatrix} x+a & x & x \\ x & x+a & x \\ x & x & x+a \end{bmatrix}\right|=0\] जहाँ \(a \neq 0\)</p>,Long Answer,5,2023,,,,,,,,,,,,,,,,
Board,Class 12th,Hindi,Maths,Determinants,4,<p>Q. सिद्ध कीजिए कि \(\left|\begin{array}{ccc} a-b-c & 2 a & 2 a \\ 2 b & b-c-a & 2 b \\ 2 c & 2 c & c-a-b \end{array}\right|=(a+b+c)^{3}\)</p>,Long Answer,5,2023,,,,,,,,,,,,,,,,
Board,Class 12th,Hindi,Maths,Continuity and Differentiability,5,<p>Q. सिद्ध कीजिए कि फलन \( f \) किसी बिन्दु 'a' पर अवकलनीय है तो उस बिन्दु पर वह सतत भी है।</p>,Short Answer,3,2023,,,,,,,,,,,,,,,,
Board,Class 12th,Hindi,Maths,Continuity and Differentiability,5,<p>Q. \(\sin \left(x^{2}\right)\) का \(x^{2}\) के सापेक्ष अवकलन कीजिए।</p>,Short Answer,3,2023,,,,,,,,,,,,,,,,
Board,Class 12th,Hindi,Maths,Integrals,7,<p>Q. मान ज्ञात कीजिए \(\int_{0}^{\pi} \frac{x \sin x}{1+\cos ^{2} x} d x\)</p>,Short Answer,3,2023,,,,,,,,,,,,,,,,
Board,Class 12th,Hindi,Maths,Integrals,7,<p>Q. मान ज्ञात कीजिए \(\int_{0}^{\pi / 2} \frac{\cos ^{5} x}{\sin x^{5}+\cos x^{5}} d x\)</p>,Short Answer,3,2023,,,,,,,,,,,,,,,,
Board,Class 12th,Hindi,Maths,Differential Equations,9,<p>Q. रेखाओं \(\vec{r}=(1-t) \hat{i}+(t-2) \hat{j}+(3-2 t) \hat{k}\) और \(\vec{r}=(s+1) \hat{i}+(2 s-1) \hat{j}-(2 s+1) \hat{k}\) के बीच की न्यूनतम दूरी ज्ञात कीजिए।</p>,Short Answer,3,2023,,,,,,,,,,,,,,,,
Board,Class 12th,Hindi,Maths,Three Dimensional Geometry,11,<p>Q. समान्तर रेखाओं \(\vec{r}=\hat{i}+2 \hat{j}-4 \hat{k}+\lambda(2 \hat{i}+3 \hat{j}+6 \hat{k})\) और \(\vec{r}=3 \hat{i}+3 \hat{j}-5 \hat{k}+\mu(2 \hat{i}+3 \hat{j}+6 \hat{k})\) के बीच की न्यूनतम दूरी ज्ञात कीजिए।</p>,Short Answer,3,2023,,,,,,,,,,,,,,,,
Board,Class 12th,Hindi,Maths,Relations and Functions,1,<p>Q. यदि फलन \( f: \mathbb{R} \rightarrow \mathbb{R} \) द्वारा परिभाषित है तो (a) \( f \) एकैकी आच्छादक है। (b) \( f \) बहुएक आच्छादक है। (c) \( f \) एकैकी है किंतु आच्छादक नहीं है। (d) \( f \) न तो एकैकी है और न आच्छादक है।</p>,Multiple Choice Question,1,2024,,,,,,,,,,,,,,,,
Board,Class 12th,Hindi,Maths,Inverse Trigonometric Functions,2,<p>Q. \(\sin ^{-1}\left(-\frac{1}{2}\right)\) का मुख्य मान है (a) \(\frac{\pi}{6}\) (b) \(-\frac{\pi}{6}\) (c) \(\frac{4 \pi}{3}\) (d) \(\frac{2 \pi}{3}\)</p>,Multiple Choice Question,1,2024,,,,,,,,,,,,,,,,
Board,Class 12th,Hindi,Maths,Matrices,3,<p>Q. \(2 \times 2\) कोटि के ऐसे आव्यूहों की कुल संख्या जिनकी प्रत्येक प्रविष्टि 0 या 1 है होगी - (a) 27 (b) 512 (c) 16 (d) 2</p>,Multiple Choice Question,1,2024,,,,,,,,,,,,,,,,
Board,Class 12th,Hindi,Maths,Probability,13,<p>Q. यदि पांसों का एक जोड़ा उछाला जाता है तो प्रत्येक पांसे पर सम अभाज्य संख्या प्राप्त करने की प्रायिकता होगी - (a) 0 (b) \(\frac{1}{3}\) (c) \(\frac{1}{12}\) (d) \(\frac{1}{36}\)</p>,Multiple Choice Question,1,2024,,,,,,,,,,,,,,,,
Board,Class 12th,Hindi,Maths,Determinants,4,<p>Q. यदि \( A \) एक \( 3 \times 3 \) कोटि का वर्ग आव्यूह है तथा \( |A|=2 \) तो \( |\operatorname{adj} A| \) का मान है - (a) 4 (b) 2 (c) 8 (d) 0</p>,Multiple Choice Question,1,2024,,,,,,,,,,,,,,,,
Board,Class 12th,Hindi,Maths,Vector Algebra,10,<p>Q. यदि \(\vec{a}\) तथा \(\vec{b}\) दो शून्येतर सदिश हैं तब \(\vec{a} \cdot \vec{b}=-|\vec{a}||\vec{b}|\) होगा यदि - (a) \(\quad \theta=\frac{\pi}{2}\) (b) \(\theta=0^{\circ}\) (c) \(\theta=\pi\) (d) \(\quad \theta=\frac{3 \pi}{2}\)</p>,Multiple Choice Question,1,2024,,,,,,,,,,,,,,,,
Board,Class 12th,Hindi,Maths,Relations and Functions,1,<p>Q. समुच्चय \( A \) पर परिभाषित संबंध \( R \) _____ संबंध कहलाता है यदि \( R \) स्वतुल्य सममित तथा संक्रामक है।</p>,Fill in the Blanks,1,2024,,,,,,,,,,,,,,,,
Board,Class 12th,Hindi,Maths,Inverse Trigonometric Functions,2,<p>Q. किसी प्रतिलोम त्रिकोणमितीय फलन का वह मान जो उसकी मुख्य शाखा में स्थित होता है प्रतिलोम त्रिकोणमितीय फलन का _____ मान कहलाता है।</p>,Fill in the Blanks,1,2024,,,,,,,,,,,,,,,,
Board,Class 12th,Hindi,Maths,Matrices,3,<p>Q. यदि \( A^{\prime}=A \) है तो \( A \) एक _____ आव्यूह कहलाता है।</p>,Fill in the Blanks,1,2024,,,,,,,,,,,,,,,,
Board,Class 12th,Hindi,Maths,Determinants,4,<p>Q. \(\left|\begin{array}{cc}\cos \theta & -\sin \theta \\ \sin \theta & \cos \theta\end{array}\right|\) का मान _____ होगा।</p>,Fill in the Blanks,1,2024,,,,,,,,,,,,,,,,
Board,Class 12th,Hindi,Maths,Continuity and Differentiability,5,<p>Q. \( e^{-x} \) का अवकलज _____ होगा।</p>,Fill in the Blanks,1,2024,,,,,,,,,,,,,,,,
Board,Class 12th,Hindi,Maths,Relations and Functions,1,<p>Q. फलन \( f \) के प्रांत में एक बिंदु \( C \) जिस पर या तो \( f^{\prime}(C)=0 \) या \( f \) अवकलनीय नहीं है \( f \) का _____ बिंदु कहलाता है।</p>,Fill in the Blanks,1,2024,,,,,,,,,,,,,,,,
Board,Class 12th,Hindi,Maths,Relations and Functions,1,<p>Q. एक फलन \( f: X \rightarrow Y \) एकैकी फलन है यदि \( f\left(x_{1}\right)=f\left(x_{2}\right) \Rightarrow x_{1} \neq x_{2} \forall x_{1} x_{2} \in X \). </p>,True False,1,2024,,,,,,,,,,,,,,,,
Board,Class 12th,Hindi,Maths,Inverse Trigonometric Functions,2,"<p>Q. $\cot ^{-1}$ की मुख्य शाखा का परिसर $(0, x_{2} \in X .$</p>",True False,1,2024,,,,,,,,,,,,,,,,
Board,Class 12th,Hindi,Maths,Matrices,3,<p>Q. किसी वर्ग आव्यूह को एक सममित और एक विषम सममित आव्यूहों के योगफल के रूप में व्यक्त किया जा सकता है।</p>,True False,1,2024,,,,,,,,,,,,,,,,
Board,Class 12th,Hindi,Maths,Matrices,3,<p>Q. समान कोटि के विकर्ण आव्यूहों का गुणन क्रम-विनिमेय होता है।</p>,True False,1,2024,,,,,,,,,,,,,,,,
Board,Class 12th,Hindi,Maths,Differential Equations,9,<p>Q. \( \frac{d}{dx} \left( \frac{1}{x} \right) = \log x \) होता है।</p>,True False,1,2024,,,,,,,,,,,,,,,,
Board,Class 12th,Hindi,Maths,Probability,13,<p>Q. यदि \( l_{1} m_{1} n_{1} \) तथा \( l_{2} m_{2} n_{2} \) दिक् कोसाइन वाली दो रेखाओं के बीच न्यून कोण \( \theta \) है तब \( \sin \theta=\left|l_{1} l_{2}+m_{1} m_{2}+n_{1} n_{2}\right| \) होता है।</p>,True False,1,2024,,,,,,,,,,,,,,,,
Board,Class 12th,Hindi,Maths,Applications of Derivatives,6,<p>Q. \( f(x)=x^{2} \) \( x \in \mathbb{R} \) द्वारा प्रदत्त फलन \( f \) का निम्नतम मान लिखिए।</p>,One Word Answer,1,2024,,,,,,,,,,,,,,,,
Board,Class 12th,Hindi,Maths,Probability,13,<p>Q. यदि \( A \) तथा \( B \) दो ऐसी घटनाएँ है जहाँ \( A \subset B \) तथा \( P(A) \neq 0 \) तब \( P\left(\frac{B}{A}\right) \) का मान क्या होगा लिखिए।</p>,One Word Answer,1,2024,,,,,,,,,,,,,,,,
Board,Class 12th,Hindi,Maths,Vector Algebra,10,<p>Q. यदि \( x \cdot(\hat{i}+\hat{j}+\hat{k}) \) एक मात्रक सदिश है तो \( x \) का मान लिखिए।</p>,One Word Answer,1,2024,,,,,,,,,,,,,,,,
Board,Class 12th,Hindi,Maths,Vector Algebra,10,<p>Q. \(\hat{i} \cdot(\hat{j} \times \hat{k})+\hat{j} \cdot(\hat{i} \times \hat{k})+\hat{k} \cdot(\hat{i} \times \hat{j})\) का मान लिखिए।</p>,One Word Answer,1,2024,,,,,,,,,,,,,,,,
Board,Class 12th,Hindi,Maths,Differential Equations,9,<p>Q. अवकल समीकरण \( x y \frac{d^{2} y}{d x^{2}}+x\left(\frac{d y}{d x}\right)^{2}-y \frac{d y}{d x}=0 \) की घात लिखिए।</p>,One Word Answer,1,2024,,,,,,,,,,,,,,,,
Board,Class 12th,Hindi,Maths,Differential Equations,9,<p>Q. अवकल समीकरण \(\frac{d y}{d x}+2 y=\sin x\) का समाकलन गुणक लिखिए।</p>,One Word Answer,1,2024,,,,,,,,,,,,,,,,
Board,Class 12th,Hindi,Maths,Differential Equations,9,<p>Q. तीन कोटि वाले किसी अवकल समीकरण के विशिष्ट हल में उपस्थित स्वेच्छ अचरों की संख्या लिखिए।</p>,One Word Answer,1,2024,,,,,,,,,,,,,,,,
Board,Class 12th,Hindi,Maths,Relations and Functions,1,"<p>Q. सिद्ध कीजिए कि एक एकैकी फलन \( f:\{1, 2, 3\} \rightarrow\{1, 2, 3\} \) अनिवार्य रूप से आच्छादक भी है।</p>",Very Short Answer,2,2024,,,,,,,,,,,,,,,,
Board,Class 12th,Hindi,Maths,Relations and Functions,1,"<p>Q. सिद्ध कीजिए कि समुच्चय \(\{1, 2, 3\}\) में \(\{(1, 2), (2, 1), (2, 3), (3, 2)\}\) द्वारा प्रदत्त संबंध \(R\) सममित है किंतु न तो स्वतुल्य है और न संक्रामक है।</p>",Very Short Answer,2,2024,,,,,,,,,,,,,,,,
Board,Class 12th,Hindi,Maths,Inverse Trigonometric Functions,2,"<p>Q. सिद्ध कीजिए \(\tan ^{-1} \sqrt{x}=\frac{1}{2} \cos ^{-1}\left(\frac{1-x}{1+x}\right), x \in[0, 1]\).</p>",Very Short Answer,2,2024,,,,,,,,,,,,,,,,
Board,Class 12th,Hindi,Maths,Inverse Trigonometric Functions,2,<p>Q. मान ज्ञात कीजिए \(\tan ^{-1}\left[2 \cos \left(2 \sin ^{-1} \frac{1}{2}\right)\right]\).</p>,Very Short Answer,2,2024,,,,,,,,,,,,,,,,
Board,Class 12th,Hindi,Maths,Matrices,3,<p>Q. दिए गये समीकरण को \(xy\) तथा \(t\) के लिए हल कीजिए यदि \[ 2\begin{bmatrix} x & z \\ y & t \end{bmatrix} + 3\begin{bmatrix} 1 & -1 \\ 0 & 2 \end{bmatrix} = 3\begin{bmatrix} 3 & 5 \\ 4 & 6 \end{bmatrix}. \]</p>,Very Short Answer,2,2024,,,,,,,,,,,,,,,,
Board,Class 12th,Hindi,Maths,Matrices,3,<p>Q. आव्यूह \( A=\begin{bmatrix}1 & 5 \\ 6 & 7\end{bmatrix} \) के लिए सत्यापित कीजिए कि \( \left(A-A^{\prime}\right) \) एक विषय सममित आव्यूह है।</p>,Very Short Answer,2,2024,,,,,,,,,,,,,,,,
Board,Class 12th,Hindi,Maths,Continuity and Differentiability,5,<p>Q. यदि \(2 x+3 y=\sin x\) है तो \(\frac{d y}{d x}\) ज्ञात कीजिए।</p>,Very Short Answer,2,2024,,,,,,,,,,,,,,,,
Board,Class 12th,Hindi,Maths,Continuity and Differentiability,5,<p>Q. यदि \( x = a \cos \theta \) और \( y = a \sin \theta \) तो \( \frac{d y}{d x} \) ज्ञात कीजिए।</p>,Very Short Answer,2,2024,,,,,,,,,,,,,,,,
Board,Class 12th,Hindi,Maths,Applications of Derivatives,6,<p>Q. सिद्ध कीजिए \( R \) पर \( f(x)=3 x+17 \) से प्रदत्त फलन वर्धमान है।</p>,Very Short Answer,2,2024,,,,,,,,,,,,,,,,
Board,Class 12th,Hindi,Maths,Continuity and Differentiability,5,"<p>Q. सिद्ध कीजिए कि प्रदत्त फलन \( f(x)=\cos x \) अंतराल \( (0, \pi) \) में हासमान है।</p>",Very Short Answer,2,2024,,,,,,,,,,,,,,,,
Board,Class 12th,Hindi,Maths,Applications of Derivatives,6,"<p>Q. एक वृत्त की त्रिज्या \(0.7 \, \mathrm{cm/s}\) की दर से बढ़ रही है। इसकी परिधि की वृद्धि की दर क्या है जब \(r=4.9 \, \mathrm{cm}\) है ?</p>",Short Answer,3,2024,,,,,,,,,,,,,,,,
Board,Class 12th,Hindi,Maths,Applications of Derivatives,6,<p>Q. एक वृत्त की त्रिज्या समान रूप से \(3 \mathrm{~cm} / \mathrm{s}\) की दर से बढ़ रही है। ज्ञात कीजिए कि वृत्त का क्षेत्रफल किस दर से बढ़ रहा है जब त्रिज्या 20 सेमी है।</p>,Short Answer,3,2024,,,,,,,,,,,,,,,,
Board,Class 12th,Hindi,Maths,Integrals,7,<p>Q. मान ज्ञात कीजिए : \(\int x e^{x} d x\).</p>,Very Short Answer,2,2024,,,,,,,,,,,,,,,,
Board,Class 12th,Hindi,Maths,Inverse Trigonometric Functions,2,<p>Q. मान ज्ञात कीजिए : \(\int \frac{2-3 \sin x}{\cos ^{2} x} d x\).</p>,Very Short Answer,2,2024,,,,,,,,,,,,,,,,
Board,Class 12th,Hindi,Maths,Vector Algebra,10,<p>Q. सिद्ध कीजिए कि \((\vec{a}+\vec{b}) \cdot(\vec{a}+\vec{b})=|\vec{a}|^{2}+|\vec{b}|^{2}\) यदि और केवल यदि \(\vec{a}\vec{b}\) लंबवत् है। यह दिया हुआ है कि \(\vec{a} \neq \overrightarrow{0}\) \(\vec{b} \neq \overrightarrow{0}\).</p>,Short Answer,3,2024,,,,,,,,,,,,,,,,
Board,Class 12th,Hindi,Maths,Vector Algebra,10,<p>Q. यदि \(\vec{a}=\hat{i}+\hat{j}+\hat{k}\) तथा \(\vec{b}=\hat{i}+2 \hat{j}+3 \hat{k}\) है तो \((\vec{a}+\vec{b}) \times(\vec{a}-\vec{b})\) ज्ञात कीजिए।</p>,Short Answer,3,2024,,,,,,,,,,,,,,,,
Board,Class 12th,Hindi,Maths,Vector Algebra,10,<p>Q. सदिशों \((\hat{i}-2 \hat{j}+3 \hat{k})\) और \((3 \hat{i}-2 \hat{j}+\hat{k})\) के बीच का कोण ज्ञात कीजिए।</p>,Short Answer,3,2024,,,,,,,,,,,,,,,,
Board,Class 12th,Hindi,Maths,Vector Algebra,10,<p>Q. सदिश \(\hat{i}+3 \hat{j}+7 \hat{k}\) का सदिश \(7 \hat{i}-\hat{j}+8 \hat{k}\) पर प्रक्षेप ज्ञात कीजिए।</p>,Short Answer,3,2024,,,,,,,,,,,,,,,,
Board,Class 12th,Hindi,Maths,Three Dimensional Geometry,11,<p>Q. बिंदु जिसकी स्थिति सदिश \(2 \hat{i}-\hat{j}+4 \hat{k}\) से गुजरने व सदिश \(3 \hat{i}+2 \hat{j}-2 \hat{k}\) की दिशा में जाने वाली रेखा का सदिश रूप में समीकरण ज्ञात कीजिए।</p>,Short Answer,3,2024,,,,,,,,,,,,,,,,
Board,Class 12th,Hindi,Maths,Three Dimensional Geometry,11,<p>Q. दिखाइये कि रेखाएँ \(\frac{x+5}{7}=\frac{y+2}{-5}=\frac{z}{-1}\) तथा \(\frac{x}{-1}=\frac{y-1}{-2}=\frac{z+2}{3}\) परस्पर लंब हैं।</p>,Short Answer,3,2024,,,,,,,,,,,,,,,,
Board,Class 12th,Hindi,Maths,Applications of Integrals,8,<p>Q. समाकलन के उपयोग से वृत्त \(x^{2}+y^{2}=a^{2}\) से घिरे क्षेत्र का क्षेत्रफल ज्ञात कीजिए।</p>,Short Answer,3,2024,,,,,,,,,,,,,,,,
Board,Class 12th,Hindi,Maths,Applications of Integrals,8,<p>Q. समाकलन के उपयोग से दीर्घवृत्त \(\frac{x^{2}}{a^{2}}+\frac{y^{2}}{b^{2}}=1\) से घिरे क्षेत्र का क्षेत्रफल ज्ञात कीजिए।</p>,Short Answer,3,2024,,,,,,,,,,,,,,,,
Board,Class 12th,Hindi,Maths,Differential Equations,9,"<p>Q. बिंदु (1.1) से गुजरने वाले एक ऐसे वक्र का समीकरण ज्ञात कीजिए जिसका अवकल समीकरण \( x \, dy = \left(2 x^{2}+1\right) \, dx \, (x \neq 0) \) है।</p>",Short Answer,3,2024,,,,,,,,,,,,,,,,
Board,Class 12th,Hindi,Maths,Differential Equations,9,<p>Q. अवकल समीकरण \(\frac{d y}{d x}+\frac{y}{x}=x^{2}\) का व्यापक हल ज्ञात कीजिए।</p>,Long Answer,5,2024,,,,,,,,,,,,,,,,
Board,Class 12th,Hindi,Maths,Linear Programming,12,"<p>Q. आलेख द्वारा निम्न रैखिक प्रोग्रामन समस्या को हल कीजिए : निम्न अवरोधों के अंतर्गत \(x+y \leq 50\), \(3x+y \leq 90\), \(x \geq 0\), \(y \geq 0\) \(Z=4x+y\) का अधिकतम मान ज्ञात कीजिए।</p>",Long Answer,5,2024,,,,,,,,,,,,,,,,
Board,Class 12th,Hindi,Maths,Linear Programming,12,"<p>Q. निम्न अवरोधों के अंतर्गत \( Z=3x+2y \) का अधिकतमीकरण कीजिए : \( x+2y \leq 10 \), \( x+y \leq 15 \), \( x, y \geq 0 \)</p>",Long Answer,5,2024,,,,,,,,,,,,,,,,
Board,Class 12th,Hindi,Maths,Probability,13,<p>Q. दो थैले 1 और 11 दिए हैं। थैले 1 में 3 लाल और 4 काली गेंदें हैं जबकि थैले II में 5 लाल और 6 काली गेंदें हैं। किसी थैले से यादृच्छया एक गेंद निकाली गई है जो कि लाल रंग की है। इस बात की क्या प्रायिकता है कि यह गेंद थैले Il से निकाली गई है?</p>,Long Answer,5,2024,,,,,,,,,,,,,,,,
Board,Class 12th,Hindi,Maths,Probability,13,<p>Q. 52 पत्तों की अच्छी तरह फेंटी गई गड्डी में से एक के बाद एक तीन पत्तें बिना प्रतिस्थापित किए निकाले गये। पहले दो पत्तों के बादशाह एवं तीसरे का इक्का होने की क्या प्रायिकता है ?</p>,Long Answer,5,2024,,,,,,,,,,,,,,,,
Board,Class 12th,Hindi,Maths,Matrices,3,<p>Q. यदि \( A=\begin{bmatrix}2 & 3 \\ 1 & -4\end{bmatrix} \) और \( B=\begin{bmatrix}1 & -2 \\ -1 & 3\end{bmatrix} \) तो सत्यापित कीजिए कि \( (A B)^{-1}=B^{-1} A^{-1} \)</p>,Long Answer,5,2024,,,,,,,,,,,,,,,,
Board,Class 12th,Hindi,Biology,Ecosystem,12,<p>Q. पारिस्थितिक तन्त्रों में ऊर्जा का प्रमुख स्रोत _____ होता है।</p>,Fill in the Blanks,1,2016,,,,,,,,,,,,,,,,
Board,Class 12th,Hindi,Biology,Organisms and Populations,11,<p>Q. आप्रवासन द्वारा जनसंख्या में _____ होती है।</p>,Fill in the Blanks,1,2016,,,,,,,,,,,,,,,,
Board,Class 12th,Hindi,Biology,Human Health and Disease,7,<p>Q. T-लिम्फोसाइट्स का परिपक्वन होता है- (अ) अस्थि मज्जा में (ब) प्लीहा में (स) वृक्क में (द) थाइमस में</p>,Multiple Choice Question,1,2016,,,,,,,,,,,,,,,,
Board,Class 12th,Hindi,Biology,Organisms and Populations,11,<p>Q. पौधों की वृद्धि के लिए सर्वाधिक उपयोगी मृदा है- (अ) बलुई मृदा (ब) दोमट मृदा (स) गाद मृदा (द) मृत्तिका मृदा</p>,Multiple Choice Question,1,2016,,,,,,,,,,,,,,,,
Board,Class 12th,Hindi,Biology,Organisms and Populations,11,<p>Q. मृत्युदर पर जन्मदर का प्रतिशत अनुपात कहलाता है- (अ) जैविक इन्डेक्स (ब) समष्टि डायनामिक्स (स) जनसंख्या घनत्व (द) कुल संख्या</p>,Multiple Choice Question,1,2016,,,,,,,,,,,,,,,,
Board,Class 12th,Hindi,Biology,Strategies for Enhancement in Food Production,#N/A,<p>Q. बन्ध्य गायों में दुगध उत्पादन के लिए किस हॉर्मोन का उपयोग होता है?</p>,One Word Answer,1,2016,,,,,,,,,,,,,,,,
Board,Class 12th,Hindi,Biology,Sexual Reproduction in Flowering Plants,1,<p>Q. अनिषेकजनन की परिभाषा एवं कोई एक महत्त्व लिखिए।</p>,Short Answer,3,2016,,,,,,,,,,,,,,,,
Board,Class 12th,Hindi,Biology,Sexual Reproduction in Flowering Plants,1,<p>Q. बीजों में प्रसुप्ति के कोई दो कारण लिखिए।</p>,Short Answer,3,2016,,,,,,,,,,,,,,,,
Board,Class 12th,Hindi,Biology,Human Reproduction,2,<p>Q. पुरुषों में वृषण उदर गुहा के बाहर क्यों पाये जाते हैं?</p>,Short Answer,3,2016,,,,,,,,,,,,,,,,
Board,Class 12th,Hindi,Biology,Human Health and Disease,7,<p>Q. चिकित्सीय मृत्यु एवं जैविक मृत्यु में अन्तर लिखिए।</p>,Short Answer,3,2016,,,,,,,,,,,,,,,,
Board,Class 12th,Hindi,Biology,Organisms and Populations,11,<p>Q. जाति के चार प्रकारों के नाम लिखिए।</p>,Short Answer,3,2016,,,,,,,,,,,,,,,,
Board,Class 12th,Hindi,Biology,Ecosystem,12,<p>Q. अपघटनकर्त्ता का कार्य लिखिए।</p>,Short Answer,3,2016,,,,,,,,,,,,,,,,
Board,Class 12th,Hindi,Biology,Human Reproduction,2,<p>Q. लिंग हॉर्मोन क्या है? किसी एक नर तथा एक मादा हॉर्मोन का वर्णन करिए।</p>,Short Answer,3,2016,,,,,,,,,,,,,,,,
Board,Class 12th,Hindi,Biology,Human Reproduction,2,<p>Q. मनुष्य में शुक्राणुजनन की प्रावस्थाओं को केवल रेखाचित्र की सहायता से समझाइए।</p>,Short Answer,3,2016,,,,,,,,,,,,,,,,
Board,Class 12th,Hindi,Biology,Sexual Reproduction in Flowering Plants,1,<p>Q. आवृतबीजी पौधे में मादा युग्मकोद्भिद के विकास को केवल नामांकित चित्र द्वारा समझाइए।</p>,Diagram based Answer,2,2016,,,,,,,,,,,,,,,,
Board,Class 12th,Hindi,Biology,Ecosystem,12,<p>Q. लिण्डमान के 10% नियम की व्याख्या कीजिए।</p>,Short Answer,3,2016,,,,,,,,,,,,,,,,
Board,Class 12th,Hindi,Biology,Biotechnology: Principles and Processes,9,<p>Q. ऊतक संवर्धन के कोई चार महत्त्व लिखिए।</p>,Short Answer,3,2016,,,,,,,,,,,,,,,,
Board,Class 12th,Hindi,Biology,Reproductive Health,3,<p>Q. किन्हीं चार यौन सम्बन्धी रोग के नाम एवं प्रत्येक के एक-एक लक्षण लिखिए।</p>,Short Answer,3,2016,,,,,,,,,,,,,,,,
Board,Class 12th,Hindi,Biology,Biotechnology and Its Applications,10,<p>Q. कृषि के क्षेत्र में जैव तकनीकी के कोई तीन अनुप्रयोग लिखिए।</p>,Short Answer,3,2016,,,,,,,,,,,,,,,,
Board,Class 12th,Hindi,Biology,Biotechnology and Its Applications,10,<p>Q. बायोपेटेण्ट से आप क्या समझते हैं? इसके उपयोग व दुरुपयोग बताइए।</p>,Short Answer,3,2016,,,,,,,,,,,,,,,,
Board,Class 12th,Hindi,Biology,Sexual Reproduction in Flowering Plants,1,<p>Q. परागकण की बाहरी भित्ति _____ कहलाती है।</p>,Fill in the Blanks,1,2017,,,,,,,,,,,,,,,,
Board,Class 12th,Hindi,Biology,Organisms and Populations,11,<p>Q. लाइकेन के उदाहरण _____ है।</p>,Fill in the Blanks,1,2017,,,,,,,,,,,,,,,,
Board,Class 12th,Hindi,Biology,Organisms and Populations,11,<p>Q. जनसंख्या वृध्दि का सिध्दांत _____ ने दिया था।</p>,Fill in the Blanks,1,2017,,,,,,,,,,,,,,,,
Board,Class 12th,Hindi,Biology,Ecosystem,12,<p>Q. वन पारिस्थितिक तंत्र में उर्जा का पिरामिड होता है - (1) सदैव सीधा (2) सदैव उल्टा (3) पहले सीधा फिर उल्टा (4) अण्डाकार</p>,Multiple Choice Question,1,2017,,,,,,,,,,,,,,,,
Board,Class 12th,Hindi,Biology,Human Health and Disease,7,<p>Q. एड्स परीक्षण जाना जाता है - (1) आस्ट्रेलियन एण्टीजन (2) एलीसा (3) थायरो टेस्ट (4) pH परीक्षण</p>,Multiple Choice Question,1,2017,,,,,,,,,,,,,,,,
Board,Class 12th,Hindi,Biology,Organisms and Populations,11,<p>Q. एक पूर्ण मूल परजीवी पौधे का नाम बताइये।</p>,One Word Answer,1,2017,,,,,,,,,,,,,,,,
Board,Class 12th,Hindi,Biology,Organisms and Populations,11,<p>Q. मानव जनसंख्या के वैज्ञानिक अध्ययन को क्या कहते हैं?</p>,One Word Answer,1,2017,,,,,,,,,,,,,,,,
Board,Class 12th,Hindi,Biology,Sexual Reproduction in Flowering Plants,1,<p>Q. स्व परागण के कोई दो लाभ एवं दो हानियाँ लिखिये।</p>,Short Answer,3,2017,,,,,,,,,,,,,,,,
Board,Class 12th,Hindi,Biology,reproductive health ,#N/A,<p>Q. टेस्ट ट्यूब बेबी किसे कहते है?</p>,Short Answer,3,2017,,,,,,,,,,,,,,,,
Board,Class 12th,Hindi,Biology,Ecosystem,12,<p>Q. खाद्य श्रृंखला किसे कहते है?</p>,Short Answer,3,2017,,,,,,,,,,,,,,,,
Board,Class 12th,Hindi,Biology,Organisms and Populations,11,<p>Q. निम्नलिखित को परिभाषित कीजिये- (1) जनसंख्या (2) मृत्यु दर (3) जन्म दर</p>,Multiple Choice Question,1,2017,,,,,,,,,,,,,,,,
Board,Class 12th,Hindi,Biology,Human Health and Disease,7,<p>Q. योगासन से आप क्या समझते है? इससे होनेवाले दो लाभ लिखिये।</p>,Short Answer,3,2017,,,,,,,,,,,,,,,,
Board,Class 12th,Hindi,Biology,Microbes in Human Welfare,8,<p>Q. जैव पीड़कनाशी क्या होते है? इससे होने वाले एक एक लाभ एवं दुष्परिणाम लिखिये।</p>,Short Answer,3,2017,,,,,,,,,,,,,,,,
Board,Class 12th,Hindi,Biology,Human Health and Disease,7,<p>Q. इण्टरफेरॉन क्या हैं? इसका महत्व बताइये।</p>,Short Answer,3,2017,,,,,,,,,,,,,,,,
Board,Class 12th,Hindi,Biology,Sexual Reproduction in Flowering Plants,1,<p>Q. पौधे के बीजाण्ड की लम्बवत काट का नामांकित चित्र बनाइये।</p>,Diagram based Answer,2,2017,,,,,,,,,,,,,,,,
Board,Class 12th,Hindi,Biology,Organisms and Populations,11,<p>Q. अनुहरण किसे कहते है? यह कितने प्रकार का होता है?</p>,Short Answer,3,2017,,,,,,,,,,,,,,,,
Board,Class 12th,Hindi,Biology,Biodiversity and Conservation,13,<p>Q. जैव विविधता किसे कहते है? जैव विविधता के संरक्षण के तीन प्रयास लिखिये।</p>,Long Answer,5,2017,,,,,,,,,,,,,,,,
Board,Class 12th,Hindi,Biology,Human Health and Disease,7,<p>Q. किशोरावस्था में होनेवाली चार सामान्य समस्याओं को समझाइये।</p>,Long Answer,5,2017,,,,,,,,,,,,,,,,
Board,Class 12th,Hindi,Biology,Organisms and Populations,11,<p>Q. पारिस्थितिकी अनुकूलन से क्या तात्पर्य है? जल की कमी से पौधों में होने वाले कोई चार अनुकूलन लिखिये।</p>,Long Answer,5,2017,,,,,,,,,,,,,,,,
Board,Class 12th,Hindi,Biology,Ecosystem,12,<p>Q. ऊर्जा का पिरामिड हमेशा ______ होता है। (अ) सीधा (ब) उल्टा (स) पहले सीधा फिर उल्टा (द) अण्डाकार</p>,Multiple Choice Question,1,2018,,,,,,,,,,,,,,,,
Board,Class 12th,Hindi,Biology,Reproductive Health,3,<p>Q. लैंगिक संसर्गजन्य रोग है - (अ) एड्स (ब) हीमोफीलिया (स) अस्थमा (द) मायसथीनिया ग्रेविस</p>,Multiple Choice Question,1,2018,,,,,,,,,,,,,,,,
Board,Class 12th,Hindi,Biology,Organisms and Populations,11,<p>Q. लाइकेन ______ के उदाहरण हैं।</p>,Fill in the Blanks,1,2018,,,,,,,,,,,,,,,,
Board,Class 12th,Hindi,Biology,Organisms and Populations,11,<p>Q. जनसंख्या समय व स्थान के अनुसार ______ होती रहती है।</p>,Fill in the Blanks,1,2018,,,,,,,,,,,,,,,,
Board,Class 12th,Hindi,Biology,Organisms and Populations,11,<p>Q. एक आंशिक मूल परजीवी पौधे का नाम बताइए।</p>,Very Short Answer,2,2018,,,,,,,,,,,,,,,,
Board,Class 12th,Hindi,Biology,Organisms and Populations,11,<p>Q. शून्य जनसंख्या वृद्धि की परिभाषा लिखिए।</p>,Short Answer,3,2018,,,,,,,,,,,,,,,,
Board,Class 12th,Hindi,Biology,locomotion and movement ,#N/A,<p>Q. पेशीय थकावट क्यों उत्पन्न होती है?</p>,Short Answer,3,2018,,,,,,,,,,,,,,,,
Board,Class 12th,Hindi,Biology,Sexual Reproduction in Flowering Plants,1,<p>Q. भ्रूणपोष किसे कहते हैं?</p>,Short Answer,3,2018,,,,,,,,,,,,,,,,
Board,Class 12th,Hindi,Biology,Sexual Reproduction in Flowering Plants,1,<p>Q. अलैंगिक प्रजनन की परिभाषा लिखिए।</p>,Short Answer,3,2018,,,,,,,,,,,,,,,,
Board,Class 12th,Hindi,Biology,Human Reproduction,2,<p>Q. अपरा किसे कहते हैं?</p>,Short Answer,3,2018,,,,,,,,,,,,,,,,
Board,Class 12th,Hindi,Biology,Reproductive Health,3,<p>Q. टेस्ट ट्यूब बेबी क्या है?</p>,Short Answer,3,2018,,,,,,,,,,,,,,,,
Board,Class 12th,Hindi,Biology,Ecosystem,12,<p>Q. खाद्य श्रृंखला एवं खाद्य जाल में कोई दो अन्तर बताइए।</p>,Short Answer,3,2018,,,,,,,,,,,,,,,,
Board,Class 12th,Hindi,Biology,Microbes in Human Welfare,8,<p>Q. जैविक ऑक्सीजन माँग किसे कहते हैं?</p>,Short Answer,3,2018,,,,,,,,,,,,,,,,
Board,Class 12th,Hindi,Biology,Organisms and Populations,11,<p>Q. लिंग अनुपात को परिभाषित कीजिए</p>,Short Answer,3,2018,,,,,,,,,,,,,,,,
Board,Class 12th,Hindi,Biology,Organisms and Populations,11,<p>Q. मृत्यु दर को परिभाषित कीजिए</p>,Short Answer,3,2018,,,,,,,,,,,,,,,,
Board,Class 12th,Hindi,Biology,Organisms and Populations,11,<p>Q. प्राणायाम के तीन पदों को संक्षेप में समझाइए।</p>,Short Answer,3,2018,,,,,,,,,,,,,,,,
Board,Class 12th,Hindi,Biology,Biotechnology: Principles and Processes,9,<p>Q. ऊतक संवर्धन के कोई तीन महत्व लिखिए।</p>,Short Answer,3,2018,,,,,,,,,,,,,,,,
Board,Class 12th,Hindi,Biology,Biotechnology: Principles and Processes,9,<p>Q. कृषि क्षेत्र में जैव तकनीकी के कोई तीन अनुप्रयोग लिखिए।</p>,Short Answer,3,2018,,,,,,,,,,,,,,,,
Board,Class 12th,Hindi,Biology,Human Reproduction,2,<p>Q. शुक्राणुजनन एवं अण्डजनन में चार अन्तर लिखिए।</p>,Long Answer,5,2018,,,,,,,,,,,,,,,,
Board,Class 12th,Hindi,Biology,Ecosystem,12,<p>Q. नामांकित चित्र की सहायता से नाइट्रोजन चक्र को समझाइए।</p>,Diagram based Answer,2,2018,,,,,,,,,,,,,,,,
Board,Class 12th,Hindi,Biology,Human Health and Disease,7,<p>Q. युवा वर्ग में फैलने वाली नशाखोरी के कोई चार कारण समझाइये।</p>,Long Answer,5,2018,,,,,,,,,,,,,,,,
Board,Class 12th,Hindi,Biology,Ecosystem,12,<p>Q. जलक्रमक की किन्हीं पाँच अवस्थाओं का वर्णन कीजिए।</p>,Long Answer,5,2018,,,,,,,,,,,,,,,,
Board,Class 12th,Hindi,Biology,Sexual Reproduction in Flowering Plants,1,<p>Q. अध्यावरणीय से घिरा हुआ कोशिकाओं का एक पुँज होता है । (i) निभाग (ii) बीजांडकाय (iii) भ्रूणकोष (iv) बीजाण्ड</p>,Long Answer,5,2019,,,,,,,,,,,,,,,,
Board,Class 12th,Hindi,Biology,Principles of Inheritance and Variation,4,<p>Q. डाउन सिन्ड्रोम किस गुणसूत्र के एक प्रति की अधिकता से होता है ? (i) 21 वें (ii) 18 वें (iii) 13 वें (iv) 19 वें</p>,Multiple Choice Question,1,2019,,,,,,,,,,,,,,,,
Board,Class 12th,Hindi,Biology,Organisms and Populations,11,<p>Q. कवक का पादप जड़ों के साथ सहजीवी संबंध का उदाहरण है । (i) लाइकेन (ii) माइकोराइजा (iii) फाइकोराइजा (iv) साइनोबैक्टीरिया</p>,Multiple Choice Question,1,2019,,,,,,,,,,,,,,,,
Board,Class 12th,Hindi,Biology,Biotechnology and Its Applications,10,<p>Q. इन्सुलिन कितनी पोलीपेप्टाइड श्रंखलाओं का बना होता है ? (i) 2 (ii) 4 (iii) 5 (iv) 3</p>,Multiple Choice Question,1,2019,,,,,,,,,,,,,,,,
Board,Class 12th,Hindi,Biology,Microbes in Human Welfare,8,<p>Q. वायुमण्डलीय \( \text{N}_2 \) का स्थिरीकरण करने वाला स्वतंत्रजीवी जीवाणु है । (i) स्ट्रेप्टोकोकस (ii) ऐजोटोबैक्टर (iii) स्टेफाइलोकोकस (iv) इ.-कोलाई</p>,Multiple Choice Question,1,2019,,,,,,,,,,,,,,,,
Board,Class 12th,Hindi,Biology,Reproductive Health,3,<p>Q. मानव में लिंग निर्धारण किस क्रोमोसोम के कारण होता है ?</p>,Very Short Answer,2,2019,,,,,,,,,,,,,,,,
Board,Class 12th,Hindi,Biology,Microbes in Human Welfare,8,<p>Q. एथानॉल के बड़े पैभाने पर उत्पादन के लिये किस यीस्ट का प्रयोग किया जाता है ?</p>,Very Short Answer,2,2019,,,,,,,,,,,,,,,,
Board,Class 12th,Hindi,Biology,Biotechnology: Principles and Processes,9,<p>Q. डी.एन.ए. अणु को काटने वाले एन्जाइम कहलाते हैं ।</p>,Very Short Answer,2,2019,,,,,,,,,,,,,,,,
Board,Class 12th,Hindi,Biology,Ecosystem,12,<p>Q. ऊर्जा प्रवाह के प्रत्येक स्तर पर कितने प्रतिशत ऊर्जा का हास होता है ?</p>,Very Short Answer,2,2019,,,,,,,,,,,,,,,,
Board,Class 12th,Hindi,Biology,Principles of Inheritance and Variation,4,<p>Q. ड्रोसोफिला मेलेनोगैस्टर पर ____ ने काम किया ।</p>,Fill in the Blanks,1,2019,,,,,,,,,,,,,,,,
Board,Class 12th,Hindi,Biology,Strategies for Enhancement in Food Production,#N/A,<p>Q. पशु तथा मानव पोषण के लिये प्रोटीन के वैकल्पिक स्रोतों में से ____ एक है ।</p>,Fill in the Blanks,1,2019,,,,,,,,,,,,,,,,
Board,Class 12th,Hindi,Biology,Ecosystem,12,<p>Q. पारिस्थितिक तंत्र की शब्दावली में हरे पादप को ____ कहा जाता है ।</p>,Fill in the Blanks,1,2019,,,,,,,,,,,,,,,,
Board,Class 12th,Hindi,Biology,Human Health and Disease,7,<p>Q. जीवाणुओं पर संक्रमण करने वाले विषाणु ____ कहलाते हैं ।</p>,Fill in the Blanks,1,2019,,,,,,,,,,,,,,,,
Board,Class 12th,Hindi,Biology,Sexual Reproduction in Flowering Plants,1,<p>Q. स्व परागण व पर परागण में कोई दो अंतर लिखिये ।</p>,Short Answer,3,2019,,,,,,,,,,,,,,,,
Board,Class 12th,Hindi,Biology,Reproductive Health,3,<p>Q. टेस्ट ट्यूब-बेबी किसे कहते हैं ?</p>,Short Answer,3,2019,,,,,,,,,,,,,,,,
Board,Class 12th,Hindi,Biology,Human Health and Disease,7,<p>Q. प्रतिजैविक क्या है ?</p>,Short Answer,3,2019,,,,,,,,,,,,,,,,
Board,Class 12th,Hindi,Biology,Microbes in Human Welfare,8,<p>Q. जैविक ऑक्सीजन माँग किसे कहते हैं ?</p>,Short Answer,3,2019,,,,,,,,,,,,,,,,
Board,Class 12th,Hindi,Biology,Ecosystem,12,<p>Q. ऊर्जा प्रवाह क्या है ?</p>,Short Answer,3,2019,,,,,,,,,,,,,,,,
Board,Class 12th,Hindi,Biology,Human Reproduction,2,<p>Q. शुक्राणुजनन क्या है ? इस प्रक्रिया के नियमन में शामिल 2 हार्मोनों के नाम लिखिये ।</p>,Short Answer,3,2019,,,,,,,,,,,,,,,,
Board,Class 12th,Hindi,Biology,Human Reproduction,2,<p>Q. अंडजनन क्या है ? अंडजनन में शामिल 2 हार्मोनों के नाम लिखिये ।</p>,Short Answer,3,2019,,,,,,,,,,,,,,,,
Board,Class 12th,Hindi,Biology,Biotechnology and Its Applications,10,<p>Q. कृषि के क्षेत्र में जैव तकनीकी के कोई तीन अनुप्रयोग लिखिये ।</p>,Short Answer,3,2019,,,,,,,,,,,,,,,,
Board,Class 12th,Hindi,Biology,Biotechnology: Principles and Processes,9,<p>Q. खाद एवं जैव उर्वरक में कोई 3 अंतर लिखिये ।</p>,Short Answer,3,2019,,,,,,,,,,,,,,,,
Board,Class 12th,Hindi,Biology,Ecosystem,12,<p>Q. खाद्य जाल व खाद्य शृंखला में कोई 3 अंतर लिखिये ।</p>,Short Answer,3,2019,,,,,,,,,,,,,,,,
Board,Class 12th,Hindi,Biology,Ecosystem,12,<p>Q. पोषण स्तर क्या है ? समझाइये ।</p>,Short Answer,3,2019,,,,,,,,,,,,,,,,
Board,Class 12th,Hindi,Biology,Molecular Basis of Inheritance,5,<p>Q. जेनेटिक कोड क्या है ? इसकी कोई 4 विशेषतायें लिखिये ।</p>,Long Answer,5,2019,,,,,,,,,,,,,,,,
Board,Class 12th,Hindi,Biology,Molecular Basis of Inheritance,5,<p>Q. DNA प्रतिकृति क्या है ? इसकी विधि लिखिए ।</p>,Long Answer,5,2019,,,,,,,,,,,,,,,,
Board,Class 12th,Hindi,Biology, evolution,#N/A,<p>Q. समवृत्ति तथा समजात अंगों को उदाहरण सहित परिभाषित कीजिये ।</p>,Long Answer,5,2019,,,,,,,,,,,,,,,,
Board,Class 12th,Hindi,Biology,Molecular Basis of Inheritance,5,<p>Q. यूरे एवं मिलर के प्रयोग का नामांकित चित्र बनाइये ।</p>,Diagram based Answer,2,2019,,,,,,,,,,,,,,,,
Board,Class 12th,Hindi,Biology,Human Health and Disease,7,<p>Q. सहज प्रतिरक्षा एवं अनुकूली प्रतिरक्षा में कोई 4 अंतर लिखिए ।</p>,Long Answer,5,2019,,,,,,,,,,,,,,,,
Board,Class 12th,Hindi,Biology,Human Health and Disease,7,<p>Q. प्रतिजन क्या है ? इसके सामान्य लक्षण लिखिये ।</p>,Short Answer,3,2019,,,,,,,,,,,,,,,,
Board,Class 12th,Hindi,Biology,Human Health and Disease,7,<p>Q. HIV क्या है ? AIDS की रोकथाम के कोई 4 उपाय लिखिये ।</p>,One Word Answer,1,2019,,,,,,,,,,,,,,,,
Board,Class 12th,Hindi,Biology,Human Health and Disease,7,<p>Q. संकरण क्या है ? संकरण के प्रकार लिखिये</p>,Short Answer,3,2019,,,,,,,,,,,,,,,,
Board,Class 12th,Hindi,Biology,Biotechnology: Principles and Processes,9,<p>Q. जीन क्लोनिंग क्या है ? इसका महत्व लिखिये ।</p>,Short Answer,3,2019,,,,,,,,,,,,,,,,
Board,Class 12th,Hindi,Biology,Biotechnology: Principles and Processes,9,<p>Q. प्लाज्मिड्स क्या हैं ? इसके प्रकार लिखिये ।</p>,Short Answer,3,2019,,,,,,,,,,,,,,,,
Board,Class 12th,Hindi,Biology,Human Reproduction,2,<p>Q. मानव वृषण के अनुप्रस्थ काट का नामांकित चित्र बनाइये ।</p>,Diagram based Answer,2,2019,,,,,,,,,,,,,,,,
Board,Class 12th,Hindi,Biology,Organisms and Populations,11,<p>Q. एक प्रारूपिक पुष्प के अनुदैर्ध्य काट का नामांकित चित्र बनाइये ।</p>,Diagram based Answer,2,2019,,,,,,,,,,,,,,,,
Board,Class 12th,Hindi,Biology,Sexual Reproduction in Flowering Plants,1,<p>Q. DNA के द्विकुण्डलीय मॉडल की संरचना को स्पष्ट कीजिये ।</p>,Diagram based Answer,2,2019,,,,,,,,,,,,,,,,
Board,Class 12th,Hindi,Biology,Principles of Inheritance and Variation,4,<p>Q. मेंडल के स्वतंत्र अपव्यूहन नियम को समझाइये तथा एक पौधा गोल बीज व पीला बीजपत्र एवं दूसरा झुर्रीदार बीज तथा हरे बीजपत्र के बीच क्रॉस कराने पर प्राप्त होने वाले \( F_2 \) पीढ़ी के जीनोटाइप व फीनोटाइप अनुपात को चेकर बोर्ड के द्वारा समझाइये ।</p>,Long Answer,5,2019,,,,,,,,,,,,,,,,
Board,Class 12th,Hindi,Biology,Ecosystem,12,<p>Q. पारिस्थितिक अनुक्रमण क्या है ? इसके विभिन्न चरण लिखिये ।</p>,Long Answer,5,2019,,,,,,,,,,,,,,,,
Board,Class 12th,Hindi,Biology,Ecosystem,12,<p>Q. पारिस्थितिक पिरेमिड क्या है ? ये कितने प्रकार के होते हैं ? समझाइये ।</p>,Long Answer,5,2019,,,,,,,,,,,,,,,,
Board,Class 12th,Hindi,Biology,Ecosystem,12,<p>Q. डायनोसोर अथवा सरीसृप का स्वर्णिम काल है - (अ) मीसोजोइक (ब) सीनोजोइक (स) एजोइक (द) पैलियोज़ोइक</p>,Multiple Choice Question,1,2020,,,,,,,,,,,,,,,,
Board,Class 12th,Hindi,Biology,Human Health and Disease,7,<p>Q. लीवर सिरोसिस उत्पन्न करने वाला कारक है - (अ) वसा (ब) विटामिन (स) तम्बाकू (द) एल्कोहॉलिज्म</p>,Multiple Choice Question,1,2020,,,,,,,,,,,,,,,,
Board,Class 12th,Hindi,Biology,Biotechnology and Its Applications,10,<p>Q. बीटी जीव विष प्राप्त होता है - (अ) ब्रेसिकर नेपस से (ब) बैसिलस थुरिनजिएंसीस (स) एजोला से (द) राइजोबियम से</p>,Multiple Choice Question,1,2020,,,,,,,,,,,,,,,,
Board,Class 12th,Hindi,Biology,Sexual Reproduction in Flowering Plants,1,<p>Q. बिना निषेचन के विकसित होने वाले फलों को _____ कहते हैं ।</p>,Fill in the Blanks,1,2020,,,,,,,,,,,,,,,,
Board,Class 12th,Hindi,Biology,Principles of Inheritance and Variation,4,<p>Q. वंशागति का क्रोमोसोमवाद का सिद्धान्त _____ और धियोडोर बोवेरी द्वारा प्रतिपादित किया गया ।</p>,Fill in the Blanks,1,2020,,,,,,,,,,,,,,,,
Board,Class 12th,Hindi,Biology,Biotechnology and Its Applications,10,<p>Q. किसी कोशिका कर्त्तोतकी से पूर्ण पादप में जनित्र होने की क्षमता _____ कहलाती है ।</p>,Fill in the Blanks,1,2020,,,,,,,,,,,,,,,,
Board,Class 12th,Hindi,Biology,Biotechnology: Principles and Processes,9,<p>Q. प्रतिबंधन एण्डोन्यूक्लिएज एन्जाइम डी.एन.ए. में विशिष्ट _____ को पहचानता है।</p>,Fill in the Blanks,1,2020,,,,,,,,,,,,,,,,
Board,Class 12th,Hindi,Biology,Biodiversity and Conservation,13,<p>Q. विशाल अमेजन वर्षा वन को _____ कहा जाता है ।</p>,Fill in the Blanks,1,2020,,,,,,,,,,,,,,,,
Board,Class 12th,Hindi,Biology,Human Reproduction,2,<p>Q. ग्रेफियन फॉलिकल से अण्ड के बाहर निकलने की प्रक्रिया क्या कहलाती है ?</p>,Very Short Answer,2,2020,,,,,,,,,,,,,,,,
Board,Class 12th,Hindi,Biology,Molecular Basis of Inheritance,5,<p>Q. DNA के खण्ड का नाम जो पॉलिपेप्टाइड श्रृंखला का संश्लेषण करता है ।</p>,Very Short Answer,2,2020,,,,,,,,,,,,,,,,
Board,Class 12th,Hindi,Biology,Molecular Basis of Inheritance,5,<p>Q. मिथियोनाइन को कोडित करने वाला कोडान का नाम क्या है ?</p>,Very Short Answer,2,2020,,,,,,,,,,,,,,,,
Board,Class 12th,Hindi,Biology,Strategies for Enhancement in Food Production,#N/A,<p>Q. मछली पालन को क्या कहते हैं ?</p>,Very Short Answer,2,2020,,,,,,,,,,,,,,,,
Board,Class 12th,Hindi,Biology,Microbes in Human Welfare,8,<p>Q. सूक्ष्मजीवों द्वारा कीट/खरपतवार नियंत्रण पद्धतियों को क्या कहते हैं ?</p>,Very Short Answer,2,2020,,,,,,,,,,,,,,,,
Board,Class 12th,Hindi,Biology,Human Reproduction,2,<p>Q. क्या कारण है कि मनुष्य के वृषण उदर गुहा के बाहर स्थित होते हैं ?</p>,Short Answer,3,2020,,,,,,,,,,,,,,,,
Board,Class 12th,Hindi,Biology,Reproductive Health,3,<p>Q. चिकित्सकीय गर्भ समापन क्या है ?</p>,Short Answer,3,2020,,,,,,,,,,,,,,,,
Board,Class 12th,Hindi,Biology,Biotechnology and Its Applications,10,<p>Q. कायिक संकरण किसे कहते हैं ? एक उदाहरण दीजिए ।</p>,Short Answer,3,2020,,,,,,,,,,,,,,,,
Board,Class 12th,Hindi,Biology,Biodiversity and Conservation,13,<p>Q. जैव विविधता के जैविक संगठन के स्तर के नाम लिखिए ।</p>,Short Answer,3,2020,,,,,,,,,,,,,,,,
Board,Class 12th,Hindi,Biology,Human Reproduction,2,<p>Q. प्रसव किसे कहते हैं ? प्रसव को प्रेरित करने वाले हार्मोन का नाम लिखिए ।</p>,Short Answer,3,2020,,,,,,,,,,,,,,,,
Board,Class 12th,Hindi,Biology,Reproductive Health,3,<p>Q. एम्नियोसेन्टेसिस विधि को समझाइये ।</p>,Short Answer,3,2020,,,,,,,,,,,,,,,,
Board,Class 12th,Hindi,Biology,Biotechnology and Its Applications,10,<p>Q. आनुवांशिकतः रूपांतरित जीव (GMO) किसे कहते हैं ? इसकी उपयोगिता लिखिए ।</p>,Short Answer,3,2020,,,,,,,,,,,,,,,,
Board,Class 12th,Hindi,Biology,Biotechnology and Its Applications,10,<p>Q. बायोपाइरेसी को संक्षिप्त में लिखिए ।</p>,Short Answer,3,2020,,,,,,,,,,,,,,,,
Board,Class 12th,Hindi,Biology,biodiversity and conservation,13,<p>Q. स्वस्थाने संरक्षण एवं बाह्यस्थाने संरक्षण क्या है ?</p>,Short Answer,3,2020,,,,,,,,,,,,,,,,
Board,Class 12th,Hindi,Biology,Molecular Basis of Inheritance,5,<p>Q. ओपेरॉन मॉडल क्या है ? लैक ओपेरॉन की संरचना समझाइये ।</p>,Diagram based Answer,2,2020,,,,,,,,,,,,,,,,
Board,Class 12th,Hindi,Biology,Molecular Basis of Inheritance,5,<p>Q. DNA से mRNA के निर्माण की क्रिया विधि का वर्णन लिखिए ।</p>,Long Answer,5,2020,,,,,,,,,,,,,,,,
Board,Class 12th,Hindi,Biology,Evolution,6,<p>Q. समजात एवं समवृत्ति अंग में अंतर लिखिए ।</p>,Short Answer,3,2020,,,,,,,,,,,,,,,,
Board,Class 12th,Hindi,Biology,Evolution,6,<p>Q. लेमार्कवाद एवं नवलेमार्कवाद में अंतर लिखिए ।</p>,Short Answer,3,2020,,,,,,,,,,,,,,,,
Board,Class 12th,Hindi,Biology,Human Health and Disease,7,<p>Q. प्लाज्मोडियम के जीवन चक्र को चित्र सहित लिखिए ।</p>,Diagram based Answer,2,2020,,,,,,,,,,,,,,,,
Board,Class 12th,Hindi,Biology,Human Health and Disease,7,<p>Q. प्रतिरक्षी पदार्थ की संरचना का सचित्र वर्णन करो ।</p>,Diagram based Answer,2,2020,,,,,,,,,,,,,,,,
Board,Class 12th,Hindi,Biology,Microbes in Human Welfare,8,<p>Q. वाहित मल क्या है ? यह हमारे लिए किस प्रकार हानिकारक है ?</p>,Short Answer,3,2020,,,,,,,,,,,,,,,,
Board,Class 12th,Hindi,Biology,Microbes in Human Welfare,8,<p>Q. प्राथमिक तथा द्वितीयक वाहित मल उपचार के बीच पाए जाने वाले मुख्य अंतर लिखिए।</p>,Short Answer,3,2020,,,,,,,,,,,,,,,,
Board,Class 12th,Hindi,Biology,Biotechnology and Its Applications,10,<p>Q. पी.सी.आर. का संक्षिप्त वर्णन चित्र सहित कीजिए ।</p>,Diagram based Answer,2,2020,,,,,,,,,,,,,,,,
Board,Class 12th,Hindi,Biology,Biotechnology: Principles and Processes,9,<p>Q. अनुप्रवाह संसाधन का चित्र सहित संक्षिप्त वर्णन कीजिए ।</p>,Diagram based Answer,2,2020,,,,,,,,,,,,,,,,
Board,Class 12th,Hindi,Biology,Principles of Inheritance and Variation,4,<p>Q. एक संकर क्रास का प्रयोग करते हुए प्रभाविता नियम की व्याख्या कीजिए ।</p>,Long Answer,5,2020,,,,,,,,,,,,,,,,
Board,Class 12th,Hindi,Biology,Principles of Inheritance and Variation,4,<p>Q. मनुष्य में हीमोफिलीया की वंशागतिकी का वर्णन कीजिए। स्थिति → पीड़ित पिता एवं सामान्य महिला द्वारा उत्पन्न संताने ।</p>,Short Answer,3,2020,,,,,,,,,,,,,,,,
Board,Class 12th,Hindi,Biology,Ecosystem,12,<p>Q. खाद्य श्रंखला का वर्णन कीजिए ।</p>,Short Answer,3,2020,,,,,,,,,,,,,,,,
Board,Class 12th,Hindi,Biology,Sexual Reproduction in Flowering Plants,1,<p>Q. बिना निषेचन के अंडाणु का परिवर्धन कहलाता है। a) एपोमिक्सिस b) अनिषेकबीजता c) अनिषेकजनन d) अनिषेकफलन</p>,Multiple Choice Question,1,2022,,,,,,,,,,,,,,,,
Board,Class 12th,Hindi,Biology,Sexual Reproduction in Flowering Plants,1,<p>Q. अर्धसूत्री विभाजन को कहा जाता है। a) असूत्री विभाजन b) न्यूनकारी विभाजन c) सूत्री विभाजन d) केंद्रक विभाजन</p>,Multiple Choice Question,1,2022,,,,,,,,,,,,,,,,
Board,Class 12th,Hindi,Biology,Biotechnology and Its Applications,10,<p>Q. ह्यूमुलिन क्या है a) एंजाइम b) कार्बोहाइड्रेट c) वसा d) हार्मोन</p>,Multiple Choice Question,1,2022,,,,,,,,,,,,,,,,
Board,Class 12th,Hindi,Biology,Human Reproduction,2,<p>Q. मानव है a) अंडप्रजक b) अंडजरायुज c) अंडोत्सर्ग d) सजीवप्रजक</p>,Multiple Choice Question,1,2022,,,,,,,,,,,,,,,,
Board,Class 12th,Hindi,Biology,Principles of Inheritance and Variation,4,<p>Q. मानव में लिंग निर्धारण किस क्रोमोसोम के कारण होता है?</p>,Very Short Answer,2,2022,,,,,,,,,,,,,,,,
Board,Class 12th,Hindi,Biology,Microbes in Human Welfare,8,<p>Q. बी.ओ.डी का पूरा नाम लिखिए</p>,Very Short Answer,2,2022,,,,,,,,,,,,,,,,
Board,Class 12th,Hindi,Biology,Microbes in Human Welfare,8,<p>Q. जैव उर्वरक के रूप में प्रयोग किए जाने वाले एक साइनोबैक्टीरिया का नाम लिखिए।</p>,Very Short Answer,2,2022,,,,,,,,,,,,,,,,
Board,Class 12th,Hindi,Biology,Microbes in Human Welfare,8,<p>Q. सूक्ष्म जीवों द्वारा की कीट/खरपतवार नियंत्रण पद्धतियों को क्या कहते हैं?</p>,Very Short Answer,2,2022,,,,,,,,,,,,,,,,
Board,Class 12th,Hindi,Biology,Biotechnology and Its Applications,10,<p>Q. मानव इंसुलिन कितनी पॉलीपेप्टाइड श्रंखलाओं से बना होता है।</p>,Very Short Answer,2,2022,,,,,,,,,,,,,,,,
Board,Class 12th,Hindi,Biology,Organisms and Populations,11,<p>Q. मानव जनसंख्या का अध्ययन कहलाता है।</p>,Very Short Answer,2,2022,,,,,,,,,,,,,,,,
Board,Class 12th,Hindi,Biology,Molecular Basis of Inheritance,5,<p>Q. डी.एन.ए फिंगरप्रिंट तकनीक किसने विकसित की _____</p>,Fill in the Blanks,1,2022,,,,,,,,,,,,,,,,
Board,Class 12th,Hindi,Biology,Sexual Reproduction in Flowering Plants,1,<p>Q. एक प्रारूपिक आवृत्त बीजी भ्रूणकोष _____ केंद्रकीय होता है।</p>,Fill in the Blanks,1,2022,,,,,,,,,,,,,,,,
Board,Class 12th,Hindi,Biology,Organisms and Populations,11,<p>Q. कवक एवं शैवाल का सहजीवी संबंध _____ कहलाता है।</p>,Fill in the Blanks,1,2022,,,,,,,,,,,,,,,,
Board,Class 12th,Hindi,Biology,Human Health and Disease,7,<p>Q. टीकों में संबंधित रोग के _____ उपस्थित होते हैं।</p>,Fill in the Blanks,1,2022,,,,,,,,,,,,,,,,
Board,Class 12th,Hindi,Biology,Human Health and Disease,7,<p>Q. रोग निरोध की श्रेष्ठ जैव तकनीक _____ है।</p>,Fill in the Blanks,1,2022,,,,,,,,,,,,,,,,
Board,Class 12th,Hindi,Biology,Human Health and Disease,7,<p>Q. टाइफाइड रोग की पहचान _____ द्वारा की जाती है।</p>,Fill in the Blanks,1,2022,,,,,,,,,,,,,,,,
Board,Class 12th,Hindi,Biology,Molecular Basis of Inheritance,5,<p>Q. डीएनए खंडों को _____ एंजाइम द्वारा जोड़ा जाता है।</p>,Fill in the Blanks,1,2022,,,,,,,,,,,,,,,,
Board,Class 12th,Hindi,Biology,Sexual Reproduction in Flowering Plants,1,<p>Q. स्वपरागण एवं पर परागण में कोई दो अंतर लिखिए।</p>,Short Answer,3,2022,,,,,,,,,,,,,,,,
Board,Class 12th,Hindi,Biology,Reproductive Health,3,<p>Q. एम्नियोसेंटेसिस विधि द्वारा किस का परीक्षण किया जाता है।</p>,Short Answer,3,2022,,,,,,,,,,,,,,,,
Board,Class 12th,Hindi,Biology,Reproductive Health,3,<p>Q. टेस्ट ट्यूब बेबी क्या है?</p>,Short Answer,3,2022,,,,,,,,,,,,,,,,
Board,Class 12th,Hindi,Biology,Reproductive Health,3,<p>Q. GIFT का पूरा नाम लिखिए।</p>,Very Short Answer,2,2022,,,,,,,,,,,,,,,,
Board,Class 12th,Hindi,Biology,Reproductive Health,3,<p>Q. ZIFT का पूरा नाम लिखिए।</p>,Very Short Answer,2,2022,,,,,,,,,,,,,,,,
Board,Class 12th,Hindi,Biology,Principles of Inheritance and Variation,4,<p>Q. उत्परिवर्तन किसे कहते है?</p>,Very Short Answer,2,2022,,,,,,,,,,,,,,,,
Board,Class 12th,Hindi,Biology,Principles of Inheritance and Variation,4,<p>Q. सहलग्नता किसे कहते हैं?</p>,Multiple Choice Question,1,2022,,,,,,,,,,,,,,,,
Board,Class 12th,Hindi,Biology,Molecular Basis of Inheritance,5,<p>Q. कोडॉन किसे कहते है।</p>,Short Answer,3,2022,,,,,,,,,,,,,,,,
Board,Class 12th,Hindi,Biology,Molecular Basis of Inheritance,5,<p>Q. सिस्ट्रॉन किसे कहते हैं।</p>,Short Answer,3,2022,,,,,,,,,,,,,,,,
Board,Class 12th,Hindi,Biology,Principles of Inheritance and Variation,4,<p>Q. वंशागति का सिद्धान्त किसने प्रतिपादित किया? (a) राबर्ट हुक (b) ग्रेगर जॉन मेण्डल (c) सटन व बावेरी (d) एम. एच. स्वामीनाथन</p>,Multiple Choice Question,1,2023,,,,,,,,,,,,,,,,
Board,Class 12th,Hindi,Biology,Biotechnology and Its Applications,10,<p>Q. बीटी विष प्राप्त होता है। (a) बैसीलस थ्युरीजिएन्सिस (b) धतुरा (c) बैसीलस नोटेटम (d) अफीम</p>,Multiple Choice Question,1,2023,,,,,,,,,,,,,,,,
Board,Class 12th,Hindi,Biology,Human Reproduction,2,<p>Q. भ्रूण की अक्रियाशीलता वाली स्थिति को क्या कहते हैं? (a) प्रसुप्ति (b) मोरुला (c) उत्तेजित स्थिति (d) इनमें से कोई नहीं</p>,Multiple Choice Question,1,2023,,,,,,,,,,,,,,,,
Board,Class 12th,Hindi,Biology,Microbes in Human Welfare,8,<p>Q. कौनसे बैक्टेरिया दूध को दही में परिवर्तित करता है। (a) सैकेरोमाइसीज सेरेविसी (b) लैक्टोबैसीलस (c) एसपरजिलस नाइगर (d) केलोस्ट्रीडियम ब्युटिलीकम</p>,Multiple Choice Question,1,2023,,,,,,,,,,,,,,,,
Board,Class 12th,Hindi,Biology,Sexual Reproduction in Flowering Plants,1,<p>Q. विकासशील परागकणों को पोषण देता है - (a) बाह्यत्वचा (b) मध्यपर्त (c) टेपीटम (d) फिलामेंट (डंठल तंतू)</p>,Multiple Choice Question,1,2023,,,,,,,,,,,,,,,,
Board,Class 12th,Hindi,Biology,Ecosystem,12,<p>Q. सभी जीव अपने आहार / पोषण के लिये प्रत्यक्ष या अप्रत्यक्ष रूप से पादपों पर ही निर्भर होते हैं उन्हें कहते हैं। (a) उत्पादक (b) उपभोक्ता (c) मृतजीवी (d) अपघटक</p>,Multiple Choice Question,1,2023,,,,,,,,,,,,,,,,
Board,Class 12th,Hindi,Biology,Human Reproduction,2,"<p>Q. आन्तरकोशिका का समूह, जिनमें सभी उत्तकों एवं अंगों को उत्पन्न करने की क्षमता होती है। (a) शुक्राणु कोशिकाएँ (b) बाह्यत्वचा कोशिकाएँ (c) स्टेम कोशिकाएँ (d) सरटोली कोशिकाएँ</p>",Multiple Choice Question,1,2023,,,,,,,,,,,,,,,,
Board,Class 12th,Hindi,Biology,Human Health and Disease,7,<p>Q. एक स्वप्रतिरक्षा रोग का नाम लिखिये।</p>,Very Short Answer,2,2023,,,,,,,,,,,,,,,,
Board,Class 12th,Hindi,Biology,Human Health and Disease,7,<p>Q. टाइफॉइड ज्वर की पुष्टि किस टेस्ट द्वारा की जाती है?</p>,Very Short Answer,2,2023,,,,,,,,,,,,,,,,
Board,Class 12th,Hindi,Biology,Organisms and Populations,11,<p>Q. दी गई अवधि में समिष्टी में होने वाली मौतों की संख्या को क्या कहते हैं?</p>,Very Short Answer,2,2023,,,,,,,,,,,,,,,,
Board,Class 12th,Hindi,Biology,Biodiversity and Conservation,13,<p>Q. भारत के किसी एक हॉटस्पॉट का उदाहरण दीजिये।</p>,Very Short Answer,2,2023,,,,,,,,,,,,,,,,
Board,Class 12th,Hindi,Biology,Biotechnology: Principles and Processes,9,<p>Q. आण्विक कैंची किसे कहते हैं?</p>,Very Short Answer,2,2023,,,,,,,,,,,,,,,,
Board,Class 12th,Hindi,Biology,Biotechnology and Its Applications,10,<p>Q. प्रथम पारजीनी गाय का नाम लिखिये।</p>,Very Short Answer,2,2023,,,,,,,,,,,,,,,,
Board,Class 12th,Hindi,Biology,Molecular Basis of Inheritance,5,<p>Q. डी.एन.ए. के एक रज्जूक से आनुवांशिक सूचनाओं का आर.एन.ए. में प्रतिलिपीकरण क्या कहलाता है?</p>,Very Short Answer,2,2023,,,,,,,,,,,,,,,,
Board,Class 12th,Hindi,Biology,Sexual Reproduction in Flowering Plants,1,<p>Q. सेब एक _____ फल का उदाहरण है।</p>,Fill in the Blanks,1,2023,,,,,,,,,,,,,,,,
Board,Class 12th,Hindi,Biology,Sexual Reproduction in Flowering Plants,1,<p>Q. एक बीज में एक से अधिक भ्रूणों की उपस्थिति को _____ कहते हैं।</p>,Fill in the Blanks,1,2023,,,,,,,,,,,,,,,,
Board,Class 12th,Hindi,Biology,Human Reproduction,2,<p>Q. गर्भाशय की आंतरिक ग्रंधिल स्तर को _____ कहते हैं।</p>,Fill in the Blanks,1,2023,,,,,,,,,,,,,,,,
Board,Class 12th,Hindi,Biology,Human Reproduction,2,<p>Q. निषेचन _____ में संपन्न होता है।</p>,Fill in the Blanks,1,2023,,,,,,,,,,,,,,,,
Board,Class 12th,Hindi,Biology,Principles of Inheritance and Variation,4,<p>Q. _____ ने उद्यान मटर के पौधों पर सात वर्षों तक संकरण के प्रयोग किये।</p>,Fill in the Blanks,1,2023,,,,,,,,,,,,,,,,
Board,Class 12th,Hindi,Biology,Human Health and Disease,7,<p>Q. प्राकृतिक _____ कैनेबिस सैटाइवा पौधे के पुष्पक्रम से प्राप्त किये जाते हैं।</p>,Fill in the Blanks,1,2023,,,,,,,,,,,,,,,,
Board,Class 12th,Hindi,Biology,Ecosystem,12,<p>Q. ऊर्जा का पिरामिड हमेशा _____ होता है।</p>,Fill in the Blanks,1,2023,,,,,,,,,,,,,,,,
Board,Class 12th,Hindi,Biology,Sexual Reproduction in Flowering Plants,1,<p>Q. त्रिसंलयन से आप क्या समझते हैं?</p>,Short Answer,3,2023,,,,,,,,,,,,,,,,
Board,Class 12th,Hindi,Biology,Sexual Reproduction in Flowering Plants,1,<p>Q. विपुंसन किसे कहते हैं?</p>,Short Answer,3,2023,,,,,,,,,,,,,,,,
Board,Class 12th,Hindi,Biology,Human Reproduction,2,<p>Q. प्रसव किसे कहते हैं?</p>,Short Answer,3,2023,,,,,,,,,,,,,,,,
Board,Class 12th,Hindi,Biology,Human Health and Disease,7,<p>Q. कोलेस्ट्रम (खीस) क्या है?</p>,Short Answer,3,2023,,,,,,,,,,,,,,,,
Board,Class 12th,Hindi,Biology,Organisms and Populations,11,<p>Q. जनसंख्या विस्फोट के कारण लिखिये। (कोई दो)</p>,Short Answer,3,2023,,,,,,,,,,,,,,,,
Board,Class 12th,Hindi,Biology,Reproductive Health,3,<p>Q. किन्हीं 2 यौन संचरित रोगों का नाम लिखिए।</p>,Short Answer,3,2023,,,,,,,,,,,,,,,,
Board,Class 12th,Hindi,Biology,Microbes in Human Welfare,8,<p>Q. BOD (बी.ओ.डी.) क्या है?</p>,Short Answer,3,2023,,,,,,,,,,,,,,,,
Board,Class 12th,Hindi,Biology,Microbes in Human Welfare,8,<p>Q. गंगा एक्शन प्लॉन क्या है?</p>,Short Answer,3,2023,,,,,,,,,,,,,,,,
Board,Class 12th,Hindi,Biology,Biotechnology: Principles and Processes,9,<p>Q. क्लोनिंग क्या है?</p>,Short Answer,3,2023,,,,,,,,,,,,,,,,
Board,Class 12th,Hindi,Biology,Biotechnology and Its Applications,10,<p>Q. क्राई जीन क्या है?</p>,Short Answer,3,2023,,,,,,,,,,,,,,,,
Board,Class 12th,Hindi,Biology,Human Health and Disease,7,<p>Q. एड्स रोग किन कारणों से होता है? कोई दो कारण लिखिए।</p>,Short Answer,3,2023,,,,,,,,,,,,,,,,
Board,Class 12th,Hindi,Biology,Human Health and Disease,7,<p>Q. कैंसर का उपचार किस तरह किया जाता है?</p>,Short Answer,3,2023,,,,,,,,,,,,,,,,
Board,Class 12th,Hindi,Biology,Molecular Basis of Inheritance,5,<p>Q. हिस्टोन क्या है?</p>,Short Answer,3,2023,,,,,,,,,,,,,,,,
Board,Class 12th,Hindi,Biology,Molecular Basis of Inheritance,5,<p>Q. आर.एन.ए. में कौन नाइट्रोजनी क्षार पाये जाते हैं?</p>,Very Short Answer,2,2023,,,,,,,,,,,,,,,,
Board,Class 12th,Hindi,Biology,Principles of Inheritance and Variation,4,<p>Q. पेडीग्री (वंशावली) विश्लेषण क्या है?</p>,Short Answer,3,2023,,,,,,,,,,,,,,,,
Board,Class 12th,Hindi,Biology,Principles of Inheritance and Variation,4,<p>Q. समयुग्मजी व विषमयुग्मजी में अंतर लिखिए।</p>,Short Answer,3,2023,,,,,,,,,,,,,,,,
Board,Class 12th,Hindi,Biology,Human Reproduction,2,<p>Q. अंडजनन का आरेखित निरूपण कीजिये। (चित्र)</p>,Diagram based Answer,2,2023,,,,,,,,,,,,,,,,
Board,Class 12th,Hindi,Biology,Reproductive Health,3,<p>Q. एम्निसैंटेसिस (उल्बवेधन) क्या है? इसके उपयोग लिखिए।</p>,Short Answer,3,2023,,,,,,,,,,,,,,,,
Board,Class 12th,Hindi,Biology,Principles of Inheritance and Variation,4,<p>Q. टेस्ट क्रॉस (परीक्षार्थ परीक्षण) क्या है? इसका आरेखी प्रतिरूपण दर्शाइये।</p>,Short Answer,3,2023,,,,,,,,,,,,,,,,
Board,Class 12th,Hindi,Biology,Molecular Basis of Inheritance,5,<p>Q. मिलर के प्रयोग का नामांकित चित्र बनाइये।</p>,Diagram based Answer,2,2023,,,,,,,,,,,,,,,,
Board,Class 12th,Hindi,Biology,Human Health and Disease,7,<p>Q. किशोरों में एल्कोहल तथा ड्रग के सेवन को रोकने के उपाय लिखिये।</p>,Long Answer,5,2023,,,,,,,,,,,,,,,,
Board,Class 12th,Hindi,Biology,Microbes in Human Welfare,8,<p>Q. जैव उर्वरक के रूप में सूक्ष्मजीव किस तरह कार्य करते हैं?</p>,Very Short Answer,2,2023,,,,,,,,,,,,,,,,
Board,Class 12th,Hindi,Biology,Organisms and Populations,11,<p>Q. पर्यावरण के तीन प्रमुख अजैव कारकों के बारे में लिखिए।</p>,Short Answer,3,2023,,,,,,,,,,,,,,,,
Board,Class 12th,Hindi,Biology,Ecosystem,12,<p>Q. अपघटन क्या है?</p>,Short Answer,3,2023,,,,,,,,,,,,,,,,
Board,Class 12th,Hindi,Biology,Molecular Basis of Inheritance,5,<p>Q. आनुवंशिक कोड की मुख्य विशेषताएं लिखिए।</p>,Short Answer,3,2023,,,,,,,,,,,,,,,,
Board,Class 12th,Hindi,Biology,Principles of Inheritance and Variation,4,<p>Q. समयुग्मजी पीले व गोल बीज वाले मटर के पौधे का क्र</p>,Long Answer,5,2023,,,,,,,,,,,,,,,,
Board,Class 12th,Hindi,Biology,Sexual Reproduction in Flowering Plants,1,<p>Q. भ्रूणपोष (आवृतबीजी) में कितने क्रोमोसोम होते हैं? (a) \( n \) (अगुणित) (b) \( 2 n \) (द्विगुणित) (c) \( 3 n \) (त्रिगुणित) (d) \( 4 n \) (चतुर्गुणित)</p>,Multiple Choice Question,1,2024,,,,,,,,,,,,,,,,
Board,Class 12th,Hindi,Biology,Sexual Reproduction in Flowering Plants,1,<p>Q. बीज में अवशिष्ट बीजाण्डकाय को क्या कहा जाता है? (a) नाभिका (b) अन्तःकवच (c) निभाग (d) परिभ्रूणपोष</p>,Multiple Choice Question,1,2024,,,,,,,,,,,,,,,,
Board,Class 12th,Hindi,Biology,Molecular Basis of Inheritance,5,<p>Q. सिकल सेल एनीमिया (दात्र कोशिका - अरक्तता) में ग्लूटैमिक अम्ल वैलीन द्वारा प्रतिस्थापित हो जाता है। निम्नलिखित में से कौन-सा एक त्रिक कूट वैलीन के लिए है ? (a) GGG (b) AAG (c) GAA (d) GUG</p>,Multiple Choice Question,1,2024,,,,,,,,,,,,,,,,
Board,Class 12th,Hindi,Biology,Human Health and Disease,7,<p>Q. मलेरिया के मच्छर द्वारा रुधिर में निर्मुक्त उत्पाद जो ठण्ड तथा बुखार उत्पन्न करता है - (a) हीमैटिन (b) स्कफनर्स बिन्दु (c) हीमोजोइन (d) हीमोटॉक्सिन</p>,Multiple Choice Question,1,2024,,,,,,,,,,,,,,,,
Board,Class 12th,Hindi,Biology,Biotechnology: Principles and Processes,9,<p>Q. ऐगारोज जेल इलेक्ट्रोफोरेसिस में डी.एन.ए. अणुओं का विलगन किस आधार पर होता है ? (a) केवल आवेश (b) केवल माप (आकार) (c) केवल आयतन (d) आवेश और आकार</p>,Multiple Choice Question,1,2024,,,,,,,,,,,,,,,,
Board,Class 12th,Hindi,Biology,Organisms and Populations,11,<p>Q. माइकोराइजा उदाहरण है - (a) परजीविता (b) सहभोजिता (c) सहोपकारिता (d) अपघटक</p>,Multiple Choice Question,1,2024,,,,,,,,,,,,,,,,
Board,Class 12th,Hindi,Biology,Human Reproduction,2,<p>Q. एक परिपक्व पुटक (फोलिकल) से अण्डाणु (ओवम) के मोचित होने की प्रक्रिया को _____ कहते हैं।</p>,Fill in the Blanks,1,2024,,,,,,,,,,,,,,,,
Board,Class 12th,Hindi,Biology,Molecular Basis of Inheritance,5,<p>Q. डी.एन.ए. अंगुलीछापी (फिंगर प्रिंटिंग) में डी.एन.ए. अनुक्रम में स्थित कुछ विशिष्ट जगहों के बीच विभिन्नता का पता लगाते हैं इसको _____ कहते हैं।</p>,Fill in the Blanks,1,2024,,,,,,,,,,,,,,,,
Board,Class 12th,Hindi,Biology,Microbes in Human Welfare,8,<p>Q. लैक्टिक एसिड बैक्टीरिया (एल.ए.बी.) दूध को _____ में परिवर्तित कर देते हैं।</p>,Fill in the Blanks,1,2024,,,,,,,,,,,,,,,,
Board,Class 12th,Hindi,Biology,Biotechnology and Its Applications,10,<p>Q. प्राक् इस्सुलिन में _____ होता है जो परिपक्व इन्सुलिन में नहीं पाया जाता है।</p>,Fill in the Blanks,1,2024,,,,,,,,,,,,,,,,
Board,Class 12th,Hindi,Biology,Biotechnology and Its Applications,10,<p>Q. एडिनोसिन डिएमिनेज एन्जाइम से सम्बन्धित जीन में उत्परिवर्तन होने के कारण _____ रोग उत्पन्न होता है।</p>,Fill in the Blanks,1,2024,,,,,,,,,,,,,,,,
Board,Class 12th,Hindi,Biology,Ecosystem,12,<p>Q. पारिस्थितिक तंत्र की शब्दावली में हरे पादप को _____ कहा जाता है।</p>,Fill in the Blanks,1,2024,,,,,,,,,,,,,,,,
Board,Class 12th,Hindi,Biology,Human Reproduction,2,<p>Q. मानव अण्डप्रजक है।</p>,Short Answer,3,2024,,,,,,,,,,,,,,,,
Board,Class 12th,Hindi,Biology,Reproductive Health,3,<p>Q. सिफिलिस एक यौन संचारित रोग है।</p>,True False,1,2024,,,,,,,,,,,,,,,,
Board,Class 12th,Hindi,Biology,Evolution,6,<p>Q. लाइकेन औद्योगिक प्रदूषण के सूचक नहीं होते हैं।</p>,True False,1,2024,,,,,,,,,,,,,,,,
Board,Class 12th,Hindi,Biology,Human Health and Disease,7,<p>Q. कैंसर उत्पन्न करने वाली जीन्स को आन्कोजीन्स कहते हैं।</p>,True False,1,2024,,,,,,,,,,,,,,,,
Board,Class 12th,Hindi,Biology,Human Health and Disease,7,<p>Q. प्रत्येक इन्टरफेरान की अपनी विशिष्टता होती है।</p>,True False,1,2024,,,,,,,,,,,,,,,,
Board,Class 12th,Hindi,Biology,Biodiversity and Conservation,13,<p>Q. क्लैरियस गैरीपाइनस मछली हमारी नदियों की अशल्कमीन (कैटफिश जातियों) के लिए खतरा पैदा कर रही है।</p>,True False,1,2024,,,,,,,,,,,,,,,,
Board,Class 12th,Hindi,Biology,Sexual Reproduction in Flowering Plants,1,<p>Q. भ्रूणपोष (आवृतबीजी) में कितने क्रोमोसोम होते हैं? (a) \( n \) (अगुणित) (b) \( 2 n \) (द्विगुणित) (c) \( 3 n \) (त्रिगुणित) (d) \( 4 n \) (चतुर्गुणित)</p>,Multiple Choice Question,1,2024,,,,,,,,,,,,,,,,
Board,Class 12th,Hindi,Biology,Sexual Reproduction in Flowering Plants,1,<p>Q. बीज में अवशिष्ट बीजाण्डकाय को क्या कहा जाता है? (a) नाभिका (b) अन्तःकवच (c) निभाग (d) परिभ्रूणपोष</p>,Multiple Choice Question,1,2024,,,,,,,,,,,,,,,,
Board,Class 12th,Hindi,Biology,Principles of Inheritance and Variation,4,<p>Q. सिकल सेल एनीमिया (दात्र कोशिका - अरक्तता) में ग्लूटैमिक अम्ल वैलीन द्वारा प्रतिस्थापित हो जाता है। निम्नलिखित में से कौन-सा एक त्रिक कूट वैलीन के लिए है ? (a) GGG (b) AAG (c) GAA (d) GUG</p>,Multiple Choice Question,1,2024,,,,,,,,,,,,,,,,
Board,Class 12th,Hindi,Biology,Human Health and Disease,7,<p>Q. मलेरिया के मच्छर द्वारा रुधिर में निर्मुक्त उत्पाद जो ठण्ड तथा बुखार उत्पन्न करता है - (a) हीमैटिन (b) स्कफनर्स बिन्दु (c) हीमोजोइन (d) हीमोटॉक्सिन</p>,Multiple Choice Question,1,2024,,,,,,,,,,,,,,,,
Board,Class 12th,Hindi,Biology,Biotechnology and Its Applications,10,<p>Q. ऐगारोज जेल इलेक्ट्रोफोरेसिस में डी.एन.ए. अणुओं का विलगन किस आधार पर होता है ? (a) केवल आवेश (b) केवल माप (आकार) (c) केवल आयतन (d) आवेश और आकार</p>,Multiple Choice Question,1,2024,,,,,,,,,,,,,,,,
Board,Class 12th,Hindi,Biology,Organisms and Populations,11,<p>Q. माइकोराइजा उदाहरण है - (a) परजीविता (b) सहभोजिता (c) सहोपकारिता (d) अपघटक</p>,Multiple Choice Question,1,2024,,,,,,,,,,,,,,,,
Board,Class 12th,Hindi,Biology,Reproductive Health,3,<p>Q. ऐम्भिसेन्टेसिस क्या है ? इसका महत्व लिखिए।</p>,Short Answer,3,2024,,,,,,,,,,,,,,,,
Board,Class 12th,Hindi,Biology,Reproductive Health,3,<p>Q. एम.टी.पी. क्या है? इसके सुरक्षित काल को लिखिए।</p>,Short Answer,3,2024,,,,,,,,,,,,,,,,
Board,Class 12th,Hindi,Biology,Principles of Inheritance and Variation,4,<p>Q. बिन्दु उत्परिवर्तन क्या है ? एक उदाहरण दीजिए।</p>,Short Answer,3,2024,,,,,,,,,,,,,,,,
Board,Class 12th,Hindi,Biology,Principles of Inheritance and Variation,4,<p>Q. नर मानव हीमोफीलिया जीन को कभी भी पुत्र में नहीं पहुँचा सकता। क्यों ?</p>,Short Answer,3,2024,,,,,,,,,,,,,,,,
Board,Class 12th,Hindi,Biology,Evolution,6,<p>Q. अनुकूली विकिरण क्या है ? उदाहरण दीजिए।</p>,Short Answer,3,2024,,,,,,,,,,,,,,,,
Board,Class 12th,Hindi,Biology,Evolution,6,<p>Q. हार्डी-वीनबर्ग नियम को लिखिए।</p>,Short Answer,3,2024,,,,,,,,,,,,,,,,
Board,Class 12th,Hindi,Biology,Microbes in Human Welfare,8,<p>Q. धान के खेतों में सायनोबैक्टीरिया को लाभकारी क्यों माना जाता है ?</p>,Short Answer,3,2024,,,,,,,,,,,,,,,,
Board,Class 12th,Hindi,Biology,Microbes in Human Welfare,8,<p>Q. स्विस पनीर में बड़े छिद्र क्यों होते हैं ?</p>,Very Short Answer,2,2024,,,,,,,,,,,,,,,,
Board,Class 12th,Hindi,Biology,Biotechnology and Its Applications,10,<p>Q. बायोपेटेन्ट (जैव अधिकार) किसे कहते हैं ?</p>,Short Answer,3,2024,,,,,,,,,,,,,,,,
Board,Class 12th,Hindi,Biology,Biotechnology and Its Applications,10,<p>Q. सुनहरा चावल क्या है ? इसके बारे में लिखिए।</p>,Short Answer,3,2024,,,,,,,,,,,,,,,,
Board,Class 12th,Hindi,Biology,Organisms and Populations,11,<p>Q. आबादी घनत्व से आप क्या समझते हैं?</p>,Short Answer,3,2024,,,,,,,,,,,,,,,,
Board,Class 12th,Hindi,Biology,Organisms and Populations,11,<p>Q. छद्मावरण को परिभाषित कीजिए एवं एक उदाहरण दीजिये।</p>,Short Answer,3,2024,,,,,,,,,,,,,,,,
Board,Class 12th,Hindi,Biology,Biodiversity and Conservation,13,<p>Q. हॉट स्पॉट किसे कहते हैं ? भारत के एक हॉट स्पॉट का नाम लिखिए।</p>,Very Short Answer,2,2024,,,,,,,,,,,,,,,,
Board,Class 12th,Hindi,Biology,Biodiversity and Conservation,13,<p>Q. स्त्री जनन तंत्र की आरेखीय - काट का स्वच्छ नामांकित चित्र बनाइए।</p>,Diagram based Answer,2,2024,,,,,,,,,,,,,,,,
Board,Class 12th,Hindi,Biology,Principles of Inheritance and Variation,4,<p>Q. एकलसंकर क्रास क्या है ? रेखाचित्र द्वारा समझाइए।</p>,Diagram based Answer,2,2024,,,,,,,,,,,,,,,,
Board,Class 12th,Hindi,Biology,Organisms and Populations,11,<p>Q. सहप्रभाविता किसे कहते हैं ? उदाहरण देकर समझाइए।</p>,Short Answer,3,2024,,,,,,,,,,,,,,,,
Board,Class 12th,Hindi,Biology,Microbes in Human Welfare,8,<p>Q. जैविक पीड़कनाशियों एवं रासायनिक पीड़कनाशियों में तीन अन्तर लिखिए।</p>,Short Answer,3,2024,,,,,,,,,,,,,,,,
Board,Class 12th,Hindi,Biology,Microbes in Human Welfare,8,<p>Q. बायोगैस संयन्त्र का स्वच्छ नामांकित चित्र बनाइए।</p>,Diagram based Answer,2,2024,,,,,,,,,,,,,,,,
Board,Class 12th,Hindi,Biology,Microbes in Human Welfare,8,<p>Q. ऊर्जा का पिरामिड सदैव सीधा क्यों होता है ? स्पष्ट कीजिए।</p>,Short Answer,3,2024,,,,,,,,,,,,,,,,
Board,Class 12th,Hindi,Biology,Ecosystem,12,<p>Q. उत्पादकता. सकल प्राथमिक उत्पादकता और शुद्ध उत्पादकता के बीच पारस्परिक सम्बन्ध का वर्णन कीजिए।</p>,Short Answer,3,2024,,,,,,,,,,,,,,,,
Board,Class 12th,Hindi,Biology,Sexual Reproduction in Flowering Plants,1,<p>Q. लघुबीजाणुजनन तथा गुरुबीजाणुजनन के बीच अन्तर स्पष्ट करें। इन घटनाओं के दौरान किस प्रकार का कोशिका विभाजन सम्पन्न होता है ? इन दोनों घटनाओं के अन्त में बनने वाली संरचनाओं के नाम बताइए।</p>,Long Answer,5,2024,,,,,,,,,,,,,,,,
Board,Class 12th,Hindi,Biology,Sexual Reproduction in Flowering Plants,1,<p>Q. एक प्रारूपी आवृतबीजी बीजांड का स्वच्छ नामांकित चित्र बनाइए।</p>,Diagram based Answer,2,2024,,,,,,,,,,,,,,,,
Board,Class 12th,Hindi,Biology,Molecular Basis of Inheritance,5,<p>Q. डी.एन.ए. आनुवंशिक पदार्थ है इसे सिद्ध करने हेतु अपने प्रयोग के दौरान हर्षे एवं चेज ने डी.एन.ए. व प्रोटीन के बीच कैसे अन्तर स्थापित किया ?</p>,Long Answer,5,2024,,,,,,,,,,,,,,,,
Board,Class 12th,Hindi,Biology,Molecular Basis of Inheritance,5,<p>Q. DNA अंगुली छापन क्या है ? इसकी क्रियाविधि एवं उपयोगिता को लिखिए।</p>,Long Answer,5,2024,,,,,,,,,,,,,,,,
Board,Class 12th,Hindi,Biology,Human Health and Disease,7,<p>Q. मलेरिया परजीवी के जीवन चक्र का आरेखीय निरूपण कीजिए।</p>,Diagram based Answer,2,2024,,,,,,,,,,,,,,,,
Board,Class 12th,Hindi,Biology,Human Health and Disease,7,<p>Q. एड्स रोग का वर्णन निम्न बिन्दुओं में कीजिए (i) एड्स का पूरा नाम (ii) एड्स के रोगजनक का नाम (iii) एड्स की रोकथाम के चार उपाय</p>,Multiple Choice Question,1,2024,,,,,,,,,,,,,,,,
Board,Class 12th,Hindi,Biology,Molecular Basis of Inheritance,5,<p>Q. पॉलिमरेज शृंखला अभिक्रिया का सचित्र वर्णन कीजिए।</p>,Multiple Choice Question,1,2024,,,,,,,,,,,,,,,,
Board,Class 12th,Hindi,Biology,Biotechnology: Principles and Processes,9,<p>Q. प्रतिबन्धन एन्जाइम का वर्णन निम्न बिन्दुओं के आधार पर कीजिए - (i) प्रतिबन्धन एन्जाइम की परिभाषा (ii) प्रथम प्रतिबन्धन एण्डोन्यूक्लिएज का नाम (iii) प्रतिबन्धन एन्जाइम द्वारा उत्पन्न विदलन के प्रकार</p>,Multiple Choice Question,1,2024,,,,,,,,,,,,,,,,
Board,Class 12th,Hindi,Biology,Ecosystem,12,<p>Q. प्राथमिक उपभोक्ता है (a) शाकाहारी (b) माँसाहारी (c) सर्वाहारी (d) रक्तभक्षी</p>,Multiple Choice Question,1,2025,,,,,,,,,,,,,,,,
Board,Class 12th,Hindi,Biology,Human Health and Disease,7,<p>Q. प्रथम प्रतिजैविक किस सूक्ष्म जीव द्वारा प्राप्त हुआ? (a) पेनिसिलियम (b) स्ट्रेप्टोकोकस (c) सालमोनेला टाइफीमूरियम (d) वाइब्रो कॉलेरी</p>,Multiple Choice Question,1,2025,,,,,,,,,,,,,,,,
Board,Class 12th,Hindi,Biology,Human Health and Disease,7,<p>Q. किशोर अवस्था की आयु अवधि कितनी होती है? (a) 0-11 वर्ष (b) 12-18 वर्ष (c) 19-45 वर्ष (d) 45-70 वर्ष</p>,Multiple Choice Question,1,2025,,,,,,,,,,,,,,,,
Board,Class 12th,Hindi,Biology,Molecular Basis of Inheritance,5,<p>Q. डीएनए में अनुलेखन इकाई के मुख्यतः कितने भाग होते हैं? (a) दो भाग (b) तीन भाग (c) चार भाग (d) पाँच भाग</p>,Multiple Choice Question,1,2025,,,,,,,,,,,,,,,,
Board,Class 12th,Hindi,Biology,Human Reproduction,2,<p>Q. अण्डोत्सर्ग की क्रिया को प्रेरित करने वाला हार्मोन है - (a) LH (b) TSH (c) ACTH (d) STH</p>,Multiple Choice Question,1,2025,,,,,,,,,,,,,,,,
Board,Class 12th,Hindi,Biology,Sexual Reproduction in Flowering Plants,1,<p>Q. बीजांड की काया बीजांड-वृंत के किस भाग से जुड़ी होती है? (a) बीजांड द्वार (b) नाभिका (c) अध्यावरण (d) निभाग</p>,Multiple Choice Question,1,2025,,,,,,,,,,,,,,,,
Board,Class 12th,Hindi,Biology,Sexual Reproduction in Flowering Plants,1,<p>Q. दो या दो से अधिक अवयवों का समांगी मिश्रण है - (a) विलयन (b) द्रव विलेय (c) द्रव विलायक (d) विलायक</p>,Multiple Choice Question,1,2025,,,,,,,,,,,,,,,,
Board,Class 12th,Hindi,Biology,Molecular Basis of Inheritance,5,<p>Q. कोशिकाओं के मध्य संदेश वाहूंक का कार्य करते हैं - (a) DNA (b) RNA (c) हार्मोन (d) एन्जाइम</p>,Multiple Choice Question,1,2025,,,,,,,,,,,,,,,,
Board,Class 12th,Hindi,Biology,Molecular Basis of Inheritance,5,"<p>Q. जब मनुष्य की आवश्यकता लालच में बदल जाती है, तब प्राकृतिक संपदा का _____ होता है।</p>",Fill in the Blanks,1,2025,,,,,,,,,,,,,,,,
Board,Class 12th,Hindi,Biology,Molecular Basis of Inheritance,5,"<p>Q. यदि कोई प्रोटीन कूटलेखन (इनकोडिंग) जीन, किसी विषमजात परपोषी में अभिव्यक्त होता है इसे _____ कहते हैं।</p>",Fill in the Blanks,1,2025,,,,,,,,,,,,,,,,
Board,Class 12th,Hindi,Biology,Molecular Basis of Inheritance,5,<p>Q. डीएनए एक _____ आवेशित अणु है।</p>,Fill in the Blanks,1,2025,,,,,,,,,,,,,,,,
Board,Class 12th,Hindi,Biology,Microbes in Human Welfare,8,<p>Q. साइक्लोस्पोरिन-A का उत्पादन _____ नामक कवक से किया जाता है।</p>,Fill in the Blanks,1,2025,,,,,,,,,,,,,,,,
Board,Class 12th,Hindi,Biology,Evolution,6,<p>Q. अपरास्तनी भेड़िया तथा तस्मानिया वुल्फ _____ के समान दिखते हैं।</p>,Fill in the Blanks,1,2025,,,,,,,,,,,,,,,,
Board,Class 12th,Hindi,Biology,Human Health and Disease,7,"<p>Q. शारीरिक, भावनात्मक, व्यावहारिक तथा सामाजिक रूप से अच्छा होने से तात्पर्य _____ है।</p>",Fill in the Blanks,1,2025,,,,,,,,,,,,,,,,
Board,Class 12th,Hindi,Biology,Human Reproduction,2,<p>Q. कार्पस ल्यूटियम वृष्ण में पाया जाता है।</p>,True False,1,2025,,,,,,,,,,,,,,,,
Board,Class 12th,Hindi,Biology,Molecular Basis of Inheritance,5,<p>Q. न्यूक्लिक अम्ल न्यूक्लियोटाइड्स का एक लंबा बहुलक है।</p>,True False,1,2025,,,,,,,,,,,,,,,,
Board,Class 12th,Hindi,Biology,Human Health and Disease,7,<p>Q. सी सूक्ष्मजीव रोगजनकीय नहीं होते हैं।</p>,True False,1,2025,,,,,,,,,,,,,,,,
Board,Class 12th,Hindi,Biology,Biotechnology and Its Applications,10,<p>Q. एडीए (ADA) की कमी का उपचार लसिकाणु के प्रत्यारोपण से होता है।</p>,True False,1,2025,,,,,,,,,,,,,,,,
Board,Class 12th,Hindi,Biology,Human Health and Disease,7,<p>Q. मानव में मलेरिया रोग प्लाज्मोडियम के कारण होता है।</p>,True False,1,2025,,,,,,,,,,,,,,,,
Board,Class 12th,Hindi,Biology,Organisms and Populations,11,<p>Q. कवक और साइनोबैक्टीरिया के बीच घनिष्ठ परजीविता का उदाहरण लाइकेन है।</p>,True False,1,2025,,,,,,,,,,,,,,,,
Board,Class 12th,Hindi,Biology,Sexual Reproduction in Flowering Plants,1,<p>Q. पुष्प का कौन-सा भाग फल की रचना करता है?</p>,Very Short Answer,2,2025,,,,,,,,,,,,,,,,
Board,Class 12th,Hindi,Biology,Human Health and Disease,7,<p>Q. खीस (कोलोस्ट्रम) किसे कहते हैं ?</p>,Short Answer,3,2025,,,,,,,,,,,,,,,,
Board,Class 12th,Hindi,Biology,Biotechnology: Principles and Processes,9,<p>Q. कोई एक मेंडेलियन विकार लिखिए।</p>,Very Short Answer,2,2025,,,,,,,,,,,,,,,,
Board,Class 12th,Hindi,Biology,Biotechnology: Principles and Processes,9,<p>Q. प्रतिबंधन एंजाइम क्या है ?</p>,Short Answer,3,2025,,,,,,,,,,,,,,,,
Board,Class 12th,Hindi,Biology,Biodiversity and Conservation,13,<p>Q. संसार में कुल कितने जैव विविधता हॉट स्पॉट हैं ?</p>,Very Short Answer,2,2025,,,,,,,,,,,,,,,,
Board,Class 12th,Hindi,Biology,Sexual Reproduction in Flowering Plants,1,<p>Q. एक परागकोष के कोई दो भाग लिखिए।</p>,Very Short Answer,2,2025,,,,,,,,,,,,,,,,
Board,Class 12th,Hindi,Biology,Human Reproduction,2,<p>Q. एक परिपक्व अण्डाणु के कोई दो भाग लिखिए।</p>,Very Short Answer,2,2025,,,,,,,,,,,,,,,,
Board,Class 12th,Hindi,Biology,Principles of Inheritance and Variation,4,<p>Q. एक संकर क्रास तथा द्वि संकर क्रास की परिभाषा लिखिए।</p>,Short Answer,3,2025,,,,,,,,,,,,,,,,
Board,Class 12th,Hindi,Biology,Principles of Inheritance and Variation,4,<p>Q. प्रभावी जीन तथा अप्रभावी जीन की परिभाषा लिखिए।</p>,Short Answer,3,2025,,,,,,,,,,,,,,,,
Board,Class 12th,Hindi,Biology,Molecular Basis of Inheritance,5,<p>Q. डी.एन.ए. की परिभाषा लिखिए।</p>,Short Answer,3,2025,,,,,,,,,,,,,,,,
Board,Class 12th,Hindi,Biology,Molecular Basis of Inheritance,5,<p>Q. आर.एन.ए. की परिभाषा लिखिए।</p>,Short Answer,3,2025,,,,,,,,,,,,,,,,
Board,Class 12th,Hindi,Biology,Human Health and Disease,7,<p>Q. निम्नलिखित रोगों के रोगजनक के नाम लिखिए : (1) टाइफाइड (2) न्यूमोनिया</p>,Very Short Answer,2,2025,,,,,,,,,,,,,,,,
Board,Class 12th,Hindi,Biology,Human Health and Disease,7,<p>Q. एक कवक प्रजाति का नाम लिखिए जिसका प्रयोग प्रतिजैविक के उत्पादन में किया जाता है। इसकी खोज किसने की ?</p>,Very Short Answer,2,2025,,,,,,,,,,,,,,,,
Board,Class 12th,Hindi,Biology,Biotechnology and Its Applications,10,<p>Q. ऊतक संवर्धन के दो लाभ लिखिए।</p>,Short Answer,3,2025,,,,,,,,,,,,,,,,
Board,Class 12th,Hindi,Biology,Ecosystem,12,<p>Q. पारिस्थितिक तंत्र के दो घटक के नाम लिखिए।</p>,Short Answer,3,2025,,,,,,,,,,,,,,,,
Board,Class 12th,Hindi,Biology,Biotechnology and Its Applications,10,<p>Q. आनुवंशिक रूपान्तरित जीव (GMO) के दो लाभ लिखिए।</p>,Short Answer,3,2025,,,,,,,,,,,,,,,,
Board,Class 12th,Hindi,Biology,Organisms and Populations,11,<p>Q. सहभोजिता को एक उदाहरण द्वारा समझाइए।</p>,Short Answer,3,2025,,,,,,,,,,,,,,,,
Board,Class 12th,Hindi,Biology,Ecosystem,12,<p>Q. एक पारिस्थितिक तंत्र के पोषण स्तर का केवल आरेख बनाइए।</p>,Diagram based Answer,2,2025,,,,,,,,,,,,,,,,
Board,Class 12th,Hindi,Biology,Biodiversity and Conservation,13,<p>Q. बाह्यस्थाने संरक्षण एक उदाहरण सहित समझाइये।</p>,Short Answer,3,2025,,,,,,,,,,,,,,,,
Board,Class 12th,Hindi,Biology,Principles of Inheritance and Variation,4,<p>Q. निम्नलिखित की परिभाषा लिखिए : (1) विषमयुग्मजी (2) सहलग्नता (3) परीक्षार्थ संकरण</p>,Multiple Choice Question,1,2025,,,,,,,,,,,,,,,,
Board,Class 12th,Hindi,Biology,Principles of Inheritance and Variation,4,<p>Q. वंशावली विश्लेषण किसे कहते हैं? मानव वंशावली विश्लेषण में प्रयुक्त मानव प्रतिकों का रेखाचित्र बनाइयें।</p>,Diagram based Answer,2,2025,,,,,,,,,,,,,,,,
Board,Class 12th,Hindi,Biology,Human Health and Disease,7,<p>Q. प्रतिरक्षी अणु का नामांकित चित्र बनाइए।</p>,Diagram based Answer,2,2025,,,,,,,,,,,,,,,,
Board,Class 12th,Hindi,Biology,Human Health and Disease,7,<p>Q. निम्नलिखित पौधे से प्राप्त ड्रग का नाम एवं शरीर पर होने वाले एक-एक कुप्रभाव को लिखिए : (1) पैपेवर सोम्नीफेरम (2) कैनिबस सटाइवा (3) एरिथ्रोजाइलम कोका</p>,Multiple Choice Question,1,2025,,,,,,,,,,,,,,,,
Board,Class 12th,Hindi,Biology,Ecosystem,12,<p>Q. एक पारिस्थितिक तंत्र में ऊर्जा का आदर्श पिरामिड बनाइए।</p>,One Word Answer,1,2025,,,,,,,,,,,,,,,,
Board,Class 12th,Hindi,Biology,Biodiversity and Conservation,13,<p>Q. पवित्र उपवन क्या है ? उनकी संरक्षण में क्या भूमिका है ?</p>,Diagram based Answer,2,2025,,,,,,,,,,,,,,,,
Board,Class 12th,Hindi,Biology,Human Reproduction,2,<p>Q. अंडजनन तथा शुक्राणुजनन में अंतर लिखिए। (कोई चार)</p>,Long Answer,5,2025,,,,,,,,,,,,,,,,
Board,Class 12th,Hindi,Biology,Human Reproduction,2,<p>Q. शुक्रजनक नलिकाओं (वर्धित) की आरेखीय काट के दृश्य का नामांकित चित्र बनाइए।</p>,Diagram based Answer,2,2025,,,,,,,,,,,,,,,,
Board,Class 12th,Hindi,Biology,Principles of Inheritance and Variation,4,<p>Q. मेंडल के स्वतंत्र अपव्यूहन के नियम को चेकर बोर्ड की मदद से समझाइए।</p>,Diagram based Answer,2,2025,,,,,,,,,,,,,,,,
Board,Class 12th,Hindi,Biology,Molecular Basis of Inheritance,5,<p>Q. बैक्टीरिया में अनुलेखन प्रक्रिया को नामांकित रेखाचित्र की सहायता से समझाइए।</p>,Diagram based Answer,2,2025,,,,,,,,,,,,,,,,
Board,Class 12th,Hindi,Biology,Human Health and Disease,7,<p>Q. निम्नलिखित पर टिप्पणी लिखिए : (i) टीकाकरण (ii) एलर्जी</p>,Long Answer,5,2025,,,,,,,,,,,,,,,,
Board,Class 12th,Hindi,Biology,Human Health and Disease,7,<p>Q. कैंसर रोग का वर्णन निम्नलिखित बिन्दुओं के आधार पर कीजिए : (i) अर्बुद (ii) अभिज्ञान (iii) कारण (iv) उपचार</p>,Long Answer,5,2025,,,,,,,,,,,,,,,,
Board,Class 12th,Hindi,Biology,Biotechnology: Principles and Processes,9,<p>Q. पुनर्योगज DNA तकनीक को उपयुक्त चित्र सहित समझाइए।</p>,Long Answer,5,2025,,,,,,,,,,,,,,,,
Board,Class 12th,Hindi,Biology,Biotechnology and Its Applications,10,<p>Q. चिकित्सा में जैव प्रौद्योगिकी के चार उपयोग लिखिए।</p>,Long Answer,5,2025,,,,,,,,,,,,,,,,
,,,,,,,,,,,,,,,,,,,,,,,,,
,,,,,,,,,,,,,,,,,,,,,,,,,
,,,,,,,,,,,,,,,,,,,,,,,,,
,,,,,,,,,,,,,,,,,,,,,,,,,
,,,,,,,,,,,,,,,,,,,,,,,,,
,,,,,,,,,,,,,,,,,,,,,,,,,
,,,,,,,,,,,,,,,,,,,,,,,,,
,,,,,,,,,,,,,,,,,,,,,,,,,
,,,,,,,,,,,,,,,,,,,,,,,,,
,,,,,,,,,,,,,,,,,,,,,,,,,
,,,,,,,,,,,,,,,,,,,,,,,,,
,,,,,,,,,,,,,,,,,,,,,,,,,
,,,,,,,,,,,,,,,,,,,,,,,,,
,,,,,,,,,,,,,,,,,,,,,,,,,
,,,,,,,,,,,,,,,,,,,,,,,,,
,,,,,,,,,,,,,,,,,,,,,,,,,
,,,,,,,,,,,,,,,,,,,,,,,,,
,,,,,,,,,,,,,,,,,,,,,,,,,
,,,,,,,,,,,,,,,,,,,,,,,,,
,,,,,,,,,,,,,,,,,,,,,,,,,
,,,,,,,,,,,,,,,,,,,,,,,,,
,,,,,,,,,,,,,,,,,,,,,,,,,
,,,,,,,,,,,,,,,,,,,,,,,,,
,,,,,,,,,,,,,,,,,,,,,,,,,
,,,,,,,,,,,,,,,,,,,,,,,,,
,,,,,,,,,,,,,,,,,,,,,,,,,
,,,,,,,,,,,,,,,,,,,,,,,,,
,,,,,,,,,,,,,,,,,,,,,,,,,
,,,,,,,,,,,,,,,,,,,,,,,,,
,,,,,,,,,,,,,,,,,,,,,,,,,
,,,,,,,,,,,,,,,,,,,,,,,,,
,,,,,,,,,,,,,,,,,,,,,,,,,
,,,,,,,,,,,,,,,,,,,,,,,,,
,,,,,,,,,,,,,,,,,,,,,,,,,
,,,,,,,,,,,,,,,,,,,,,,,,,
,,,,,,,,,,,,,,,,,,,,,,,,,
,,,,,,,,,,,,,,,,,,,,,,,,,
,,,,,,,,,,,,,,,,,,,,,,,,,
,,,,,,,,,,,,,,,,,,,,,,,,,
,,,,,,,,,,,,,,,,,,,,,,,,,
,,,,,,,,,,,,,,,,,,,,,,,,,
,,,,,,,,,,,,,,,,,,,,,,,,,
,,,,,,,,,,,,,,,,,,,,,,,,,
,,,,,,,,,,,,,,,,,,,,,,,,,
,,,,,,,,,,,,,,,,,,,,,,,,,
,,,,,,,,,,,,,,,,,,,,,,,,,
,,,,,,,,,,,,,,,,,,,,,,,,,
,,,,,,,,,,,,,,,,,,,,,,,,,
,,,,,,,,,,,,,,,,,,,,,,,,,
,,,,,,,,,,,,,,,,,,,,,,,,,
,,,,,,,,,,,,,,,,,,,,,,,,,
,,,,,,,,,,,,,,,,,,,,,,,,,
,,,,,,,,,,,,,,,,,,,,,,,,,
,,,,,,,,,,,,,,,,,,,,,,,,,
,,,,,,,,,,,,,,,,,,,,,,,,,
,,,,,,,,,,,,,,,,,,,,,,,,,
,,,,,,,,,,,,,,,,,,,,,,,,,
,,,,,,,,,,,,,,,,,,,,,,,,,
,,,,,,,,,,,,,,,,,,,,,,,,,
,,,,,,,,,,,,,,,,,,,,,,,,,
,,,,,,,,,,,,,,,,,,,,,,,,,
,,,,,,,,,,,,,,,,,,,,,,,,,
,,,,,,,,,,,,,,,,,,,,,,,,,
,,,,,,,,,,,,,,,,,,,,,,,,,
,,,,,,,,,,,,,,,,,,,,,,,,,
,,,,,,,,,,,,,,,,,,,,,,,,,
,,,,,,,,,,,,,,,,,,,,,,,,,
,,,,,,,,,,,,,,,,,,,,,,,,,
,,,,,,,,,,,,,,,,,,,,,,,,,
,,,,,,,,,,,,,,,,,,,,,,,,,
,,,,,,,,,,,,,,,,,,,,,,,,,
,,,,,,,,,,,,,,,,,,,,,,,,,
,,,,,,,,,,,,,,,,,,,,,,,,,
,,,,,,,,,,,,,,,,,,,,,,,,,
,,,,,,,,,,,,,,,,,,,,,,,,,
,,,,,,,,,,,,,,,,,,,,,,,,,
,,,,,,,,,,,,,,,,,,,,,,,,,
,,,,,,,,,,,,,,,,,,,,,,,,,
,,,,,,,,,,,,,,,,,,,,,,,,,
,,,,,,,,,,,,,,,,,,,,,,,,,
,,,,,,,,,,,,,,,,,,,,,,,,,
,,,,,,,,,,,,,,,,,,,,,,,,,
,,,,,,,,,,,,,,,,,,,,,,,,,
,,,,,,,,,,,,,,,,,,,,,,,,,
,,,,,,,,,,,,,,,,,,,,,,,,,
,,,,,,,,,,,,,,,,,,,,,,,,,
,,,,,,,,,,,,,,,,,,,,,,,,,
,,,,,,,,,,,,,,,,,,,,,,,,,
,,,,,,,,,,,,,,,,,,,,,,,,,
,,,,,,,,,,,,,,,,,,,,,,,,,
,,,,,,,,,,,,,,,,,,,,,,,,,
,,,,,,,,,,,,,,,,,,,,,,,,,
,,,,,,,,,,,,,,,,,,,,,,,,,
,,,,,,,,,,,,,,,,,,,,,,,,,
,,,,,,,,,,,,,,,,,,,,,,,,,
,,,,,,,,,,,,,,,,,,,,,,,,,
,,,,,,,,,,,,,,,,,,,,,,,,,
,,,,,,,,,,,,,,,,,,,,,,,,,
,,,,,,,,,,,,,,,,,,,,,,,,,
,,,,,,,,,,,,,,,,,,,,,,,,,
,,,,,,,,,,,,,,,,,,,,,,,,,
,,,,,,,,,,,,,,,,,,,,,,,,,
,,,,,,,,,,,,,,,,,,,,,,,,,
,,,,,,,,,,,,,,,,,,,,,,,,,
,,,,,,,,,,,,,,,,,,,,,,,,,
,,,,,,,,,,,,,,,,,,,,,,,,,
,,,,,,,,,,,,,,,,,,,,,,,,,
,,,,,,,,,,,,,,,,,,,,,,,,,
,,,,,,,,,,,,,,,,,,,,,,,,,
,,,,,,,,,,,,,,,,,,,,,,,,,
,,,,,,,,,,,,,,,,,,,,,,,,,
,,,,,,,,,,,,,,,,,,,,,,,,,
,,,,,,,,,,,,,,,,,,,,,,,,,
,,,,,,,,,,,,,,,,,,,,,,,,,
,,,,,,,,,,,,,,,,,,,,,,,,,
,,,,,,,,,,,,,,,,,,,,,,,,,
,,,,,,,,,,,,,,,,,,,,,,,,,
,,,,,,,,,,,,,,,,,,,,,,,,,
,,,,,,,,,,,,,,,,,,,,,,,,,
,,,,,,,,,,,,,,,,,,,,,,,,,
,,,,,,,,,,,,,,,,,,,,,,,,,
,,,,,,,,,,,,,,,,,,,,,,,,,
,,,,,,,,,,,,,,,,,,,,,,,,,
,,,,,,,,,,,,,,,,,,,,,,,,,
,,,,,,,,,,,,,,,,,,,,,,,,,
,,,,,,,,,,,,,,,,,,,,,,,,,
,,,,,,,,,,,,,,,,,,,,,,,,,
,,,,,,,,,,,,,,,,,,,,,,,,,
,,,,,,,,,,,,,,,,,,,,,,,,,
,,,,,,,,,,,,,,,,,,,,,,,,,
,,,,,,,,,,,,,,,,,,,,,,,,,
,,,,,,,,,,,,,,,,,,,,,,,,,
,,,,,,,,,,,,,,,,,,,,,,,,,
,,,,,,,,,,,,,,,,,,,,,,,,,
,,,,,,,,,,,,,,,,,,,,,,,,,
,,,,,,,,,,,,,,,,,,,,,,,,,
,,,,,,,,,,,,,,,,,,,,,,,,,
,,,,,,,,,,,,,,,,,,,,,,,,,
,,,,,,,,,,,,,,,,,,,,,,,,,
,,,,,,,,,,,,,,,,,,,,,,,,,
,,,,,,,,,,,,,,,,,,,,,,,,,
,,,,,,,,,,,,,,,,,,,,,,,,,
,,,,,,,,,,,,,,,,,,,,,,,,,
,,,,,,,,,,,,,,,,,,,,,,,,,
,,,,,,,,,,,,,,,,,,,,,,,,,
,,,,,,,,,,,,,,,,,,,,,,,,,
,,,,,,,,,,,,,,,,,,,,,,,,,
,,,,,,,,,,,,,,,,,,,,,,,,,
,,,,,,,,,,,,,,,,,,,,,,,,,
,,,,,,,,,,,,,,,,,,,,,,,,,
,,,,,,,,,,,,,,,,,,,,,,,,,
,,,,,,,,,,,,,,,,,,,,,,,,,
,,,,,,,,,,,,,,,,,,,,,,,,,
,,,,,,,,,,,,,,,,,,,,,,,,,
,,,,,,,,,,,,,,,,,,,,,,,,,
,,,,,,,,,,,,,,,,,,,,,,,,,
,,,,,,,,,,,,,,,,,,,,,,,,,
,,,,,,,,,,,,,,,,,,,,,,,,,
,,,,,,,,,,,,,,,,,,,,,,,,,
,,,,,,,,,,,,,,,,,,,,,,,,,
,,,,,,,,,,,,,,,,,,,,,,,,,
,,,,,,,,,,,,,,,,,,,,,,,,,
,,,,,,,,,,,,,,,,,,,,,,,,,
,,,,,,,,,,,,,,,,,,,,,,,,,
,,,,,,,,,,,,,,,,,,,,,,,,,
,,,,,,,,,,,,,,,,,,,,,,,,,
,,,,,,,,,,,,,,,,,,,,,,,,,
,,,,,,,,,,,,,,,,,,,,,,,,,
,,,,,,,,,,,,,,,,,,,,,,,,,
,,,,,,,,,,,,,,,,,,,,,,,,,
,,,,,,,,,,,,,,,,,,,,,,,,,
,,,,,,,,,,,,,,,,,,,,,,,,,
,,,,,,,,,,,,,,,,,,,,,,,,,
,,,,,,,,,,,,,,,,,,,,,,,,,
,,,,,,,,,,,,,,,,,,,,,,,,,
,,,,,,,,,,,,,,,,,,,,,,,,,
,,,,,,,,,,,,,,,,,,,,,,,,,
,,,,,,,,,,,,,,,,,,,,,,,,,
,,,,,,,,,,,,,,,,,,,,,,,,,
,,,,,,,,,,,,,,,,,,,,,,,,,
,,,,,,,,,,,,,,,,,,,,,,,,,
,,,,,,,,,,,,,,,,,,,,,,,,,
,,,,,,,,,,,,,,,,,,,,,,,,,
,,,,,,,,,,,,,,,,,,,,,,,,,
,,,,,,,,,,,,,,,,,,,,,,,,,
,,,,,,,,,,,,,,,,,,,,,,,,,
,,,,,,,,,,,,,,,,,,,,,,,,,
,,,,,,,,,,,,,,,,,,,,,,,,,
,,,,,,,,,,,,,,,,,,,,,,,,,
,,,,,,,,,,,,,,,,,,,,,,,,,
,,,,,,,,,,,,,,,,,,,,,,,,,
,,,,,,,,,,,,,,,,,,,,,,,,,
,,,,,,,,,,,,,,,,,,,,,,,,,
,,,,,,,,,,,,,,,,,,,,,,,,,
,,,,,,,,,,,,,,,,,,,,,,,,,
,,,,,,,,,,,,,,,,,,,,,,,,,
,,,,,,,,,,,,,,,,,,,,,,,,,
,,,,,,,,,,,,,,,,,,,,,,,,,
,,,,,,,,,,,,,,,,,,,,,,,,,
,,,,,,,,,,,,,,,,,,,,,,,,,
,,,,,,,,,,,,,,,,,,,,,,,,,
,,,,,,,,,,,,,,,,,,,,,,,,,
,,,,,,,,,,,,,,,,,,,,,,,,,
,,,,,,,,,,,,,,,,,,,,,,,,,
,,,,,,,,,,,,,,,,,,,,,,,,,
,,,,,,,,,,,,,,,,,,,,,,,,,
,,,,,,,,,,,,,,,,,,,,,,,,,
,,,,,,,,,,,,,,,,,,,,,,,,,
,,,,,,,,,,,,,,,,,,,,,,,,,
,,,,,,,,,,,,,,,,,,,,,,,,,
,,,,,,,,,,,,,,,,,,,,,,,,,
,,,,,,,,,,,,,,,,,,,,,,,,,
,,,,,,,,,,,,,,,,,,,,,,,,,
,,,,,,,,,,,,,,,,,,,,,,,,,
,,,,,,,,,,,,,,,,,,,,,,,,,
,,,,,,,,,,,,,,,,,,,,,,,,,
,,,,,,,,,,,,,,,,,,,,,,,,,
,,,,,,,,,,,,,,,,,,,,,,,,,
,,,,,,,,,,,,,,,,,,,,,,,,,
,,,,,,,,,,,,,,,,,,,,,,,,,
,,,,,,,,,,,,,,,,,,,,,,,,,
,,,,,,,,,,,,,,,,,,,,,,,,,
,,,,,,,,,,,,,,,,,,,,,,,,,
,,,,,,,,,,,,,,,,,,,,,,,,,
,,,,,,,,,,,,,,,,,,,,,,,,,
,,,,,,,,,,,,,,,,,,,,,,,,,
,,,,,,,,,,,,,,,,,,,,,,,,,
,,,,,,,,,,,,,,,,,,,,,,,,,
,,,,,,,,,,,,,,,,,,,,,,,,,
,,,,,,,,,,,,,,,,,,,,,,,,,
,,,,,,,,,,,,,,,,,,,,,,,,,
,,,,,,,,,,,,,,,,,,,,,,,,,
,,,,,,,,,,,,,,,,,,,,,,,,,
,,,,,,,,,,,,,,,,,,,,,,,,,
,,,,,,,,,,,,,,,,,,,,,,,,,
,,,,,,,,,,,,,,,,,,,,,,,,,
,,,,,,,,,,,,,,,,,,,,,,,,,
,,,,,,,,,,,,,,,,,,,,,,,,,
,,,,,,,,,,,,,,,,,,,,,,,,,
,,,,,,,,,,,,,,,,,,,,,,,,,
,,,,,,,,,,,,,,,,,,,,,,,,,
,,,,,,,,,,,,,,,,,,,,,,,,,
,,,,,,,,,,,,,,,,,,,,,,,,,
,,,,,,,,,,,,,,,,,,,,,,,,,
,,,,,,,,,,,,,,,,,,,,,,,,,
,,,,,,,,,,,,,,,,,,,,,,,,,
,,,,,,,,,,,,,,,,,,,,,,,,,
,,,,,,,,,,,,,,,,,,,,,,,,,
,,,,,,,,,,,,,,,,,,,,,,,,,
,,,,,,,,,,,,,,,,,,,,,,,,,
,,,,,,,,,,,,,,,,,,,,,,,,,
,,,,,,,,,,,,,,,,,,,,,,,,,
,,,,,,,,,,,,,,,,,,,,,,,,,
,,,,,,,,,,,,,,,,,,,,,,,,,
,,,,,,,,,,,,,,,,,,,,,,,,,
,,,,,,,,,,,,,,,,,,,,,,,,,
,,,,,,,,,,,,,,,,,,,,,,,,,
,,,,,,,,,,,,,,,,,,,,,,,,,
,,,,,,,,,,,,,,,,,,,,,,,,,
,,,,,,,,,,,,,,,,,,,,,,,,,
,,,,,,,,,,,,,,,,,,,,,,,,,
,,,,,,,,,,,,,,,,,,,,,,,,,
,,,,,,,,,,,,,,,,,,,,,,,,,
,,,,,,,,,,,,,,,,,,,,,,,,,
,,,,,,,,,,,,,,,,,,,,,,,,,
,,,,,,,,,,,,,,,,,,,,,,,,,
,,,,,,,,,,,,,,,,,,,,,,,,,
,,,,,,,,,,,,,,,,,,,,,,,,,
,,,,,,,,,,,,,,,,,,,,,,,,,
,,,,,,,,,,,,,,,,,,,,,,,,,
,,,,,,,,,,,,,,,,,,,,,,,,,
,,,,,,,,,,,,,,,,,,,,,,,,,
,,,,,,,,,,,,,,,,,,,,,,,,,
,,,,,,,,,,,,,,,,,,,,,,,,,
,,,,,,,,,,,,,,,,,,,,,,,,,
,,,,,,,,,,,,,,,,,,,,,,,,,
,,,,,,,,,,,,,,,,,,,,,,,,,
,,,,,,,,,,,,,,,,,,,,,,,,,
,,,,,,,,,,,,,,,,,,,,,,,,,
,,,,,,,,,,,,,,,,,,,,,,,,,
,,,,,,,,,,,,,,,,,,,,,,,,,
,,,,,,,,,,,,,,,,,,,,,,,,,
,,,,,,,,,,,,,,,,,,,,,,,,,
,,,,,,,,,,,,,,,,,,,,,,,,,
,,,,,,,,,,,,,,,,,,,,,,,,,
,,,,,,,,,,,,,,,,,,,,,,,,,
,,,,,,,,,,,,,,,,,,,,,,,,,
,,,,,,,,,,,,,,,,,,,,,,,,,
,,,,,,,,,,,,,,,,,,,,,,,,,
,,,,,,,,,,,,,,,,,,,,,,,,,
,,,,,,,,,,,,,,,,,,,,,,,,,
,,,,,,,,,,,,,,,,,,,,,,,,,
,,,,,,,,,,,,,,,,,,,,,,,,,
,,,,,,,,,,,,,,,,,,,,,,,,,
,,,,,,,,,,,,,,,,,,,,,,,,,
,,,,,,,,,,,,,,,,,,,,,,,,,
,,,,,,,,,,,,,,,,,,,,,,,,,
,,,,,,,,,,,,,,,,,,,,,,,,,
,,,,,,,,,,,,,,,,,,,,,,,,,
,,,,,,,,,,,,,,,,,,,,,,,,,
,,,,,,,,,,,,,,,,,,,,,,,,,
,,,,,,,,,,,,,,,,,,,,,,,,,
,,,,,,,,,,,,,,,,,,,,,,,,,
,,,,,,,,,,,,,,,,,,,,,,,,,
,,,,,,,,,,,,,,,,,,,,,,,,,
,,,,,,,,,,,,,,,,,,,,,,,,,
,,,,,,,,,,,,,,,,,,,,,,,,,
,,,,,,,,,,,,,,,,,,,,,,,,,
,,,,,,,,,,,,,,,,,,,,,,,,,
,,,,,,,,,,,,,,,,,,,,,,,,,
,,,,,,,,,,,,,,,,,,,,,,,,,
,,,,,,,,,,,,,,,,,,,,,,,,,
,,,,,,,,,,,,,,,,,,,,,,,,,
,,,,,,,,,,,,,,,,,,,,,,,,,
,,,,,,,,,,,,,,,,,,,,,,,,,
,,,,,,,,,,,,,,,,,,,,,,,,,
,,,,,,,,,,,,,,,,,,,,,,,,,
,,,,,,,,,,,,,,,,,,,,,,,,,
,,,,,,,,,,,,,,,,,,,,,,,,,
,,,,,,,,,,,,,,,,,,,,,,,,,
,,,,,,,,,,,,,,,,,,,,,,,,,
,,,,,,,,,,,,,,,,,,,,,,,,,
,,,,,,,,,,,,,,,,,,,,,,,,,
,,,,,,,,,,,,,,,,,,,,,,,,,
,,,,,,,,,,,,,,,,,,,,,,,,,
,,,,,,,,,,,,,,,,,,,,,,,,,
,,,,,,,,,,,,,,,,,,,,,,,,,
,,,,,,,,,,,,,,,,,,,,,,,,,
,,,,,,,,,,,,,,,,,,,,,,,,,
,,,,,,,,,,,,,,,,,,,,,,,,,
,,,,,,,,,,,,,,,,,,,,,,,,,
,,,,,,,,,,,,,,,,,,,,,,,,,
,,,,,,,,,,,,,,,,,,,,,,,,,
,,,,,,,,,,,,,,,,,,,,,,,,,
,,,,,,,,,,,,,,,,,,,,,,,,,
,,,,,,,,,,,,,,,,,,,,,,,,,
,,,,,,,,,,,,,,,,,,,,,,,,,
,,,,,,,,,,,,,,,,,,,,,,,,,
,,,,,,,,,,,,,,,,,,,,,,,,,
,,,,,,,,,,,,,,,,,,,,,,,,,
,,,,,,,,,,,,,,,,,,,,,,,,,
,,,,,,,,,,,,,,,,,,,,,,,,,
,,,,,,,,,,,,,,,,,,,,,,,,,
,,,,,,,,,,,,,,,,,,,,,,,,,
,,,,,,,,,,,,,,,,,,,,,,,,,
,,,,,,,,,,,,,,,,,,,,,,,,,
,,,,,,,,,,,,,,,,,,,,,,,,,
,,,,,,,,,,,,,,,,,,,,,,,,,
,,,,,,,,,,,,,,,,,,,,,,,,,
,,,,,,,,,,,,,,,,,,,,,,,,,
,,,,,,,,,,,,,,,,,,,,,,,,,
,,,,,,,,,,,,,,,,,,,,,,,,,
,,,,,,,,,,,,,,,,,,,,,,,,,
,,,,,,,,,,,,,,,,,,,,,,,,,
,,,,,,,,,,,,,,,,,,,,,,,,,
,,,,,,,,,,,,,,,,,,,,,,,,,
,,,,,,,,,,,,,,,,,,,,,,,,,
,,,,,,,,,,,,,,,,,,,,,,,,,
,,,,,,,,,,,,,,,,,,,,,,,,,
,,,,,,,,,,,,,,,,,,,,,,,,,
,,,,,,,,,,,,,,,,,,,,,,,,,
,,,,,,,,,,,,,,,,,,,,,,,,,
,,,,,,,,,,,,,,,,,,,,,,,,,
,,,,,,,,,,,,,,,,,,,,,,,,,
,,,,,,,,,,,,,,,,,,,,,,,,,
,,,,,,,,,,,,,,,,,,,,,,,,,
,,,,,,,,,,,,,,,,,,,,,,,,,
,,,,,,,,,,,,,,,,,,,,,,,,,
,,,,,,,,,,,,,,,,,,,,,,,,,
,,,,,,,,,,,,,,,,,,,,,,,,,
,,,,,,,,,,,,,,,,,,,,,,,,,
,,,,,,,,,,,,,,,,,,,,,,,,,
,,,,,,,,,,,,,,,,,,,,,,,,,
,,,,,,,,,,,,,,,,,,,,,,,,,
,,,,,,,,,,,,,,,,,,,,,,,,,
,,,,,,,,,,,,,,,,,,,,,,,,,
,,,,,,,,,,,,,,,,,,,,,,,,,
,,,,,,,,,,,,,,,,,,,,,,,,,
,,,,,,,,,,,,,,,,,,,,,,,,,
,,,,,,,,,,,,,,,,,,,,,,,,,
,,,,,,,,,,,,,,,,,,,,,,,,,
,,,,,,,,,,,,,,,,,,,,,,,,,
,,,,,,,,,,,,,,,,,,,,,,,,,
,,,,,,,,,,,,,,,,,,,,,,,,,
,,,,,,,,,,,,,,,,,,,,,,,,,
,,,,,,,,,,,,,,,,,,,,,,,,,
,,,,,,,,,,,,,,,,,,,,,,,,,
,,,,,,,,,,,,,,,,,,,,,,,,,
,,,,,,,,,,,,,,,,,,,,,,,,,
,,,,,,,,,,,,,,,,,,,,,,,,,
,,,,,,,,,,,,,,,,,,,,,,,,,
,,,,,,,,,,,,,,,,,,,,,,,,,
,,,,,,,,,,,,,,,,,,,,,,,,,
,,,,,,,,,,,,,,,,,,,,,,,,,
,,,,,,,,,,,,,,,,,,,,,,,,,
,,,,,,,,,,,,,,,,,,,,,,,,,
,,,,,,,,,,,,,,,,,,,,,,,,,
,,,,,,,,,,,,,,,,,,,,,,,,,
,,,,,,,,,,,,,,,,,,,,,,,,,
,,,,,,,,,,,,,,,,,,,,,,,,,
,,,,,,,,,,,,,,,,,,,,,,,,,
,,,,,,,,,,,,,,,,,,,,,,,,,
,,,,,,,,,,,,,,,,,,,,,,,,,
,,,,,,,,,,,,,,,,,,,,,,,,,
,,,,,,,,,,,,,,,,,,,,,,,,,
,,,,,,,,,,,,,,,,,,,,,,,,,
,,,,,,,,,,,,,,,,,,,,,,,,,
,,,,,,,,,,,,,,,,,,,,,,,,,
,,,,,,,,,,,,,,,,,,,,,,,,,
,,,,,,,,,,,,,,,,,,,,,,,,,
,,,,,,,,,,,,,,,,,,,,,,,,,
,,,,,,,,,,,,,,,,,,,,,,,,,
,,,,,,,,,,,,,,,,,,,,,,,,,
,,,,,,,,,,,,,,,,,,,,,,,,,
,,,,,,,,,,,,,,,,,,,,,,,,,
,,,,,,,,,,,,,,,,,,,,,,,,,
,,,,,,,,,,,,,,,,,,,,,,,,,
,,,,,,,,,,,,,,,,,,,,,,,,,
,,,,,,,,,,,,,,,,,,,,,,,,,
,,,,,,,,,,,,,,,,,,,,,,,,,
,,,,,,,,,,,,,,,,,,,,,,,,,
,,,,,,,,,,,,,,,,,,,,,,,,,
,,,,,,,,,,,,,,,,,,,,,,,,,
,,,,,,,,,,,,,,,,,,,,,,,,,
,,,,,,,,,,,,,,,,,,,,,,,,,
,,,,,,,,,,,,,,,,,,,,,,,,,
,,,,,,,,,,,,,,,,,,,,,,,,,
,,,,,,,,,,,,,,,,,,,,,,,,,
,,,,,,,,,,,,,,,,,,,,,,,,,
,,,,,,,,,,,,,,,,,,,,,,,,,
,,,,,,,,,,,,,,,,,,,,,,,,,
,,,,,,,,,,,,,,,,,,,,,,,,,
,,,,,,,,,,,,,,,,,,,,,,,,,
,,,,,,,,,,,,,,,,,,,,,,,,,
,,,,,,,,,,,,,,,,,,,,,,,,,
,,,,,,,,,,,,,,,,,,,,,,,,,
,,,,,,,,,,,,,,,,,,,,,,,,,
,,,,,,,,,,,,,,,,,,,,,,,,,
,,,,,,,,,,,,,,,,,,,,,,,,,
,,,,,,,,,,,,,,,,,,,,,,,,,
,,,,,,,,,,,,,,,,,,,,,,,,,
,,,,,,,,,,,,,,,,,,,,,,,,,
,,,,,,,,,,,,,,,,,,,,,,,,,
,,,,,,,,,,,,,,,,,,,,,,,,,
,,,,,,,,,,,,,,,,,,,,,,,,,
,,,,,,,,,,,,,,,,,,,,,,,,,
,,,,,,,,,,,,,,,,,,,,,,,,,